[30Aug2026 18:37:32.688] [main/INFO] [cpw.mods.modlauncher.Launcher/MODLAUNCHER]: ModLauncher running: args [--launchTarget, forgeserver, --fml.forgeVersion, 47.4.10, --fml.mcVersion, 1.20.1, --fml.forgeGroup, net.minecraftforge, --fml.mcpVersion, 20230612.114412, nogui]
[30Aug2026 18:37:32.695] [main/INFO] [cpw.mods.modlauncher.Launcher/MODLAUNCHER]: ModLauncher 10.0.9+10.0.9+main.dcd20f30 starting: java version 17.0.19 by Ubuntu; OS Linux arch amd64 version 6.8.0-1052-azure
[30Aug2026 18:37:49.828] [main/INFO] [net.minecraftforge.fml.loading.ImmediateWindowHandler/]: ImmediateWindowProvider not loading because launch target is forgeserver
[30Aug2026 18:37:49.896] [main/INFO] [mixin-transmog/]: Mixin Transmogrifier is definitely up to no good...
[30Aug2026 18:37:49.970] [main/INFO] [mixin-transmog/]: crimes against java were committed
[30Aug2026 18:37:50.038] [main/INFO] [mixin-booster/]: Disabling Mixin Booster in favor of Connector
[30Aug2026 18:37:50.053] [main/INFO] [mixin-transmog/]: Original mixin transformation service successfully crobbed by mixin-transmogrifier!
[30Aug2026 18:37:50.142] [main/INFO] [mixin/]: SpongePowered MIXIN Subsystem Version=0.8.5 Source=union:/workspaces/RETRIEVAL-WATERCLIP/servidor_minecraft/mods/Connector-1.0.0-beta.49+1.20.1.jar%23335%23342!/ Service=ModLauncher Env=SERVER
[30Aug2026 18:37:50.580] [main/INFO] [AutoModpack/]: Prelaunching AutoModpack...
[30Aug2026 18:37:51.170] [main/INFO] [AutoModpack/]: Loaded config! took 100ms
[30Aug2026 18:37:51.175] [main/INFO] [AutoModpack/]: AutoModpack self-updater is disabled in server config.
[30Aug2026 18:37:51.180] [main/INFO] [AutoModpack/]: AutoModpack prelaunched! took 721ms
[30Aug2026 18:37:52.331] [main/WARN] [net.minecraftforge.fml.loading.moddiscovery.ModFileParser/LOADING]: Mod file /workspaces/RETRIEVAL-WATERCLIP/servidor_minecraft/libraries/net/minecraftforge/fmlcore/1.20.1-47.4.10/fmlcore-1.20.1-47.4.10.jar is missing mods.toml file
[30Aug2026 18:37:52.333] [main/WARN] [net.minecraftforge.fml.loading.moddiscovery.ModFileParser/LOADING]: Mod file /workspaces/RETRIEVAL-WATERCLIP/servidor_minecraft/libraries/net/minecraftforge/javafmllanguage/1.20.1-47.4.10/javafmllanguage-1.20.1-47.4.10.jar is missing mods.toml file
[30Aug2026 18:37:52.336] [main/WARN] [net.minecraftforge.fml.loading.moddiscovery.ModFileParser/LOADING]: Mod file /workspaces/RETRIEVAL-WATERCLIP/servidor_minecraft/libraries/net/minecraftforge/lowcodelanguage/1.20.1-47.4.10/lowcodelanguage-1.20.1-47.4.10.jar is missing mods.toml file
[30Aug2026 18:37:52.337] [main/WARN] [net.minecraftforge.fml.loading.moddiscovery.ModFileParser/LOADING]: Mod file /workspaces/RETRIEVAL-WATERCLIP/servidor_minecraft/libraries/net/minecraftforge/mclanguage/1.20.1-47.4.10/mclanguage-1.20.1-47.4.10.jar is missing mods.toml file
[30Aug2026 18:37:56.112] [main/WARN] [net.minecraftforge.jarjar.selection.JarSelector/]: Attempted to select two dependency jars from JarJar which have the same identification: Mod File:  and Mod File: . Using Mod File: 
[30Aug2026 18:37:56.116] [main/WARN] [net.minecraftforge.jarjar.selection.JarSelector/]: Attempted to select a dependency jar for JarJar which was passed in as source: invincible. Using Mod File: /workspaces/RETRIEVAL-WATERCLIP/servidor_minecraft/mods/epic-fight-invincible-lib-20.14.8.2-mc1.20.1-forge.jar
[30Aug2026 18:37:56.117] [main/WARN] [net.minecraftforge.jarjar.selection.JarSelector/]: Attempted to select a dependency jar for JarJar which was passed in as source: geckolib. Using Mod File: /workspaces/RETRIEVAL-WATERCLIP/servidor_minecraft/mods/geckolib-forge-1.20.1-4.8.4.jar
[30Aug2026 18:37:56.117] [main/INFO] [net.minecraftforge.fml.loading.moddiscovery.JarInJarDependencyLocator/]: Found 97 dependencies adding them to mods collection
[30Aug2026 18:37:58.140] [main/INFO] [org.sinytra.connector.locator.DependencyResolver/]: Dependency resolution found 0 candidates to load
[30Aug2026 18:38:01.559] [main/INFO] [org.sinytra.connector.service.hacks.ModuleLayerMigrator/]: Successfully made module authlib transformable
[30Aug2026 18:38:12.758] [main/INFO] [mixin/]: Compatibility level set to JAVA_17
[30Aug2026 18:38:15.173] [main/INFO] [mixin/]: Successfully loaded Mixin Connector [ca.spottedleaf.starlight.mixin.MixinConnector]
[30Aug2026 18:38:15.179] [main/INFO] [mixin/]: Successfully loaded Mixin Connector [com.sonicether.soundphysics.MixinConnector]
[30Aug2026 18:38:15.246] [main/INFO] [cpw.mods.modlauncher.LaunchServiceHandler/MODLAUNCHER]: Launching target 'forgeserver' with arguments [nogui]
[30Aug2026 18:38:15.885] [main/INFO] [ModernFix/]: Loaded configuration file for ModernFix 5.27.77+mc1.20.1: 110 options available, 0 override(s) found
[30Aug2026 18:38:15.886] [main/INFO] [ModernFix/]: Applying Nashorn fix
[30Aug2026 18:38:15.926] [main/INFO] [ModernFix/]: Applied Forge config corruption patch
[30Aug2026 18:38:16.122] [main/WARN] [mixin/]: Reference map 'yungsextras.refmap.json' for yungsextras.mixins.json could not be read. If this is a development environment you can ignore this message
[30Aug2026 18:38:16.130] [main/WARN] [mixin/]: Reference map 'yungsextras.refmap.json' for yungsextras_forge.mixins.json could not be read. If this is a development environment you can ignore this message
[30Aug2026 18:38:16.381] [main/WARN] [mixin/]: Reference map 'puzzlesaccessapi.common.refmap.json' for puzzlesaccessapi.common.mixins.json could not be read. If this is a development environment you can ignore this message
[30Aug2026 18:38:16.709] [main/INFO] [Canary/]: Loaded configuration file for Canary: 116 options available, 0 override(s) found
[30Aug2026 18:38:16.850] [main/INFO] [Puzzles Lib/]: Loading 305 mods:
	- ad_astra 1.15.20
	- ad_astra_more_structures 1.0.2
	- aiimprovements 0.5.2
	- alexsmobs 1.22.9
	- alignment 1.0.8
	- appleskin 2.5.1+mc1.20.1
	- aquamirae 6.4.0
	- architectury 9.2.14
	- areaeffectcloud3d 1.0.4
	- artifacts 9.5.19
		\-- expandability 9.0.4
	- automodpack_mod 4.0.6
	- awesomedungeonocean 3.3.0
	- backported_wolves 1.20.x+2.0.0
	- baguettelib 2.0.5
	- balm 7.3.42
		\-- kuma_api 20.1.12
	- better_sword_trims 1.0.0
	- bettercaves 1.20.1-Forge-2.0.6
	- betterdeserttemples 1.20-Forge-3.0.3
	- betterdungeons 1.20-Forge-4.0.4
	- betterendcities 1.0.0-1.20.1
	- betterendisland 1.20-Forge-2.0.6
	- betterfortresses 1.20-Forge-2.0.6
	- betterjungletemples 1.20-Forge-2.0.5
	- bettermineshafts 1.20-Forge-4.0.4
	- betteroceanmonuments 1.20-Forge-3.0.4
	- betterstrongholds 1.20-Forge-4.0.3
	- bettervillage 3.3.1
	- betterwitchhuts 1.20-Forge-3.0.3
	- bookshelf 20.2.15
	- bosses_of_mass_destruction 1.1.1
	- bossominium 18.6
	- botarium 2.3.4
	- brutalbosses 1.20.1-8.5
	- bygonenether 1.3.2
	- caelus 3.2.0+1.20.1
	- canary 0.3.3
	- cataclysm 3.31
	- cataclysmfortresses 1.20.1
	- cdmoveset 2.0
	- cerbons_api 1.0.0
	- chatbetter 0.2-beta
	- chunky 1.3.146
	- cinematiccataclysm 1.0.1
	- citadel 2.6.3
	- cloth_config 11.1.136
	- clumps 12.0.0.4
	- connectivity 1.20.1-7.6
	- connectorextras 1.11.2+1.20.1
		|-- amecsapi 1.5.3+mc1.20-pre1
		|-- connectorextras_architectury_bridge 1.11.2+1.20.1
		|-- connectorextras_emi_bridge 1.11.2+1.20.1
		|-- connectorextras_energy_bridge 1.11.2+1.20.1
		|-- connectorextras_geckolib_fabric_compat 1.11.2+1.20.1
		|-- connectorextras_jei_bridge 1.11.2+1.20.1
		|-- connectorextras_kubejs_bridge 1.11.2+1.20.1
		|-- connectorextras_modmenu_bridge 1.11.2+1.20.1
			\-- modmenu 7.2.2
		|-- connectorextras_pehkui_bridge 1.11.2+1.20.1
		|-- connectorextras_rei_bridge 1.11.2+1.20.1
		|-- connectorextras_terrablender_bridge 1.11.2+1.20.1
		|-- forgeconfigapiport 8.0.0
		\-- reach_entity_attributes 2.4.0
	- connectormod 1.0.0-beta.49+1.20.1
	- coroutil 1.20.1-1.3.7
	- create 6.0.8
		\-- flywheel 1.0.5
	- create_pillagers_arise 132.34
	- cristellib 1.1.6
	- cupboard 1.20.1-4.1
	- curios 5.14.1+1.20.1
	- customglint 1.4.0
		\-- customglint_api 1.4.0
	- darkdoppelganger 9.9.0-1.20.1
	- deltaboxlib 2.2.0
	- dodge_parry_reward 20.14.3
	- doespotatotick 1.20.1-5.6.3
	- dried_ghast 1.0.0
	- dualaxes 20.10.1
	- dualgreatswords 20.14.1
	- duplicationless 1.20.1-1.2.1
	- easyanvils 8.0.2
	- ec_aquamirae_plugin 1.0.1
	- ec_create_plugin 1.1.2
	- ec_isasb_plugin 1.0.1
	- echoes_of_the_nether_structures 1.00.1
	- eeeabsmobs 1.20.1-0.98.1
	- eeeabsmobs_bossbars 1.0.1
	- efiscompat 2.6.0
	- efn 3.4.1
		|-- epicarclib 1.0.0
		\-- vix 1.0.9
	- elysium_api 1.1.3
	- enchantedcharms 0.1.1.0
	- enchdesc 17.1.21
	- enhanced_enchanting 1.3.2.1
	- epic_fight_avalon 20.12.6.4
	- epicfight 20.14.17
	- epicfight_cataclysm 1.0.0
	- epicfight_edp 2.4.8.1
	- epicfight_leonidas 1.0.1
	- epicfightx 1.2.1
	- expanded_combat 3.2.7
	- explorerscompass 1.20.1-1.4.0-forge
	- explorify 1.6.5
	- ezvcsurvival 2.0.1
	- fabric_api 0.92.6+1.11.15+1.20.1
		|-- fabric_api_base 0.4.32+ef105b4977
		|-- fabric_api_lookup_api_v1 1.6.37+67f9824077
		|-- fabric_biome_api_v1 13.0.14+dc36698e77
		|-- fabric_block_api_v1 1.0.12+0e6cb7f777
		|-- fabric_block_view_api_v2 1.0.3+53347ba977
		|-- fabric_blockrenderlayer_v1 1.1.42+1d0da21e77
		|-- fabric_client_tags_api_v1 1.1.3+5d6761b877
		|-- fabric_command_api_v1 1.2.35+f71b366f77
		|-- fabric_command_api_v2 2.2.14+561530ec77
		|-- fabric_content_registries_v0 4.0.13+a670df1e77
		|-- fabric_convention_tags_v1 1.5.6+fa3d1c0177
		|-- fabric_data_attachment_api_v1 1.0.2+30ef839e77
		|-- fabric_data_generation_api_v1 12.3.7+369cb3a477
		|-- fabric_dimensions_v1 2.1.55+8005d10d77
		|-- fabric_entity_events_v1 1.6.1+4ca7515277
		|-- fabric_events_interaction_v0 0.6.5+0f26153f77
		|-- fabric_game_rule_api_v1 1.0.41+683d4da877
		|-- fabric_item_api_v1 2.1.29+4d0bbcfa77
		|-- fabric_item_group_api_v1 4.0.14+c9161c2d77
		|-- fabric_key_binding_api_v1 1.0.38+561530ec77
		|-- fabric_lifecycle_events_v1 2.2.23+afab492177
		|-- fabric_loot_api_v2 1.2.3+eb28f93e77
		|-- fabric_message_api_v1 5.1.10+52cc178c77
		|-- fabric_mining_level_api_v1 2.1.52+561530ec77
		|-- fabric_model_loading_api_v1 1.0.4+6274ab9d77
		|-- fabric_models_v0 0.4.3+7c3892a477
		|-- fabric_networking_api_v1 1.3.14+fb7c822677
		|-- fabric_object_builder_api_v1 11.1.5+f8c414ce77
		|-- fabric_particles_v1 1.1.3+78e1ecb877
		|-- fabric_recipe_api_v1 1.0.24+514a076577
		|-- fabric_registry_sync_v0 2.3.6+1c0ea72177
		|-- fabric_renderer_api_v1 3.2.2+cf68abbe77
		|-- fabric_renderer_indigo 1.5.3+b5b2da4177
		|-- fabric_rendering_data_attachment_v1 0.3.39+a6081afc77
		|-- fabric_rendering_fluids_v1 3.0.29+4ac5e37a77
		|-- fabric_rendering_v1 3.0.9+66e9a48f77
		|-- fabric_resource_conditions_api_v1 2.3.9+996d00b277
		|-- fabric_resource_loader_v0 0.11.12+4b4151c077
		|-- fabric_screen_api_v1 2.0.9+45a670a577
		|-- fabric_screen_handler_api_v1 1.3.33+561530ec77
		|-- fabric_sound_api_v1 1.0.14+4f23bd8477
		|-- fabric_transfer_api_v1 3.3.6+25eff73b77
		\-- fabric_transitive_access_wideners_v1 4.3.2+1880499877
	- fdlib 1.0.9
	- ferritecore 6.0.1
	- forge 47.4.10
	- formations 1.0.4
	- formationsnether 1.0.5
	- frozone 1.0.0
	- fzzy_config 0.7.6+1.20.1+forge
	- geckolib 4.8.4
	- glitchcore 0.0.1.1
	- gravestone 1.20.1-1.0.35
	- gravestonecurioscompat 3.0.0
	- hopour 1.1.4
	- hs_bosses 1.0.0
	- illager_war_trireme 1.0.1
	- illagerwarship 1.0.1
	- improvedmobs 1.20.1-1.13.7
	- imst_n 1.1.0
	- incendium 5.3.5
	- infinity_cave 0.4
	- insanelib 1.23.4.6
	- invincible 20.14.8.2
	- iron_apples 1.0.0
	- ironcarrots 1.0.0
	- ironcore 1.0.0
	- irons_lib 1.20.1-2.1.0
	- irons_restrictions 1.20.1-1.4.0
	- irons_spellbooks 1.20.1-3.16.3
	- iss_ponder 1.0.3
		\-- ponder 1.0.92
	- item_split_bug_fix 1.20.1-1.4
	- jei 15.20.0.112
	- kleiders_custom_renderer 7.4.0
	- kotlinforforge 4.12.0
	- ksyxis 1.4.3
	- legendary_monsters 1.20.1
	- legendary_spellbooks 0.4.1
	- lexiconfig 1.4.21-epic
	- libraryferret 4.0.0
	- lionfishapi 3.0
	- lootintegrations 1.20.1-4.7
	- lootintegrations_bygonepillage 1
	- lootintegrations_cataclysm 1
	- lootintegrations_formations 1
	- lootintegrations_hopo 1
	- lootintegrations_medievalbuildings 1
	- lootintegrations_moog 1
	- lootintegrations_undergroundvillages 1.1
	- lootintegrations_vanilla 1
	- lootintegrations_yungs 1
	- lootr 0.7.35.94
	- lost_ocean_colosseum_runes 1.0.0
	- lost_ocean_whale 1.0.0
	- medieval_buildings 1.1.3
	- medieval_nether 1.0.2
	- medievalend 1.0.1
	- mes 2.0.3
	- mimic 1.0.7
	- minecraft 1.20.1
	- mmenchants 1.1.0
	- mmv 2.1.1
	- mns 3.0.0
	- modernfix 5.27.77+mc1.20.1
	- monolib 4.1.0
	- moogs_structures 3.1.2
	- moonlight 1.20-2.16.34
		\-- mixinsquared 0.1.1
	- more_bows_and_arrows 5.0.1
	- moremobvariants 1.3.0.1
	- morevanillashields 1.1.5-1.20.1
	- mos 1.0.0
	- mowzie_respawner 1.1.0
	- mowzies_cataclysm 1.2.1
	- mowziesmobs 1.8.2
	- mr_limesplatus_ending 1-v1.1.0c
	- mru 1.0.4+1.20.1+forge
	- mss 2.1.0
	- multiplayerbosses 1.1.3
	- netherite_shulkers 2.0.0
	- ntrials 2.0.0-HOTFIX
	- obscure_api 18
	- octolib 0.5.0.1
	- origins 1.20.1-1.10.0.9
		|-- additionalentityattributes 1.4.0.5+1.20.1
		|-- apoli 1.20.1-2.9.0.8
		\-- calio 1.20.1-1.11.0.5
	- origins_classes 1.2.1
	- packetfixer 3.3.2
	- palegardenbackport 2.0.3
	- perf_tweaks 1.4.0
	- pickupnotifier 8.0.0
	- pingtomapxaeros 1.1.0
	- pingy 1.0.0
	- placebo 8.6.3
	- playeranimator 1.0.2-rc1+1.20
	- polymorph 0.49.10+1.20.1
		\-- spectrelib 0.13.17+1.20.1
	- potionring 1.20.1-2.1
	- progressivebosses 4.3.12
	- puzzleslib 8.1.33
		\-- puzzlesaccessapi 20.1.1
	- realseasons 1.20.1-1.2.3
	- resourcefulconfig 2.1.3
	- resourcefullib 2.1.29
	- roomfortwo 0.2.0
	- s_epicfied_core 1.4-1.20.1
	- seaeater 2.0.0+mc1.20.1
	- sereneseasons 9.1.0.3
	- simplyswords 1.70.2-1.20.1
	- simplyswords_epicfied_2 2.9ch2-1.20.1
	- simplytooltips 0.1.5-1.20.1
	- sl_library 1.6.1
		\-- sl_data_driven 1.6.1
	- slm_codex 1.4
	- slm_epicfight 1.3.1
	- slm_shaders 2.2.2
	- smoothchunk 1.20.1-4.1
	- sound_physics_remastered 1.20.1-1.5.1
	- starlight 1.1.2+forge.1cda73c
	- stronger_structures 1.0.0
	- structureessentials 1.20.1-5.0
	- super_golem 20.12.2
	- super_warden 20.13.0
	- t_and_t 0.0NONE
	- teamwaystones 1.0.1
	- tenshilib 1.20.1-1.7.6
	- terrablender 3.0.1.10
	- toughasnails 9.2.0.171
	- travelersbackpack 9.1.56
	- trials 2.3.4
	- underground_bunkers 1.0.5
	- underground_rooms 2.3.0-1.20.1
	- underground_village 1.5.7
	- undermod 0.2.1
	- underwater_village 1.0.2
	- upgradedcore 1.20.1-5.0.0.2-release
	- upgradedtotems 1.20.1-1.0.0.1-release
	- vibrativevoice 1.2.0
	- voicechat 1.20.1-2.6.22
		\-- voicechat_api 2.6.20
	- voicespells 0.10.1
	- w2w2 1.1
	- watut 1.20.1-1.2.3
	- waystone_towers 1.0.9
	- waystones 14.1.20
	- weaponthrow 1.20.1-6.0-beta.1
	- wind_spellbooks 1.0.3
	- wizardshelp 1.2.1
	- wom 2.0.171
	- worldofbosses 1.0.0
	- wraithon 1.1.11
	- xaerominimap 26.4.2
		\-- xaerolib 1.7.1
	- xaeroworldmap 1.45.0
	- yet_another_config_lib_v3 3.6.6+1.20.1-forge
	- yungsapi 1.20-Forge-4.0.6
	- yungsbridges 1.20-Forge-4.0.3
	- yungsextras 1.20-Forge-4.0.3
[30Aug2026 18:38:17.184] [main/WARN] [mixin/]: Reference map 'cristellib-forge-refmap.json' for cristellib.mixins.json could not be read. If this is a development environment you can ignore this message
[30Aug2026 18:38:17.247] [main/WARN] [mixin/]: Reference map 'epigfight_leonidas.refmap.json' for epicfight_leonidas.mixins.json could not be read. If this is a development environment you can ignore this message
[30Aug2026 18:38:17.290] [main/WARN] [mixin/]: Reference map 'mimic.refmap.json' for mimic.mixins.json could not be read. If this is a development environment you can ignore this message
[30Aug2026 18:38:17.332] [main/WARN] [mixin/]: Reference map 'corpsecurioscompat.refmap.json' for gravestonecurioscompat.mixins.json could not be read. If this is a development environment you can ignore this message
[30Aug2026 18:38:17.358] [main/WARN] [mixin/]: Reference map 'mixins.dried_ghast.refmap.json' for mixins.dried_ghast.json could not be read. If this is a development environment you can ignore this message
[30Aug2026 18:38:17.443] [main/WARN] [mixin/]: Reference map 'underground_village.refmap.json' for underground_village.mixins.json could not be read. If this is a development environment you can ignore this message
[30Aug2026 18:38:17.677] [main/WARN] [mixin/]: Reference map 'mixins.kleiders_custom_renderer.refmap.json' for mixins.kleiders_custom_renderer.json could not be read. If this is a development environment you can ignore this message
[30Aug2026 18:38:18.180] [main/WARN] [mixin/]: Reference map 'coroutil.refmap.json' for coroutil.mixins.json could not be read. If this is a development environment you can ignore this message
[30Aug2026 18:38:18.456] [main/INFO] [dev.tonimatas.packetfixer.mixins.v1_19_4_forge.MixinPlugin/]: Packet Fixer forge 1.19.4-1.20.1 has been applied successfully.
[30Aug2026 18:38:18.573] [main/WARN] [mixin/]: Reference map 'epicfight_animation.refmap.json' for epicfightx.mixins.json could not be read. If this is a development environment you can ignore this message
[30Aug2026 18:38:18.593] [main/WARN] [mixin/]: Reference map 'super_golem.mixin-refmap.json' for super_golem.mixins.json could not be read. If this is a development environment you can ignore this message
[30Aug2026 18:38:18.608] [main/WARN] [mixin/]: Reference map 'super_warden.mixin-refmap.json' for super_warden.mixins.json could not be read. If this is a development environment you can ignore this message
[30Aug2026 18:38:18.691] [main/WARN] [mixin/]: Reference map '' for adapter.init.mixins.json could not be read. If this is a development environment you can ignore this message
[30Aug2026 18:38:20.154] [main/INFO] [net.minecraftforge.coremod.CoreMod.placebo/COREMODLOG]: Patching IForgeItemStack#getEnchantmentLevel
[30Aug2026 18:38:20.173] [main/INFO] [net.minecraftforge.coremod.CoreMod.placebo/COREMODLOG]: Patching IForgeItemStack#getEnchantmentLevel
[30Aug2026 18:38:21.460] [main/ERROR] [net.minecraftforge.fml.loading.RuntimeDistCleaner/DISTXFORM]: Attempted to load class net/minecraft/client/MouseHandler for invalid dist DEDICATED_SERVER
[30Aug2026 18:38:21.461] [main/WARN] [mixin/]: Error loading class: net/minecraft/client/MouseHandler (java.lang.RuntimeException: Attempted to load class net/minecraft/client/MouseHandler for invalid dist DEDICATED_SERVER)
[30Aug2026 18:38:21.462] [main/WARN] [mixin/]: @Mixin target net.minecraft.client.MouseHandler was not found fabric-screen-api-v1.mixins.json:MouseMixin from mod fabric_screen_api_v1
[30Aug2026 18:38:21.466] [main/ERROR] [net.minecraftforge.fml.loading.RuntimeDistCleaner/DISTXFORM]: Attempted to load class net/minecraft/client/gui/screens/Screen for invalid dist DEDICATED_SERVER
[30Aug2026 18:38:21.469] [main/WARN] [mixin/]: Error loading class: net/minecraft/client/gui/screens/Screen (java.lang.RuntimeException: Attempted to load class net/minecraft/client/gui/screens/Screen for invalid dist DEDICATED_SERVER)
[30Aug2026 18:38:21.469] [main/WARN] [mixin/]: @Mixin target net.minecraft.client.gui.screens.Screen was not found fabric-screen-api-v1.mixins.json:ScreenAccessor from mod fabric_screen_api_v1
[30Aug2026 18:38:21.908] [main/WARN] [mixin/]: Error loading class: net/minecraft/client/player/KeyboardInput (java.lang.ClassNotFoundException: net.minecraft.client.player.KeyboardInput)
[30Aug2026 18:38:21.909] [main/WARN] [mixin/]: @Mixin target net.minecraft.client.player.KeyboardInput was not found fdlib.mixins.json:KeyboardInputMixin from mod fdlib
[30Aug2026 18:38:23.271] [main/INFO] [com.cupboard.Cupboard/]: Loaded config for: structureessentials.json
[30Aug2026 18:38:23.423] [main/WARN] [mixin/]: Error loading class: dev/shadowsoffire/apotheosis/ench/table/ApothEnchantmentMenu (java.lang.ClassNotFoundException: dev.shadowsoffire.apotheosis.ench.table.ApothEnchantmentMenu)
[30Aug2026 18:38:23.424] [main/WARN] [mixin/]: @Mixin target dev.shadowsoffire.apotheosis.ench.table.ApothEnchantmentMenu was not found origins_classes.mixins.json:common.apotheosis.ApotheosisEnchantmentMenuMixin from mod origins_classes
[30Aug2026 18:38:23.428] [main/WARN] [mixin/]: Error loading class: vectorwing/farmersdelight/common/block/entity/container/CookingPotResultSlot (java.lang.ClassNotFoundException: vectorwing.farmersdelight.common.block.entity.container.CookingPotResultSlot)
[30Aug2026 18:38:23.429] [main/WARN] [mixin/]: @Mixin target vectorwing.farmersdelight.common.block.entity.container.CookingPotResultSlot was not found origins_classes.mixins.json:common.farmersdelight.CookingPotResultSlotMixin from mod origins_classes
[30Aug2026 18:38:23.438] [main/WARN] [mixin/]: Error loading class: vectorwing/farmersdelight/common/item/SkilletItem (java.lang.ClassNotFoundException: vectorwing.farmersdelight.common.item.SkilletItem)
[30Aug2026 18:38:23.438] [main/WARN] [mixin/]: @Mixin target vectorwing.farmersdelight.common.item.SkilletItem was not found origins_classes.mixins.json:common.farmersdelight.SkilletItemMixin from mod origins_classes
[30Aug2026 18:38:23.463] [main/WARN] [mixin/]: Error loading class: se/mickelus/tetra/blocks/workbench/WorkbenchTile (java.lang.ClassNotFoundException: se.mickelus.tetra.blocks.workbench.WorkbenchTile)
[30Aug2026 18:38:23.463] [main/WARN] [mixin/]: @Mixin target se.mickelus.tetra.blocks.workbench.WorkbenchTile was not found origins_classes.mixins.json:common.tetra.WorkbenchTileMixin from mod origins_classes
[30Aug2026 18:38:24.302] [main/WARN] [mixin/]: Error loading class: net/bettercombat/network/ServerNetwork (java.lang.ClassNotFoundException: net.bettercombat.network.ServerNetwork)
[30Aug2026 18:38:24.394] [main/WARN] [mixin/]: Error loading class: com/github/alexthe666/iceandfire/entity/EntityHippogryph (java.lang.ClassNotFoundException: com.github.alexthe666.iceandfire.entity.EntityHippogryph)
[30Aug2026 18:38:24.403] [main/WARN] [mixin/]: Error loading class: com/github/alexthe666/iceandfire/entity/EntityHippocampus (java.lang.ClassNotFoundException: com.github.alexthe666.iceandfire.entity.EntityHippocampus)
[30Aug2026 18:38:24.426] [main/ERROR] [net.minecraftforge.fml.loading.RuntimeDistCleaner/DISTXFORM]: Attempted to load class net/minecraft/client/Camera for invalid dist DEDICATED_SERVER
[30Aug2026 18:38:24.430] [main/WARN] [mixin/]: Error loading class: net/minecraft/client/Camera (java.lang.RuntimeException: Attempted to load class net/minecraft/client/Camera for invalid dist DEDICATED_SERVER)
[30Aug2026 18:38:24.430] [main/WARN] [mixin/]: @Mixin target net.minecraft.client.Camera was not found legendary_monsters.mixins.json:CameraInvoker from mod legendary_monsters
[30Aug2026 18:38:24.448] [main/INFO] [net.minecraftforge.coremod.CoreMod.placebo/COREMODLOG]: Patching IForgeItemStack#getEnchantmentLevel
[30Aug2026 18:38:24.453] [main/INFO] [net.minecraftforge.coremod.CoreMod.placebo/COREMODLOG]: Patching IForgeItemStack#getEnchantmentLevel
[30Aug2026 18:38:24.484] [main/ERROR] [net.minecraftforge.fml.loading.RuntimeDistCleaner/DISTXFORM]: Attempted to load class net/minecraft/client/player/LocalPlayer for invalid dist DEDICATED_SERVER
[30Aug2026 18:38:24.485] [main/WARN] [mixin/]: Error loading class: net/minecraft/client/player/LocalPlayer (java.lang.RuntimeException: Attempted to load class net/minecraft/client/player/LocalPlayer for invalid dist DEDICATED_SERVER)
[30Aug2026 18:38:24.485] [main/WARN] [mixin/]: @Mixin target net.minecraft.client.player.LocalPlayer was not found legendary_spellbooks.mixins.json:LocalPlayerMixin from mod legendary_spellbooks
[30Aug2026 18:38:24.562] [main/ERROR] [net.minecraftforge.fml.loading.RuntimeDistCleaner/DISTXFORM]: Attempted to load class io/redspace/ironsspellbooks/gui/EldritchResearchScreen for invalid dist DEDICATED_SERVER
[30Aug2026 18:38:24.563] [main/WARN] [mixin/]: Error loading class: io/redspace/ironsspellbooks/gui/EldritchResearchScreen (java.lang.RuntimeException: Attempted to load class io/redspace/ironsspellbooks/gui/EldritchResearchScreen for invalid dist DEDICATED_SERVER)
[30Aug2026 18:38:24.563] [main/WARN] [mixin/]: @Mixin target io.redspace.ironsspellbooks.gui.EldritchResearchScreen was not found irons_restrictions.mixins.json:EldritchResearchScreenMixin from mod irons_restrictions
[30Aug2026 18:38:24.743] [main/INFO] [STDOUT/]: [com.hm.efn.mixinloader.CompatInfos:shouldMixin:86]: [EFN Mixin Loader]Apply Default Mixin: com.hm.efn.mixin.ActionAnimationMixin.class -> yesman.epicfight.api.animation.types.ActionAnimation.class
[30Aug2026 18:38:24.746] [main/INFO] [STDOUT/]: [com.hm.efn.mixinloader.CompatInfos:shouldMixin:86]: [EFN Mixin Loader]Apply Default Mixin: com.hm.efn.mixin.AnimationPlayerMixin.class -> yesman.epicfight.api.animation.AnimationPlayer.class
[30Aug2026 18:38:24.749] [main/INFO] [STDOUT/]: [com.hm.efn.mixinloader.CompatInfos:shouldMixin:86]: [EFN Mixin Loader]Apply Default Mixin: com.hm.efn.mixin.ArmaturesAccessor.class -> yesman.epicfight.gameasset.Armatures.class
[30Aug2026 18:38:24.749] [main/INFO] [STDOUT/]: [com.hm.efn.mixinloader.CompatInfos:shouldMixin:86]: [EFN Mixin Loader]Apply Default Mixin: com.hm.efn.mixin.GuardSkillMixin.class -> yesman.epicfight.skill.guard.GuardSkill.class
[30Aug2026 18:38:24.750] [main/INFO] [STDOUT/]: [com.hm.efn.mixinloader.CompatInfos:shouldMixin:86]: [EFN Mixin Loader]Apply Default Mixin: com.hm.efn.mixin.MixinEpicFightCameraAPI.class -> yesman.epicfight.api.client.camera.EpicFightCameraAPI.class
[30Aug2026 18:38:24.754] [main/INFO] [STDOUT/]: [com.hm.efn.mixinloader.CompatInfos:shouldMixin:86]: [EFN Mixin Loader]Apply Default Mixin: com.hm.efn.mixin.MixinInputManager.class -> com.p1nero.invincible.client.InputManager.class
[30Aug2026 18:38:24.755] [main/INFO] [STDOUT/]: [com.hm.efn.mixinloader.CompatInfos:shouldMixin:86]: [EFN Mixin Loader]Apply Default Mixin: com.hm.efn.mixin.MixinMob.class -> net.minecraft.world.entity.Mob.class
[30Aug2026 18:38:24.757] [main/INFO] [STDOUT/]: [com.hm.efn.mixinloader.CompatInfos:shouldMixin:86]: [EFN Mixin Loader]Apply Default Mixin: com.hm.efn.mixin.MixinPatchedItemInHandLayer.class -> yesman.epicfight.client.renderer.patched.layer.PatchedItemInHandLayer.class
[30Aug2026 18:38:24.758] [main/INFO] [STDOUT/]: [com.hm.efn.mixinloader.CompatInfos:shouldMixin:86]: [EFN Mixin Loader]Apply Default Mixin: com.hm.efn.mixin.NearestAttackableTargetGoalMixin.class -> net.minecraft.world.entity.ai.goal.target.NearestAttackableTargetGoal.class
[30Aug2026 18:38:24.759] [main/INFO] [STDOUT/]: [com.hm.efn.mixinloader.CompatInfos:shouldMixin:86]: [EFN Mixin Loader]Apply Default Mixin: com.hm.efn.mixin.ServerPlayerPatchMixin.class -> yesman.epicfight.world.capabilities.entitypatch.player.ServerPlayerPatch.class
[30Aug2026 18:38:24.759] [main/INFO] [STDOUT/]: [com.hm.efn.mixinloader.CompatInfos:shouldMixin:86]: [EFN Mixin Loader]Apply Default Mixin: com.hm.efn.mixin.SkillMixin.class -> yesman.epicfight.skill.Skill.class
[30Aug2026 18:38:24.760] [main/INFO] [STDOUT/]: [com.hm.efn.mixinloader.CompatInfos:shouldMixin:86]: [EFN Mixin Loader]Apply Default Mixin: com.hm.efn.mixin.UtilMixin.class -> net.minecraft.Util.class
[30Aug2026 18:38:24.761] [main/INFO] [STDOUT/]: [com.hm.efn.mixinloader.CompatInfos:shouldMixin:81]: [EFN Mixin Loader]Apply Compat Mixin: com.hm.efn.mixin.compat.cataclysm.MixinIABossMonster.class -> com.github.L_Ender.cataclysm.entity.InternalAnimationMonster.IABossMonsters.IABoss_monster.class
[30Aug2026 18:38:24.763] [main/INFO] [STDOUT/]: [com.hm.efn.mixinloader.CompatInfos:shouldMixin:81]: [EFN Mixin Loader]Apply Compat Mixin: com.hm.efn.mixin.compat.cataclysm.MixinLLibraryBossMonster.class -> com.github.L_Ender.cataclysm.entity.AnimationMonster.BossMonsters.LLibrary_Boss_Monster.class
[30Aug2026 18:38:24.764] [main/INFO] [STDOUT/]: [com.hm.efn.mixinloader.CompatInfos:shouldMixin:81]: [EFN Mixin Loader]Apply Compat Mixin: com.hm.efn.mixin.compat.citadel.AnimationHandlerMixin.class -> com.github.alexthe666.citadel.animation.AnimationHandler.class
[30Aug2026 18:38:24.766] [main/INFO] [STDOUT/]: [com.hm.efn.mixinloader.CompatInfos:shouldMixin:81]: [EFN Mixin Loader]Apply Compat Mixin: com.hm.efn.mixin.compat.geckolib.AnimationProcessorMixin.class -> software.bernie.geckolib.core.animation.AnimationProcessor.class
[30Aug2026 18:38:24.769] [main/INFO] [STDOUT/]: [com.hm.efn.mixinloader.CompatInfos:shouldMixin:81]: [EFN Mixin Loader]Apply Compat Mixin: com.hm.efn.mixin.compat.lionfishapi.AnimationHandlerMixin.class -> com.github.L_Ender.lionfishapi.server.animation.AnimationHandler.class
[30Aug2026 18:38:26.045] [main/WARN] [mixin/]: Error loading class: com/mojang/blaze3d/platform/InputConstants$Key (java.lang.ClassNotFoundException: com.mojang.blaze3d.platform.InputConstants$Key)
[30Aug2026 18:38:26.152] [main/INFO] [MixinExtras|Service/]: Initializing MixinExtras via com.llamalad7.mixinextras.service.MixinExtrasServiceImpl(version=0.5.3).
[30Aug2026 18:38:27.401] [main/INFO] [net.minecraft.server.Bootstrap/]: ModernFix reached bootstrap stage (1.055 min after launch)
[30Aug2026 18:38:27.848] [main/WARN] [mixin/]: @Final field delegatesByName:Ljava/util/Map; in modernfix-modernfix.mixins.json:perf.forge_registry_alloc.ForgeRegistryMixin from mod modernfix should be final
[30Aug2026 18:38:27.849] [main/WARN] [mixin/]: @Final field delegatesByValue:Ljava/util/Map; in modernfix-modernfix.mixins.json:perf.forge_registry_alloc.ForgeRegistryMixin from mod modernfix should be final
[30Aug2026 18:38:29.583] [main/INFO] [ModernFix/]: Injecting BlockStateBase cache population hook into getNeighborPathNodeType from com.abdelaziz.canary.mixin.ai.pathing.BlockStateBaseMixin
[30Aug2026 18:38:29.585] [main/INFO] [ModernFix/]: Injecting BlockStateBase cache population hook into getPathNodeType from com.abdelaziz.canary.mixin.ai.pathing.BlockStateBaseMixin
[30Aug2026 18:38:29.585] [main/INFO] [ModernFix/]: Injecting BlockStateBase cache population hook into getOpacityIfCached from ca.spottedleaf.starlight.mixin.common.blockstate.BlockStateBaseMixin
[30Aug2026 18:38:29.585] [main/INFO] [ModernFix/]: Injecting BlockStateBase cache population hook into isConditionallyFullOpaque from ca.spottedleaf.starlight.mixin.common.blockstate.BlockStateBaseMixin
[30Aug2026 18:38:31.006] [main/INFO] [net.minecraft.server.Bootstrap/]: Vanilla bootstrap took 3584 milliseconds
[30Aug2026 18:38:31.147] [main/WARN] [mixin/]: @ModifyConstant conflict. Skipping connectivity.mixins.json:ClientBoundCustomPayloadPacketLMixin from mod connectivity->@ModifyConstant::modifyLimit(I)I with priority 1, already redirected by packetfixer.v1_19_4.forge.mixins.json:v1_19_4_forge.ClientboundCustomPayloadPacketMixin from mod packetfixer->@ModifyConstant::packetfixer$newSize(I)I with priority 1000
[30Aug2026 18:38:31.148] [main/WARN] [mixin/]: @ModifyConstant conflict. Skipping connectivity.mixins.json:ClientBoundCustomPayloadPacketLMixin from mod connectivity->@ModifyConstant::modifyLimit(I)I with priority 1, already redirected by packetfixer.v1_19_4.forge.mixins.json:v1_19_4_forge.ClientboundCustomPayloadPacketMixin from mod packetfixer->@ModifyConstant::packetfixer$newSize(I)I with priority 1000
[30Aug2026 18:38:32.861] [main/INFO] [mixin/]: Mixing MobTargetMixin from ezvcsurvival.mixins.json into net.minecraft.world.entity.Mob
[30Aug2026 18:38:32.910] [main/INFO] [mixin/]: Mixing MobEntityMixin from ezvcsurvival.mixins.json into net.minecraft.world.entity.Mob
[30Aug2026 18:38:33.194] [main/INFO] [net.minecraftforge.coremod.CoreMod.placebo/COREMODLOG]: Patching IForgeItemStack#getEnchantmentLevel
[30Aug2026 18:38:33.195] [main/INFO] [net.minecraftforge.coremod.CoreMod.placebo/COREMODLOG]: Patching IForgeItemStack#getEnchantmentLevel
[30Aug2026 18:38:33.301] [main/WARN] [mixin/]: @Final field f_31427_:[I in mixins.epicfight.json:common.MixinWitherBoss from mod epicfight should be final
[30Aug2026 18:38:33.301] [main/WARN] [mixin/]: @Final field f_31428_:[I in mixins.epicfight.json:common.MixinWitherBoss from mod epicfight should be final
[30Aug2026 18:38:35.638] [main/WARN] [net.minecraft.network.syncher.SynchedEntityData/]: defineId called for: class net.minecraft.world.entity.LivingEntity from class yesman.epicfight.world.capabilities.entitypatch.LivingEntityPatch
[30Aug2026 18:38:35.638] [main/WARN] [net.minecraft.network.syncher.SynchedEntityData/]: defineId called for: class net.minecraft.world.entity.LivingEntity from class yesman.epicfight.world.capabilities.entitypatch.LivingEntityPatch
[30Aug2026 18:38:35.638] [main/WARN] [net.minecraft.network.syncher.SynchedEntityData/]: defineId called for: class net.minecraft.world.entity.LivingEntity from class yesman.epicfight.world.capabilities.entitypatch.LivingEntityPatch
[30Aug2026 18:38:35.639] [main/WARN] [net.minecraft.network.syncher.SynchedEntityData/]: defineId called for: class net.minecraft.world.entity.LivingEntity from class yesman.epicfight.world.capabilities.entitypatch.LivingEntityPatch
[30Aug2026 18:38:36.151] [main/WARN] [mixin/]: @ModifyConstant conflict. Skipping packetfixer.v1_19_4.forge.mixins.json:v1_19_4_forge.ServerGamePacketListenerImplMixin from mod packetfixer->@ModifyConstant::packetfixer$tick(J)J with priority 1000, already redirected by connectivity.mixins.json:ServerPlayNetHandlerMixin from mod connectivity->@ModifyConstant::playTimeout(J)J with priority 1001
[30Aug2026 18:38:37.093] [main/INFO] [mixin/]: apoli.mixins.json:ItemSlotArgumentTypeAccessor from mod apoli->@Accessor[FIELD_GETTER]::getSlotNamesToSlotCommandId()Ljava/util/Map; should be static as its target is
[30Aug2026 18:38:37.982] [main/WARN] [mixin/]: Static binding violation: PRIVATE @Overwrite method m_47505_ in modernfix-modernfix.mixins.json:perf.remove_biome_temperature_cache.BiomeMixin from mod modernfix cannot reduce visibiliy of PUBLIC target method, visibility will be upgraded.
[30Aug2026 18:38:39.022] [modloading-worker-0/INFO] [Puzzles Lib/]: Constructing common components for easyanvils:main
[30Aug2026 18:38:39.049] [modloading-worker-0/INFO] [RoomForTwo/]: Initialising RoomForTwo
[30Aug2026 18:38:39.886] [modloading-worker-0/INFO] [io.github.apace100.apoli.Apoli/]: Apoli 1.20.1-2.9.0.8 has initialized. Ready to power up your game!
[30Aug2026 18:38:40.216] [modloading-worker-0/INFO] [Puzzles Lib/]: Constructing common components for pickupnotifier:main
[30Aug2026 18:38:40.446] [modloading-worker-0/INFO] [dev.su5ed.sinytra.connectorextras.terrablenderbridge.TerraBlenderBridge/]: Injecting TerraBlender API classes
[30Aug2026 18:38:40.616] [modloading-worker-0/INFO] [io.github.apace100.origins.Origins/]: Origins 1.20.1-1.10.0.9 is initializing. Have fun!
[30Aug2026 18:38:41.610] [modloading-worker-0/INFO] [com.jtorleonstudios.libraryferret.LibraryFerret/]: Initialize mod Library Ferret
[30Aug2026 18:38:41.635] [modloading-worker-0/INFO] [com.jtorleonstudios.libraryferret.LibraryFerret/]: Initialized mod Library Ferret
[30Aug2026 18:38:41.657] [modloading-worker-0/INFO] [STDOUT/]: [com.frfefefe.epicfightpatch.MyAnimationPatch:<init>:9]: Epic Fight Patch загружен!
[30Aug2026 18:38:41.779] [modloading-worker-0/INFO] [STDOUT/]: [com.tiviacz.travelersbackpack.TravelersBackpack:readOldCommonConfig:180]: curiosIntegration not found in the [common.backpackSettings] section.
[30Aug2026 18:38:42.899] [modloading-worker-0/INFO] [net.minecraftforge.common.ForgeMod/FORGEMOD]: Forge mod loading, version 47.4.10, for MC 1.20.1 with MCP 20230612.114412
[30Aug2026 18:38:42.900] [modloading-worker-0/INFO] [net.minecraftforge.common.MinecraftForge/FORGE]: MinecraftForge v47.4.10 Initialized
[30Aug2026 18:38:42.934] [modloading-worker-0/INFO] [createpillagersarise.CreatePillagersAriseMod/]: Loading Create: Pillagers Arise
[30Aug2026 18:38:42.963] [modloading-worker-0/INFO] [sleys.sl.datadriven.SLDataDrivenExtension/]: [Dependency Loader] Detected dependent mod: Simply Swords Epicfied Core 1.4 (SEpicfied-Core-1.4.jar)
[30Aug2026 18:38:42.966] [modloading-worker-0/INFO] [sleys.sl.datadriven.SLDataDrivenExtension/]: [Dependency Loader] Dependent scan completed... Dependents found, initializing security sequence...
[30Aug2026 18:38:43.054] [modloading-worker-0/WARN] [sleys.sl.library.SLLCore/]: [SL Library] Mod not present: shouldersurfing
[30Aug2026 18:38:43.181] [SL-HeavyAsync-1/INFO] [sleys.sl.datadriven.SLDataDrivenExtension/]: Integrity hashes computed. Global Hash: e86d25ca5259c7b19f31e5b541a1b25f12aa06c4d6eab87d14146470dbc8d7de
[30Aug2026 18:38:43.218] [modloading-worker-0/INFO] [Ksyxis/MOD_KSYXIS]: Ksyxis: Loading... (platform: forge, version: 1.4.3, manual: false)
[30Aug2026 18:38:43.222] [modloading-worker-0/INFO] [Ksyxis/MOD_KSYXIS]: Ksyxis: Ready to remove unneeded chunks. (mixinVersion: 0.8.5, time: 4 ms)
[30Aug2026 18:38:43.235] [modloading-worker-0/INFO] [Calio/]: Calio 1.20.1-1.11.0.5 initializing...
[30Aug2026 18:38:43.626] [modloading-worker-0/INFO] [xaero.common.HudMod/]: Registering common data for channel xaerominimap:main!
[30Aug2026 18:38:43.701] [modloading-worker-0/INFO] [xaero.common.HudMod/]: Loading primary common config for channel xaerominimap:main!
[30Aug2026 18:38:43.711] [modloading-worker-0/INFO] [xaero.common.HudMod/]: Loading server config profiles for channel xaerominimap:main!
[30Aug2026 18:38:43.766] [modloading-worker-0/INFO] [Lexiconfig/]: Beginning lexicon shelving!
[30Aug2026 18:38:43.783] [modloading-worker-0/INFO] [Lexiconfig/]: Shelved lexicon com.codinglitch.lexiconfig.LexiconfigConfig@61000cd2!
[30Aug2026 18:38:43.788] [modloading-worker-0/INFO] [Lexiconfig/]: Shelved lexicon com.codinglitch.vibrativevoice.VibrativeVoiceConfig@a8cf605!
[30Aug2026 18:38:43.858] [modloading-worker-0/INFO] [sleys.sl.library.SLLCore/]: [SLM: Codex] Running compatibility with epicfight [20.14.17]
[30Aug2026 18:38:43.859] [modloading-worker-0/INFO] [sleys.sl.library.SLLCore/]: [SLM: Codex] Running compatibility with curios [1.20.1]
[30Aug2026 18:38:44.015] [modloading-worker-0/INFO] [Puzzles Lib/]: Constructing common components for puzzleslib:main
[30Aug2026 18:38:44.367] [modloading-worker-0/INFO] [thedarkcolour.kotlinforforge.test.KotlinForForge/]: Kotlin For Forge Enabled!
[30Aug2026 18:38:44.915] [modloading-worker-0/INFO] [insane96mcp.insanelib.InsaneLib/]: Found (COMMON) InsaneLib Feature class insane96mcp.insanelib.module.base.FixesFeature
[30Aug2026 18:38:44.920] [modloading-worker-0/INFO] [insane96mcp.insanelib.InsaneLib/]: Found (COMMON) InsaneLib Feature class insane96mcp.insanelib.module.base.TagsFeature
[30Aug2026 18:38:44.941] [modloading-worker-0/INFO] [insane96mcp.insanelib.InsaneLib/]: Found (COMMON) InsaneLib Feature class insane96mcp.insanelib.module.base.TimeStopNoPlayerOnline
[30Aug2026 18:38:44.958] [modloading-worker-0/INFO] [insane96mcp.insanelib.InsaneLib/]: Found (COMMON) InsaneLib Feature class insane96mcp.insanelib.module.base.betterfallingblocks.BetterFallingBlocks
[30Aug2026 18:38:45.007] [modloading-worker-0/INFO] [DA.pingy.Pingy/]: [Pingy] Mod loaded — Dynamic entity tracking by latency
[30Aug2026 18:38:45.027] [modloading-worker-0/INFO] [xaero.map.WorldMap/]: Registering common data for channel xaeroworldmap:main!
[30Aug2026 18:38:45.037] [modloading-worker-0/INFO] [xaero.map.WorldMap/]: Loading primary common config for channel xaeroworldmap:main!
[30Aug2026 18:38:45.042] [modloading-worker-0/INFO] [xaero.map.WorldMap/]: Loading server config profiles for channel xaeroworldmap:main!
[30Aug2026 18:38:45.570] [modloading-worker-0/INFO] [com.leclowndu93150.corpsecurioscompat.Main/]: Hello from Gravestone Curios Compat!
[30Aug2026 18:38:45.622] [modloading-worker-0/INFO] [Bookshelf/]: Fixing MC-151457. Crafting remainder for minecraft:pufferfish_bucket is now minecraft:bucket.
[30Aug2026 18:38:45.623] [modloading-worker-0/INFO] [Bookshelf/]: Fixing MC-151457. Crafting remainder for minecraft:salmon_bucket is now minecraft:bucket.
[30Aug2026 18:38:45.623] [modloading-worker-0/INFO] [Bookshelf/]: Fixing MC-151457. Crafting remainder for minecraft:cod_bucket is now minecraft:bucket.
[30Aug2026 18:38:45.623] [modloading-worker-0/INFO] [Bookshelf/]: Fixing MC-151457. Crafting remainder for minecraft:tropical_fish_bucket is now minecraft:bucket.
[30Aug2026 18:38:45.623] [modloading-worker-0/INFO] [Bookshelf/]: Fixing MC-151457. Crafting remainder for minecraft:axolotl_bucket is now minecraft:bucket.
[30Aug2026 18:38:45.623] [modloading-worker-0/INFO] [Bookshelf/]: Fixing MC-151457. Crafting remainder for minecraft:powder_snow_bucket is now minecraft:bucket.
[30Aug2026 18:38:45.624] [modloading-worker-0/INFO] [Bookshelf/]: Fixing MC-151457. Crafting remainder for minecraft:tadpole_bucket is now minecraft:bucket.
[30Aug2026 18:38:45.703] [modloading-worker-0/INFO] [insane96mcp.insanelib.InsaneLib/]: Found (COMMON) InsaneLib Feature class insane96mcp.progressivebosses.module.dragon.DragonFeature
[30Aug2026 18:38:45.784] [modloading-worker-0/INFO] [insane96mcp.insanelib.InsaneLib/]: Found (COMMON) InsaneLib Feature class insane96mcp.progressivebosses.module.elderguardian.ElderGuardianFeature
[30Aug2026 18:38:45.806] [modloading-worker-0/INFO] [insane96mcp.insanelib.InsaneLib/]: Found (COMMON) InsaneLib Feature class insane96mcp.progressivebosses.module.wither.WitherFeature
[30Aug2026 18:38:45.921] [modloading-worker-0/INFO] [Performance Tweaks/]: Config loaded; Read JSON entries: 4; Class entries: 4
[30Aug2026 18:38:46.006] [modloading-worker-0/INFO] [AutoModpack/]: Launching AutoModpack...
[30Aug2026 18:38:46.026] [modloading-worker-0/INFO] [AutoModpack/]: Generating modpack...
[30Aug2026 18:38:46.126] [modloading-worker-0/INFO] [AutoModpack/]: Syncing main...
[30Aug2026 18:38:46.328] [AutoModpackCreation-4/INFO] [AutoModpack/]: generated content for /mods/packetfixer-3.3.2-1.18-1.20.4-merged.jar
[30Aug2026 18:38:46.395] [AutoModpackCreation-2/INFO] [AutoModpack/]: generated content for /mods/legendary_spellbooks-1.20.1+forge-0.4.1.jar
[30Aug2026 18:38:46.419] [AutoModpackCreation-2/INFO] [AutoModpack/]: generated content for /mods/EpicFight_X_L_Enders_Cataclysm-1.0.jar
[30Aug2026 18:38:46.426] [AutoModpackCreation-1/INFO] [AutoModpack/]: generated content for /mods/irons_restrictions-1.20.1-1.4.0.jar
[30Aug2026 18:38:46.463] [AutoModpackCreation-4/INFO] [AutoModpack/]: generated content for /mods/brutalbosses-1.20.1-8.5.jar
[30Aug2026 18:38:46.508] [AutoModpackCreation-4/INFO] [AutoModpack/]: generated content for /mods/illagerwarship-1.0.1-forge-1.20.1.jar
[30Aug2026 18:38:46.620] [AutoModpackCreation-2/INFO] [AutoModpack/]: generated content for /mods/modernfix-forge-5.27.77+mc1.20.1.jar
[30Aug2026 18:38:46.710] [AutoModpackCreation-1/INFO] [AutoModpack/]: generated content for /mods/mixin-booster-0.1.3+1.20.1.jar
[30Aug2026 18:38:46.725] [AutoModpackCreation-2/INFO] [AutoModpack/]: generated content for /mods/mowzie_respawner-1.1.0-forge-1.20.1.jar
[30Aug2026 18:38:46.878] [AutoModpackCreation-1/INFO] [AutoModpack/]: generated content for /mods/xaeros_waystones_compatibility-1.1 - 1.20.1.jar
[30Aug2026 18:38:47.202] [AutoModpackCreation-2/INFO] [AutoModpack/]: generated content for /mods/Simplyswords-Epicfied-2.9ch2.jar
[30Aug2026 18:38:47.234] [AutoModpackCreation-2/INFO] [AutoModpack/]: generated content for /mods/ferritecore-6.0.1-forge.jar
[30Aug2026 18:38:47.256] [AutoModpackCreation-1/INFO] [AutoModpack/]: generated content for /mods/fzzy_config-0.7.6+1.20.1+forge.jar
[30Aug2026 18:38:47.269] [AutoModpackCreation-2/INFO] [AutoModpack/]: generated content for /mods/areaeffectcloud3d-1.0.4.jar
[30Aug2026 18:38:47.360] [AutoModpackCreation-1/INFO] [AutoModpack/]: generated content for /mods/ExplorersCompass-1.20.1-1.4.0-forge.jar
[30Aug2026 18:38:47.382] [AutoModpackCreation-3/INFO] [AutoModpack/]: generated content for /mods/ad_astra-forge-1.20.1-1.15.20.jar
[30Aug2026 18:38:47.492] [AutoModpackCreation-4/INFO] [AutoModpack/]: generated content for /mods/kotlinforforge-4.12.0-all.jar
[30Aug2026 18:38:47.658] [AutoModpackCreation-4/INFO] [AutoModpack/]: generated content for /mods/seaeater-2.0.0+mc1.20.1.jar
[30Aug2026 18:38:47.669] [AutoModpackCreation-4/INFO] [AutoModpack/]: generated content for /mods/lootintegrations_hopo-1.6.jar
[30Aug2026 18:38:47.680] [AutoModpackCreation-4/INFO] [AutoModpack/]: generated content for /mods/Clumps-forge-1.20.1-12.0.0.4.jar
[30Aug2026 18:38:47.842] [AutoModpackCreation-2/INFO] [AutoModpack/]: generated content for /mods/Connector-1.0.0-beta.49+1.20.1.jar
[30Aug2026 18:38:47.852] [AutoModpackCreation-4/INFO] [AutoModpack/]: generated content for /mods/YungsBetterCaves-1.20.1-Forge-2.0.6.jar
[30Aug2026 18:38:47.865] [AutoModpackCreation-4/INFO] [AutoModpack/]: generated content for /mods/coroutil-forge-1.20.1-1.3.7.jar
[30Aug2026 18:38:47.958] [AutoModpackCreation-1/INFO] [AutoModpack/]: generated content for /mods/expanded_combat-1.20.1-3.2.7-all.jar
[30Aug2026 18:38:47.971] [AutoModpackCreation-4/INFO] [AutoModpack/]: generated content for /mods/travelersbackpack-forge-1.20.1-9.1.56.jar
[30Aug2026 18:38:48.000] [modloading-worker-0/INFO] [dev.limonblaze.originsclasses.OriginsClasses/]: Origins:Classes 1.2.1 has initialized. Time for work!
[30Aug2026 18:38:48.097] [AutoModpackCreation-4/INFO] [AutoModpack/]: generated content for /mods/UndergroundBunkers-1.0.5-1.20.x-forge.jar
[30Aug2026 18:38:48.123] [AutoModpackCreation-1/INFO] [AutoModpack/]: generated content for /mods/cloth-config-11.1.136-forge.jar
[30Aug2026 18:38:48.162] [AutoModpackCreation-4/INFO] [AutoModpack/]: generated content for /mods/SLM-Shaders-2.2.2-1.20.1+[Forge].jar
[30Aug2026 18:38:48.384] [AutoModpackCreation-4/INFO] [AutoModpack/]: generated content for /mods/ToughAsNails-forge-1.20.1-9.2.0.171.jar
[30Aug2026 18:38:48.385] [AutoModpackCreation-1/INFO] [AutoModpack/]: generated content for /mods/botarium-forge-1.20.1-2.3.4.jar
[30Aug2026 18:38:48.478] [AutoModpackCreation-1/INFO] [AutoModpack/]: generated content for /mods/resourcefulconfig-forge-1.20.1-2.1.3.jar
[30Aug2026 18:38:48.674] [AutoModpackCreation-1/INFO] [AutoModpack/]: generated content for /mods/eeeabsmobs_bossbars-1.0.1-forge-1.20.1.jar
[30Aug2026 18:38:48.791] [AutoModpackCreation-4/INFO] [AutoModpack/]: generated content for /mods/MoogsMissingVillages-1.20-2.1.1.jar
[30Aug2026 18:38:48.791] [AutoModpackCreation-1/INFO] [AutoModpack/]: generated content for /mods/curios-forge-5.14.1+1.20.1.jar
[30Aug2026 18:38:48.805] [AutoModpackCreation-4/INFO] [AutoModpack/]: generated content for /mods/lootintegrations_lootintegrations_bygonepillage-1.2.jar
[30Aug2026 18:38:48.839] [AutoModpackCreation-2/INFO] [AutoModpack/]: generated content for /mods/bygonenether-1.3.2-1.20.x.jar
[30Aug2026 18:38:48.878] [modloading-worker-0/INFO] [dev.architectury.networking.forge.NetworkManagerImpl/]: Registering C2S receiver with id architectury:sync_ids
[30Aug2026 18:38:48.899] [AutoModpackCreation-2/INFO] [AutoModpack/]: generated content for /mods/appleskin-forge-mc1.20.1-2.5.1.jar
[30Aug2026 18:38:49.026] [AutoModpackCreation-2/INFO] [AutoModpack/]: generated content for /mods/moremobvariants-forge+1.20.1-1.3.0.1.jar
[30Aug2026 18:38:49.026] [AutoModpackCreation-1/INFO] [AutoModpack/]: generated content for /mods/medieval_buildings_nether_edition-1.20.1-1.0.2-forge.jar
[30Aug2026 18:38:49.036] [AutoModpackCreation-1/INFO] [AutoModpack/]: generated content for /mods/roomfortwo-forge-1.20.1-0.2.0.jar
[30Aug2026 18:38:49.128] [AutoModpackCreation-2/INFO] [AutoModpack/]: generated content for /mods/ConnectorExtras-1.11.2+1.20.1.jar
[30Aug2026 18:38:49.132] [AutoModpackCreation-4/INFO] [AutoModpack/]: generated content for /mods/MoogsSoaringStructures-1.20-2.1.0.jar
[30Aug2026 18:38:49.144] [AutoModpackCreation-1/INFO] [AutoModpack/]: generated content for /mods/citadel-2.6.3-1.20.1.jar
[30Aug2026 18:38:49.279] [AutoModpackCreation-2/INFO] [AutoModpack/]: generated content for /mods/forge-medievalend-1.0.1.jar
[30Aug2026 18:38:49.283] [AutoModpackCreation-1/INFO] [AutoModpack/]: generated content for /mods/MRU-1.0.4+1.20.1+forge.jar
[30Aug2026 18:38:49.351] [AutoModpackCreation-2/INFO] [AutoModpack/]: generated content for /mods/lexiconfig-forge-1.4.21-epic.jar
[30Aug2026 18:38:49.352] [AutoModpackCreation-4/INFO] [AutoModpack/]: generated content for /mods/tenshilib-1.20.1-1.7.6-forge.jar
[30Aug2026 18:38:49.353] [AutoModpackCreation-1/INFO] [AutoModpack/]: generated content for /mods/wizardshelp-1.2.1.jar
[30Aug2026 18:38:49.401] [AutoModpackCreation-4/INFO] [AutoModpack/]: generated content for /mods/Alignments 1.20.1 -  1.0.8.jar
[30Aug2026 18:38:49.411] [AutoModpackCreation-2/INFO] [AutoModpack/]: generated content for /mods/happy_ghast-3.0.0-forge-1.20.1.jar
[30Aug2026 18:38:49.453] [AutoModpackCreation-2/INFO] [AutoModpack/]: File /mods/pingy.jar is server mod! Skipping...
[30Aug2026 18:38:49.731] [AutoModpackCreation-3/INFO] [AutoModpack/]: generated content for /mods/epicfight-extra-1.2.1-mc1.20.1-forge-all.jar
[30Aug2026 18:38:49.797] [AutoModpackCreation-1/INFO] [AutoModpack/]: generated content for /mods/Towns-and-Towers-1.12-Fabric+Forge.jar
[30Aug2026 18:38:49.816] [AutoModpackCreation-1/INFO] [AutoModpack/]: generated content for /mods/cupboard-1.20.1-4.1.jar
[30Aug2026 18:38:49.819] [modloading-worker-0/INFO] [terrablender/]: Registered region minecraft:overworld to index 0 for type OVERWORLD
[30Aug2026 18:38:49.820] [modloading-worker-0/INFO] [terrablender/]: Registered region minecraft:nether to index 0 for type NETHER
[30Aug2026 18:38:49.820] [modloading-worker-0/INFO] [terrablender/]: Registered region palegardenbackport:overworld to index 1 for type OVERWORLD
[30Aug2026 18:38:49.974] [AutoModpackCreation-2/INFO] [AutoModpack/]: generated content for /mods/Bookshelf-Forge-1.20.1-20.2.15.jar
[30Aug2026 18:38:50.043] [AutoModpackCreation-4/INFO] [AutoModpack/]: generated content for /mods/tru.e-ending-v1.1.0c.jar
[30Aug2026 18:38:50.071] [AutoModpackCreation-1/INFO] [AutoModpack/]: generated content for /mods/medieval_buildings-1.20.1-1.1.3-forge.jar
[30Aug2026 18:38:50.074] [AutoModpackCreation-2/INFO] [AutoModpack/]: generated content for /mods/jei-1.20.1-forge-15.20.0.112.jar
[30Aug2026 18:38:50.224] [AutoModpackCreation-4/INFO] [AutoModpack/]: generated content for /mods/underwater_village-1.0.2-forge-1.20.1.jar
[30Aug2026 18:38:50.249] [AutoModpackCreation-3/INFO] [AutoModpack/]: generated content for /mods/echoes_of_the_nether_structures-1.00.1 Release-forge-1.20.1.jar
[30Aug2026 18:38:50.394] [AutoModpackCreation-2/INFO] [AutoModpack/]: generated content for /mods/polymorph-forge-0.49.10+1.20.1.jar
[30Aug2026 18:38:50.544] [AutoModpackCreation-3/INFO] [AutoModpack/]: generated content for /mods/EF-ExtendedDatapacks-2.4.8.1-1.20.1+[Forge].jar
[30Aug2026 18:38:50.582] [AutoModpackCreation-2/INFO] [AutoModpack/]: generated content for /mods/ec_aquamirae_plugin-1.20.1-1.0.1-all.jar
[30Aug2026 18:38:50.705] [modloading-worker-0/INFO] [fzzy_config/]: Loaded config simplytooltips:config in 683ms
[30Aug2026 18:38:50.730] [modloading-worker-0/INFO] [simplytooltips/]: SimplyTooltips config loaded: simplytooltips:config
[30Aug2026 18:38:50.784] [AutoModpackCreation-2/INFO] [AutoModpack/]: generated content for /mods/geckolib-forge-1.20.1-4.8.4.jar
[30Aug2026 18:38:50.955] [AutoModpackCreation-2/INFO] [AutoModpack/]: generated content for /mods/efiscompat-2.6.0.jar
[30Aug2026 18:38:50.979] [AutoModpackCreation-3/INFO] [AutoModpack/]: generated content for /mods/Incendium_1.20.x_v5.3.5.jar
[30Aug2026 18:38:51.159] [AutoModpackCreation-3/INFO] [AutoModpack/]: generated content for /mods/epic-fight-invincible-lib-20.14.8.2-mc1.20.1-forge.jar
[30Aug2026 18:38:51.183] [AutoModpackCreation-3/INFO] [AutoModpack/]: generated content for /mods/Ksyxis-1.4.3.jar
[30Aug2026 18:38:51.228] [AutoModpackCreation-3/INFO] [AutoModpack/]: generated content for /mods/connectivity-1.20.1-7.6.jar
[30Aug2026 18:38:51.375] [AutoModpackCreation-3/INFO] [AutoModpack/]: generated content for /mods/improvedmobs-1.20.1-1.13.7-forge.jar
[30Aug2026 18:38:51.527] [AutoModpackCreation-2/INFO] [AutoModpack/]: generated content for /mods/darkdoppelganger-9.9.0-1.20.1.jar
[30Aug2026 18:38:51.555] [AutoModpackCreation-3/INFO] [AutoModpack/]: generated content for /mods/stronger_structures-1.9.0.jar
[30Aug2026 18:38:51.790] [AutoModpackCreation-3/INFO] [AutoModpack/]: generated content for /mods/fabric-api-0.92.6+1.11.15+1.20.1.jar
[30Aug2026 18:38:51.872] [modloading-worker-0/INFO] [com.cupboard.Cupboard/]: Loaded config for: cupboard.json
[30Aug2026 18:38:52.019] [AutoModpackCreation-2/INFO] [AutoModpack/]: generated content for /mods/voicechat-forge-1.20.1-2.6.22.jar
[30Aug2026 18:38:52.104] [AutoModpackCreation-2/INFO] [AutoModpack/]: generated content for /mods/Placebo-1.20.1-8.6.3.jar
[30Aug2026 18:38:52.530] [AutoModpackCreation-3/INFO] [AutoModpack/]: generated content for /mods/ntrials-2.0.0-HOTFIX.jar
[30Aug2026 18:38:52.537] [AutoModpackCreation-4/INFO] [AutoModpack/]: generated content for /mods/create-1.20.1-6.0.8.jar
[30Aug2026 18:38:52.827] [AutoModpackCreation-3/INFO] [AutoModpack/]: generated content for /mods/iss_ponder-forge1.20.1-1.0.3-all.jar
[30Aug2026 18:38:52.828] [AutoModpackCreation-4/INFO] [AutoModpack/]: generated content for /mods/cristellib-1.1.6-forge.jar
[30Aug2026 18:38:52.914] [AutoModpackCreation-4/INFO] [AutoModpack/]: generated content for /mods/netherite_shulkers-2.0.0.jar
[30Aug2026 18:38:52.930] [AutoModpackCreation-1/INFO] [AutoModpack/]: generated content for /mods/wraithon-forge1.20.1-1.1.11.jar
[30Aug2026 18:38:52.992] [AutoModpackCreation-3/INFO] [AutoModpack/]: generated content for /mods/super_warden-20.13.0.jar
[30Aug2026 18:38:53.072] [AutoModpackCreation-1/INFO] [AutoModpack/]: generated content for /mods/insanelib-1.23.4.6.jar
[30Aug2026 18:38:53.111] [AutoModpackCreation-3/INFO] [AutoModpack/]: generated content for /mods/SereneSeasons-forge-1.20.1-9.1.0.3.jar
[30Aug2026 18:38:53.207] [modloading-worker-0/WARN] [mixin/]: @ModifyConstant conflict. Skipping packetfixer.v1_19_4.forge.mixins.json:v1_19_4_forge.ServerLoginPacketListenerImplMixin from mod packetfixer->@ModifyConstant::packetfixer$tick(I)I with priority 1000, already redirected by connectivity.mixins.json:ServerLoginNetHandlerMixin from mod connectivity->@ModifyConstant::loginTimeout(I)I with priority 1001
[30Aug2026 18:38:53.495] [AutoModpackCreation-3/INFO] [AutoModpack/]: generated content for /mods/YungsBetterDesertTemples-1.20-Forge-3.0.3.jar
[30Aug2026 18:38:53.886] [AutoModpackCreation-3/INFO] [AutoModpack/]: generated content for /mods/OctoLib-FORGE-0.5.0.1+1.20.1.jar
[30Aug2026 18:38:54.022] [AutoModpackCreation-1/INFO] [AutoModpack/]: generated content for /mods/SimplyTooltips-forge-0.1.5-1.20.1.jar
[30Aug2026 18:38:54.024] [AutoModpackCreation-1/INFO] [AutoModpack/]: generated content for /mods/lionfishapi-3.0.jar
[30Aug2026 18:38:54.086] [AutoModpackCreation-1/INFO] [AutoModpack/]: generated content for /mods/VibrativeVoice-forge-1.20.1-1.2.0.jar
[30Aug2026 18:38:54.087] [AutoModpackCreation-3/INFO] [AutoModpack/]: generated content for /mods/PuzzlesLib-v8.1.33-1.20.1-Forge.jar
[30Aug2026 18:38:54.093] [AutoModpackCreation-1/INFO] [AutoModpack/]: generated content for /mods/IronCarrots1.20.1-V1.01.jar
[30Aug2026 18:38:54.171] [modloading-worker-0/INFO] [xaero.lib.XaeroLib/]: Registering common data for channel xaerolib:main!
[30Aug2026 18:38:54.173] [modloading-worker-0/INFO] [xaero.lib.XaeroLib/]: Loading primary common config for channel xaerolib:main!
[30Aug2026 18:38:54.218] [AutoModpackCreation-3/INFO] [AutoModpack/]: generated content for /mods/illager_war_trireme-1.0.1-forge-1.20.1.jar
[30Aug2026 18:38:54.219] [modloading-worker-0/INFO] [xaero.lib.XaeroLib/]: Loading server config profiles for channel xaerolib:main!
[30Aug2026 18:38:54.599] [AutoModpackCreation-3/INFO] [AutoModpack/]: generated content for /mods/YungsBetterJungleTemples-1.20-Forge-2.0.5.jar
[30Aug2026 18:38:54.728] [AutoModpackCreation-3/INFO] [AutoModpack/]: generated content for /mods/origins-classes-forge-1.2.1.jar
[30Aug2026 18:38:55.060] [modloading-worker-0/INFO] [com.simibubi.create.Create/]: Create 6.0.8 initializing! Commit hash: 1a1a9a2819b4f89f78caec41b55ed8cb222fa24b
[30Aug2026 18:38:55.702] [AutoModpackCreation-1/INFO] [AutoModpack/]: generated content for /mods/mimic-1.0.7.jar
[30Aug2026 18:38:56.056] [AutoModpackCreation-1/INFO] [AutoModpack/]: generated content for /mods/watut-forge-1.20.1-1.2.3.jar
[30Aug2026 18:38:56.059] [AutoModpackCreation-1/INFO] [AutoModpack/]: generated content for /mods/item_split_bug_fix-1.20.1-1.4.jar
[30Aug2026 18:38:57.672] [AutoModpackCreation-4/INFO] [AutoModpack/]: generated content for /mods/alexsmobs-1.22.9.jar
[30Aug2026 18:38:58.014] [AutoModpackCreation-4/INFO] [AutoModpack/]: generated content for /mods/SLM-Codex-1.4-1.20.1+[Forge].jar
[30Aug2026 18:38:58.023] [modloading-worker-0/WARN] [net.minecraft.network.syncher.SynchedEntityData/]: defineId called for: class net.minecraft.world.entity.player.Player from class yesman.epicfight.world.capabilities.entitypatch.player.PlayerPatch
[30Aug2026 18:38:58.150] [AutoModpackCreation-4/INFO] [AutoModpack/]: generated content for /mods/ad_astra_more_structures-1.20.1-forge.jar
[30Aug2026 18:38:58.530] [AutoModpackCreation-4/INFO] [AutoModpack/]: generated content for /mods/create_pillagers_arise Forge 1.20.1-132.34.jar
[30Aug2026 18:38:58.834] [AutoModpackCreation-4/INFO] [AutoModpack/]: generated content for /mods/YungsBetterMineshafts-1.20-Forge-4.0.4.jar
[30Aug2026 18:38:58.838] [AutoModpackCreation-4/INFO] [AutoModpack/]: generated content for /mods/realseasons-1.20.1-1.2.3.jar
[30Aug2026 18:38:58.856] [AutoModpackCreation-4/INFO] [AutoModpack/]: generated content for /mods/mowzies_cataclysm-1.2.1.jar
[30Aug2026 18:38:59.317] [AutoModpackCreation-4/INFO] [AutoModpack/]: generated content for /mods/ec_create_plugin-1.20.1-1.1.2-all.jar
[30Aug2026 18:38:59.400] [AutoModpackCreation-4/INFO] [AutoModpack/]: generated content for /mods/weaponthrow-1.20.1-6.0-beta.1.jar
[30Aug2026 18:38:59.412] [AutoModpackCreation-4/INFO] [AutoModpack/]: generated content for /mods/lootintegrations_yungs-1.6.jar
[30Aug2026 18:38:59.567] [AutoModpackCreation-2/INFO] [AutoModpack/]: generated content for /mods/legendarymonsters-2.2.2 MC 1.20.1.jar
[30Aug2026 18:38:59.602] [modloading-worker-0/INFO] [net.blay09.mods.balm.forge.config.ForgeBalmConfig/]: Registering config for waystones:common (COMMON) with 46 properties.
[30Aug2026 18:38:59.635] [AutoModpackCreation-4/INFO] [AutoModpack/]: generated content for /mods/DualAxes-20.14.1.jar
[30Aug2026 18:38:59.645] [AutoModpackCreation-2/INFO] [AutoModpack/]: generated content for /mods/SL-Library-1.6.1-1.20.1+[Forge].jar
[30Aug2026 18:38:59.647] [AutoModpackCreation-1/INFO] [AutoModpack/]: generated content for /mods/WeaponsOfMiracles-2.0.171-mc1.20.1-forge.jar
[30Aug2026 18:38:59.650] [AutoModpackCreation-4/INFO] [AutoModpack/]: generated content for /mods/AI-Improvements-1.20-0.5.2.jar
[30Aug2026 18:38:59.657] [AutoModpackCreation-2/INFO] [AutoModpack/]: generated content for /mods/lootintegrations_cataclysm-1.2.jar
[30Aug2026 18:38:59.830] [AutoModpackCreation-4/INFO] [AutoModpack/]: generated content for /mods/PickUpNotifier-v8.0.0-1.20.1-Forge.jar
[30Aug2026 18:38:59.833] [AutoModpackCreation-1/INFO] [AutoModpack/]: generated content for /mods/underground_rooms-2.3.0-1.20.1.jar
[30Aug2026 18:38:59.836] [AutoModpackCreation-2/INFO] [AutoModpack/]: generated content for /mods/explorerscompass-edited-1.20.1-1.4.0-forge.jar
[30Aug2026 18:38:59.889] [AutoModpackCreation-2/INFO] [AutoModpack/]: generated content for /mods/lost_ocean_colosseum_runes-1.0.0-forge-1.20.1.jar
[30Aug2026 18:38:59.894] [AutoModpackCreation-2/INFO] [AutoModpack/]: generated content for /mods/GlitchCore-forge-1.20.1-0.0.1.1.jar
[30Aug2026 18:38:59.919] [AutoModpackCreation-4/INFO] [AutoModpack/]: generated content for /mods/awesomedungeonocean-forge-1.20.1-3.3.0.jar
[30Aug2026 18:38:59.983] [AutoModpackCreation-1/INFO] [AutoModpack/]: generated content for /mods/worldofbosses_0.7.jar
[30Aug2026 18:39:00.043] [AutoModpackCreation-2/INFO] [AutoModpack/]: generated content for /mods/architectury-9.2.14-forge.jar
[30Aug2026 18:39:00.093] [AutoModpackCreation-1/INFO] [AutoModpack/]: generated content for /mods/chat-better-0.2-beta.jar
[30Aug2026 18:39:00.108] [AutoModpackCreation-4/INFO] [AutoModpack/]: generated content for /mods/gravestone-forge-1.20.1-1.0.35.jar
[30Aug2026 18:39:00.146] [AutoModpackCreation-3/INFO] [AutoModpack/]: generated content for /mods/mowziesmobs-1.8.2.jar
[30Aug2026 18:39:00.196] [AutoModpackCreation-2/INFO] [AutoModpack/]: generated content for /mods/fdlib-1.0.9-1.20.1.jar
[30Aug2026 18:39:00.199] [AutoModpackCreation-1/INFO] [AutoModpack/]: generated content for /mods/MoogsEndStructures-1.20-2.0.3.jar
[30Aug2026 18:39:00.203] [AutoModpackCreation-3/INFO] [AutoModpack/]: generated content for /mods/HopoBetterUnderwaterRuins-[1.20.1-1.20.4]-1.1.5b.jar
[30Aug2026 18:39:00.210] [AutoModpackCreation-1/INFO] [AutoModpack/]: generated content for /mods/lootintegrations_formations-1.3.jar
[30Aug2026 18:39:00.213] [AutoModpackCreation-2/INFO] [AutoModpack/]: generated content for /mods/dodge_parry_reward-1.20.1forge-20.14.3.jar
[30Aug2026 18:39:00.308] [AutoModpackCreation-3/INFO] [AutoModpack/]: generated content for /mods/starlight-1.1.2+forge.1cda73c.jar
[30Aug2026 18:39:00.323] [AutoModpackCreation-3/INFO] [AutoModpack/]: generated content for /mods/smoothchunk-1.20.1-4.1.jar
[30Aug2026 18:39:00.376] [AutoModpackCreation-2/INFO] [AutoModpack/]: generated content for /mods/underground_village-1.5.7.jar
[30Aug2026 18:39:00.383] [AutoModpackCreation-3/INFO] [AutoModpack/]: generated content for /mods/lootr-forge-1.20-0.7.35.94.jar
[30Aug2026 18:39:00.442] [AutoModpackCreation-3/INFO] [AutoModpack/]: generated content for /mods/lootintegrations_moog-2.1.jar
[30Aug2026 18:39:00.444] [AutoModpackCreation-1/INFO] [AutoModpack/]: generated content for /mods/YungsBetterOceanMonuments-1.20-Forge-3.0.4.jar
[30Aug2026 18:39:00.510] [AutoModpackCreation-1/INFO] [AutoModpack/]: generated content for /mods/enchantedcharms-forge-1.20.1-0.1.1.0.jar
[30Aug2026 18:39:00.561] [modloading-worker-0/INFO] [bettervillage/]: StructureSet modified for minecraft:village : Now using custom village configuration (can be disabled in the better villages config: boolean.villages.enabled_custom_config).
[30Aug2026 18:39:00.600] [AutoModpackCreation-3/INFO] [AutoModpack/]: generated content for /mods/betterendcities-1.0.0-1.20.1.jar
[30Aug2026 18:39:00.708] [AutoModpackCreation-1/INFO] [AutoModpack/]: generated content for /mods/dualgreatswords-20.14.1.jar
[30Aug2026 18:39:00.720] [AutoModpackCreation-4/INFO] [AutoModpack/]: generated content for /mods/Trials-Final.jar
[30Aug2026 18:39:00.876] [AutoModpackCreation-4/INFO] [AutoModpack/]: generated content for /mods/frozone-1.0.0-forge-1.20.1.jar
[30Aug2026 18:39:01.279] [AutoModpackCreation-4/INFO] [AutoModpack/]: generated content for /mods/Explorify v1.6.5.mod.jar
[30Aug2026 18:39:01.284] [AutoModpackCreation-4/INFO] [AutoModpack/]: generated content for /mods/lootintegrations_undergroundvillages-1.1.jar
[30Aug2026 18:39:01.790] [AutoModpackCreation-4/INFO] [AutoModpack/]: generated content for /mods/bossominium-18.6.jar
[30Aug2026 18:39:01.793] [AutoModpackCreation-4/INFO] [AutoModpack/]: generated content for /mods/Voiceless Survival-forge-1.20.1-2.0.2.jar
[30Aug2026 18:39:01.812] [AutoModpackCreation-4/INFO] [AutoModpack/]: generated content for /mods/gravestonecurioscompat-1.20.x-Forge-3.0.0.jar
[30Aug2026 18:39:01.962] [modloading-worker-0/INFO] [STDOUT/]: [net.night.better_sword_trims.config.ConfigManager:load:55]: [Better_Sword_Trims] tomlj not found on classpath; attempting manual parse fallback.
[30Aug2026 18:39:01.992] [AutoModpackCreation-4/INFO] [AutoModpack/]: generated content for /mods/cataclysmfortresses-1.20.1-Forge.jar
[30Aug2026 18:39:02.003] [modloading-worker-0/INFO] [STDOUT/]: [net.night.better_sword_trims.config.ConfigManager:load:61]: [Better_Sword_Trims] Using manually parsed config values: durabilityMult=1.5, experience=5, slowness={duration=5.0,amp=1}, levitation={duration=4.0,amp=0}, highlights=45.0, areaDamage=3.0
[30Aug2026 18:39:02.102] [AutoModpackCreation-4/INFO] [AutoModpack/]: generated content for /mods/monolib-forge-1.20.1-4.1.0.jar
[30Aug2026 18:39:02.210] [AutoModpackCreation-4/INFO] [AutoModpack/]: generated content for /mods/CerbonsApi-Forge-1.20.1-1.0.0.jar
[30Aug2026 18:39:02.217] [modloading-worker-0/INFO] [dev.architectury.networking.forge.NetworkManagerImpl/]: Registering C2S receiver with id artifacts:networking_channel/42a7ad70b1cc371599a0eff744096b8a
[30Aug2026 18:39:02.218] [modloading-worker-0/INFO] [dev.architectury.networking.forge.NetworkManagerImpl/]: Registering C2S receiver with id artifacts:networking_channel/74a5e841822a3a87854ae896a33430d6
[30Aug2026 18:39:02.221] [modloading-worker-0/INFO] [dev.architectury.networking.forge.NetworkManagerImpl/]: Registering C2S receiver with id artifacts:networking_channel/eb3d1e2748533430848cadf0f37c7e9c
[30Aug2026 18:39:02.222] [modloading-worker-0/INFO] [dev.architectury.networking.forge.NetworkManagerImpl/]: Registering C2S receiver with id artifacts:networking_channel/91c8520f19f93b3e8b6a727568e194ab
[30Aug2026 18:39:02.224] [modloading-worker-0/INFO] [dev.architectury.networking.forge.NetworkManagerImpl/]: Registering C2S receiver with id artifacts:networking_channel/8c2784d778293fd482ed84b8aa5fedb9
[30Aug2026 18:39:02.226] [modloading-worker-0/INFO] [dev.architectury.networking.forge.NetworkManagerImpl/]: Registering C2S receiver with id artifacts:networking_channel/ea038224ea783d40b2863f52239e2604
[30Aug2026 18:39:02.228] [modloading-worker-0/INFO] [dev.architectury.networking.forge.NetworkManagerImpl/]: Registering C2S receiver with id artifacts:networking_channel/97ad64b7ecaf33209991c4f031501a58
[30Aug2026 18:39:02.307] [AutoModpackCreation-4/INFO] [AutoModpack/]: generated content for /mods/YungsBetterWitchHuts-1.20-Forge-3.0.3.jar
[30Aug2026 18:39:02.330] [AutoModpackCreation-4/INFO] [AutoModpack/]: generated content for /mods/pingtomapxaeros-1.1.0-forge-1.20.1.jar
[30Aug2026 18:39:02.351] [AutoModpackCreation-2/INFO] [AutoModpack/]: generated content for /mods/irons_spellbooks-1.20.1-3.16.3.jar
[30Aug2026 18:39:02.376] [AutoModpackCreation-3/INFO] [AutoModpack/]: generated content for /mods/aquamirae-forge-1.20.1-6.4.0.jar
[30Aug2026 18:39:02.398] [AutoModpackCreation-4/INFO] [AutoModpack/]: generated content for /mods/doespotatotick-1.20.1-5.6.3.jar
[30Aug2026 18:39:02.520] [AutoModpackCreation-2/INFO] [AutoModpack/]: generated content for /mods/MoogsNetherStructures-1.20-3.0.0.jar
[30Aug2026 18:39:02.547] [AutoModpackCreation-2/INFO] [AutoModpack/]: generated content for /mods/lootintegrations-1.20.1-4.7.jar
[30Aug2026 18:39:02.640] [AutoModpackCreation-2/INFO] [AutoModpack/]: generated content for /mods/hs_bosses-0.0.3.jar
[30Aug2026 18:39:02.720] [AutoModpackCreation-2/INFO] [AutoModpack/]: generated content for /mods/ElysiumAPI-1.20.1-1.1.3.jar
[30Aug2026 18:39:03.014] [AutoModpackCreation-2/INFO] [AutoModpack/]: generated content for /mods/deltaboxlib-forge-2.2.0+1.20.1.jar
[30Aug2026 18:39:03.042] [AutoModpackCreation-2/INFO] [AutoModpack/]: generated content for /mods/upgradedtotems-1.20.1-1.0.0.1-release.jar
[30Aug2026 18:39:03.253] [AutoModpackCreation-2/INFO] [AutoModpack/]: generated content for /mods/xaeroworldmap-forge-1.20.1-1.45.0.jar
[30Aug2026 18:39:03.505] [modloading-worker-0/INFO] [fr.samlegamer.potionring.PotionRing/]: Potion Rings - REFORGED Loading...
[30Aug2026 18:39:03.571] [modloading-worker-0/INFO] [fr.samlegamer.potionring.PotionRing/]: Potion Rings - REFORGED is Charged !
[30Aug2026 18:39:03.577] [modloading-worker-0/INFO] [coroutil/]: forge loader environment detected
[30Aug2026 18:39:03.676] [AutoModpackCreation-2/INFO] [AutoModpack/]: generated content for /mods/obscure_api-18.jar
[30Aug2026 18:39:03.678] [AutoModpackCreation-2/INFO] [AutoModpack/]: generated content for /mods/structureessentials-1.20.1-5.0.jar
[30Aug2026 18:39:03.856] [AutoModpackCreation-2/INFO] [AutoModpack/]: generated content for /mods/xaerominimap-forge-1.20.1-26.4.2.jar
[30Aug2026 18:39:04.271] [AutoModpackCreation-2/INFO] [AutoModpack/]: generated content for /mods/sound-physics-remastered-forge-1.20.1-1.5.1.jar
[30Aug2026 18:39:04.501] [AutoModpackCreation-2/INFO] [AutoModpack/]: generated content for /mods/backported_wolves-forge-1.20.x+2.0.0.jar
[30Aug2026 18:39:04.510] [AutoModpackCreation-2/INFO] [AutoModpack/]: generated content for /mods/kleiders_custom_renderer-7.4.1-forge-1.20.1.jar
[30Aug2026 18:39:04.616] [AutoModpackCreation-2/INFO] [AutoModpack/]: generated content for /mods/waystones-forge-1.20.1-14.1.20.jar
[30Aug2026 18:39:04.856] [AutoModpackCreation-2/INFO] [AutoModpack/]: generated content for /mods/baguettelib-1.20.1-Forge-2.0.5.jar
[30Aug2026 18:39:04.859] [AutoModpackCreation-2/INFO] [AutoModpack/]: generated content for /mods/teamwaystones-1.0.1.jar
[30Aug2026 18:39:04.958] [AutoModpackCreation-4/INFO] [AutoModpack/]: generated content for /mods/incantation-0.10.1+1.20.1-forge.jar
[30Aug2026 18:39:04.964] [AutoModpackCreation-2/INFO] [AutoModpack/]: generated content for /mods/imst_n-1.1.0.jar
[30Aug2026 18:39:05.101] [AutoModpackCreation-4/INFO] [AutoModpack/]: generated content for /mods/cinematiccataclysm-1.0.1-1.20.1.jar
[30Aug2026 18:39:05.103] [modloading-worker-0/INFO] [fzzy_config/]: Loaded config simplyswords:general in 1368ms
[30Aug2026 18:39:05.105] [AutoModpackCreation-2/INFO] [AutoModpack/]: generated content for /mods/resourcefullib-forge-1.20.1-2.1.29.jar
[30Aug2026 18:39:05.191] [modloading-worker-0/INFO] [fzzy_config/]: Loaded config simplyswords:gui in 86ms
[30Aug2026 18:39:05.321] [AutoModpackCreation-2/INFO] [AutoModpack/]: generated content for /mods/waystone_towers-1.20.1-FORGE-1.0.9.jar
[30Aug2026 18:39:05.323] [AutoModpackCreation-2/INFO] [AutoModpack/]: generated content for /mods/IronApples1.20.1-V1.01.jar
[30Aug2026 18:39:05.328] [AutoModpackCreation-2/INFO] [AutoModpack/]: File /mods/multiplayerbosses-1.1.3.jar is server mod! Skipping...
[30Aug2026 18:39:05.358] [AutoModpackCreation-4/INFO] [AutoModpack/]: generated content for /mods/perf_tweaks-forge-1.20.1-1.4.0.jar
[30Aug2026 18:39:05.496] [AutoModpackCreation-4/INFO] [AutoModpack/]: generated content for /mods/lost_ocean_whale-1.0.0-forge-1.20.1.jar
[30Aug2026 18:39:05.565] [AutoModpackCreation-2/INFO] [AutoModpack/]: generated content for /mods/artifacts-forge-9.5.19.jar
[30Aug2026 18:39:05.570] [AutoModpackCreation-4/INFO] [AutoModpack/]: generated content for /mods/SLM-EpicFight-1.3.1-1.20.1+[Forge].jar
[30Aug2026 18:39:05.611] [AutoModpackCreation-2/INFO] [AutoModpack/]: generated content for /mods/EnchantmentDescriptions-Forge-1.20.1-17.1.21.jar
[30Aug2026 18:39:05.855] [AutoModpackCreation-4/INFO] [AutoModpack/]: generated content for /mods/super_golem-20.12.2.jar
[30Aug2026 18:39:05.863] [AutoModpackCreation-1/INFO] [AutoModpack/]: generated content for /mods/EpicFight Nightfall-3.4.1-all.jar
[30Aug2026 18:39:05.937] [AutoModpackCreation-2/INFO] [AutoModpack/]: generated content for /mods/infinity_cave-0.4-1.20.1-FORGE.jar
[30Aug2026 18:39:06.011] [AutoModpackCreation-1/INFO] [AutoModpack/]: generated content for /mods/YungsBridges-1.20-Forge-4.0.3.jar
[30Aug2026 18:39:06.016] [AutoModpackCreation-2/INFO] [AutoModpack/]: generated content for /mods/player-animation-lib-forge-1.0.2-rc1+1.20.jar
[30Aug2026 18:39:06.207] [AutoModpackCreation-2/INFO] [AutoModpack/]: generated content for /mods/libraryferret-forge-1.20.1-4.0.0.jar
[30Aug2026 18:39:06.242] [AutoModpackCreation-4/INFO] [AutoModpack/]: generated content for /mods/palegardenbackport-forge-2.0.3+1.20.1.jar
[30Aug2026 18:39:06.292] [AutoModpackCreation-1/INFO] [AutoModpack/]: generated content for /mods/YungsBetterDungeons-1.20-Forge-4.0.4.jar
[30Aug2026 18:39:06.316] [modloading-worker-0/INFO] [fzzy_config/]: Loaded config simplyswords:gem_powers in 1034ms
[30Aug2026 18:39:06.346] [AutoModpackCreation-2/INFO] [AutoModpack/]: generated content for /mods/ec_isasb_plugin-1.20.1-1.0.1-all.jar
[30Aug2026 18:39:06.360] [AutoModpackCreation-1/INFO] [AutoModpack/]: generated content for /mods/irons_lib-1.20.1-2.1.0.jar
[30Aug2026 18:39:06.365] [modloading-worker-0/INFO] [fzzy_config/]: Loaded config simplyswords:status_effects in 47ms
[30Aug2026 18:39:06.410] [AutoModpackCreation-2/INFO] [AutoModpack/]: generated content for /mods/more_bows_and_arrows-merged-1.20.1-5.0.1.jar
[30Aug2026 18:39:06.454] [AutoModpackCreation-1/INFO] [AutoModpack/]: generated content for /mods/Chunky-1.3.146.jar
[30Aug2026 18:39:06.524] [modloading-worker-0/INFO] [fzzy_config/]: Loaded config simplyswords:weapon_attributes in 151ms
[30Aug2026 18:39:06.528] [AutoModpackCreation-1/INFO] [AutoModpack/]: generated content for /mods/lootintegrations_vanilla-1.7.jar
[30Aug2026 18:39:06.685] [AutoModpackCreation-1/INFO] [AutoModpack/]: generated content for /mods/formationsnether-1.0.5.jar
[30Aug2026 18:39:06.869] [AutoModpackCreation-2/INFO] [AutoModpack/]: generated content for /mods/Undermod-1.20.1-0.2.1r.jar
[30Aug2026 18:39:06.874] [AutoModpackCreation-1/INFO] [AutoModpack/]: generated content for /mods/morevanillashields-1.1.5-1.20.1.jar
[30Aug2026 18:39:07.282] [AutoModpackCreation-2/INFO] [AutoModpack/]: generated content for /mods/epic_fight_avalon-20.12.6.4.jar
[30Aug2026 18:39:07.348] [modloading-worker-0/INFO] [fzzy_config/]: Loaded config simplyswords:unique_effects in 710ms
[30Aug2026 18:39:07.422] [AutoModpackCreation-2/INFO] [AutoModpack/]: generated content for /mods/TerraBlender-forge-1.20.1-3.0.1.10.jar
[30Aug2026 18:39:07.557] [AutoModpackCreation-1/INFO] [AutoModpack/]: generated content for /mods/BOMD-Forge-1.20.1-1.1.1.jar
[30Aug2026 18:39:07.734] [AutoModpackCreation-1/INFO] [AutoModpack/]: generated content for /mods/potionring-1.20.1-2.1.jar
[30Aug2026 18:39:07.753] [modloading-worker-0/INFO] [fzzy_config/]: Loaded config simplyswords:compatibility in 302ms
[30Aug2026 18:39:07.846] [AutoModpackCreation-2/INFO] [AutoModpack/]: generated content for /mods/yet_another_config_lib_v3-3.6.6+1.20.1-forge.jar
[30Aug2026 18:39:07.848] [AutoModpackCreation-1/INFO] [AutoModpack/]: generated content for /mods/YungsApi-1.20-Forge-4.0.6.jar
[30Aug2026 18:39:07.850] [AutoModpackCreation-2/INFO] [AutoModpack/]: generated content for /mods/upgradedcore-1.20.1-5.0.0.2-release.jar
[30Aug2026 18:39:08.016] [AutoModpackCreation-2/INFO] [AutoModpack/]: generated content for /mods/mmenchants-1.1.0-forge-1.20.1.jar
[30Aug2026 18:39:08.096] [modloading-worker-0/INFO] [dev.architectury.networking.forge.NetworkManagerImpl/]: Registering C2S receiver with id simplyswords:use_weapon_ability
[30Aug2026 18:39:08.098] [modloading-worker-0/INFO] [dev.architectury.networking.forge.NetworkManagerImpl/]: Registering C2S receiver with id simplyswords:weapon_ability_keybind_state
[30Aug2026 18:39:08.099] [modloading-worker-0/INFO] [dev.architectury.networking.forge.NetworkManagerImpl/]: Registering C2S receiver with id simplyswords:player_movement_intent
[30Aug2026 18:39:08.221] [AutoModpackCreation-1/INFO] [AutoModpack/]: generated content for /mods/MoogsStructureLib-forge-1.20-3.1.2.jar
[30Aug2026 18:39:08.369] [modloading-worker-0/INFO] [STDOUT/]: [net.sweenus.simplyswords.SimplySwords:init:182]: /workspaces/RETRIEVAL-WATERCLIP/servidor_minecraft/config
[30Aug2026 18:39:08.446] [AutoModpackCreation-1/INFO] [AutoModpack/]: generated content for /mods/wind_spellbooks-1.20.1-1.0.3.jar
[30Aug2026 18:39:08.668] [AutoModpackCreation-1/INFO] [AutoModpack/]: generated content for /mods/enhanced_enchanting-1.3.2.1-forge-1.20.1.jar
[30Aug2026 18:39:09.102] [AutoModpackCreation-1/INFO] [AutoModpack/]: generated content for /mods/YungsExtras-1.20-Forge-4.0.3.jar
[30Aug2026 18:39:09.254] [AutoModpackCreation-1/INFO] [AutoModpack/]: generated content for /mods/YungsBetterStrongholds-1.20-Forge-4.0.3.jar
[30Aug2026 18:39:09.509] [AutoModpackCreation-1/INFO] [AutoModpack/]: generated content for /mods/custom-glint-1.4.0.jar
[30Aug2026 18:39:09.511] [AutoModpackCreation-1/INFO] [AutoModpack/]: generated content for /mods/IronCore1.20.1-V1.01.jar
[30Aug2026 18:39:09.714] [modloading-worker-0/INFO] [insane96mcp.insanelib.InsaneLib/]: Found (COMMON) InsaneLib Feature class insane96mcp.areaeffectcloud3d.AEC3DFeature
[30Aug2026 18:39:09.818] [AutoModpackCreation-1/INFO] [AutoModpack/]: generated content for /mods/balm-forge-1.20.1-7.3.42.jar
[30Aug2026 18:39:09.968] [AutoModpackCreation-1/INFO] [AutoModpack/]: generated content for /mods/Better-Sword-Trims-Forge-1.20.1-1.0.0.jar
[30Aug2026 18:39:10.032] [AutoModpackCreation-1/INFO] [AutoModpack/]: generated content for /mods/origins-forge-1.20.1-1.10.0.9-all.jar
[30Aug2026 18:39:10.056] [AutoModpackCreation-1/INFO] [AutoModpack/]: generated content for /mods/caelus-forge-3.2.0+1.20.1.jar
[30Aug2026 18:39:10.404] [AutoModpackCreation-4/INFO] [AutoModpack/]: generated content for /mods/eeeabsmobs-1.20.1-0.98.1.jar
[30Aug2026 18:39:10.405] [AutoModpackCreation-2/INFO] [AutoModpack/]: generated content for /mods/EpicFight-Resurrection-forge1.20.1-0.20.12.2.jar
[30Aug2026 18:39:10.684] [AutoModpackCreation-2/INFO] [AutoModpack/]: generated content for /mods/progressivebosses-4.3.12.jar
[30Aug2026 18:39:10.851] [AutoModpackCreation-4/INFO] [AutoModpack/]: generated content for /mods/bettervillage-forge-1.20.1-3.3.1-all.jar
[30Aug2026 18:39:10.855] [AutoModpackCreation-3/INFO] [AutoModpack/]: generated content for /mods/L_Enders_Cataclysm-3.31.jar
[30Aug2026 18:39:10.882] [AutoModpackCreation-2/INFO] [AutoModpack/]: generated content for /mods/YungsBetterEndIsland-1.20-Forge-2.0.6.jar
[30Aug2026 18:39:10.882] [AutoModpackCreation-3/INFO] [AutoModpack/]: generated content for /mods/formations-1.0.4-forge-mc1.20.2.jar
[30Aug2026 18:39:10.887] [AutoModpackCreation-4/INFO] [AutoModpack/]: generated content for /mods/moonlight-1.20-2.16.34-forge.jar
[30Aug2026 18:39:10.899] [AutoModpackCreation-2/INFO] [AutoModpack/]: generated content for /mods/lootintegrations_medievalbuildings-1.5.jar
[30Aug2026 18:39:10.918] [AutoModpackCreation-2/INFO] [AutoModpack/]: generated content for /mods/EasyAnvils-v8.0.2-1.20.1-Forge.jar
[30Aug2026 18:39:10.919] [AutoModpackCreation-4/INFO] [AutoModpack/]: generated content for /mods/YungsBetterNetherFortresses-1.20-Forge-2.0.6.jar
[30Aug2026 18:39:11.168] [AutoModpackCreation-1/INFO] [AutoModpack/]: generated content for /mods/epic-fight-20.14.17-mc1.20.1-forge.jar
[30Aug2026 18:39:11.439] [AutoModpackCreation-4/INFO] [AutoModpack/]: generated content for /mods/SEpicfied-Core-1.4.jar
[30Aug2026 18:39:11.593] [AutoModpackCreation-4/INFO] [AutoModpack/]: generated content for /mods/duplicationless-1.20.1-1.2.1.jar
[30Aug2026 18:39:11.614] [AutoModpackCreation-2/INFO] [AutoModpack/]: generated content for /mods/epicfight_leonidas-1.0.1.jar
[30Aug2026 18:39:11.616] [AutoModpackCreation-4/INFO] [AutoModpack/]: generated content for /mods/MoogsOceanStructures-universal-1.20-1.0.0.jar
[30Aug2026 18:39:11.647] [AutoModpackCreation-4/INFO] [AutoModpack/]: generated content for /mods/canary-mc1.20.1-0.3.3.jar
[30Aug2026 18:39:12.103] [modloading-worker-0/INFO] [toughasnails/]: Serene Seasons detected. Enabling season modifier.
[30Aug2026 18:39:12.189] [modloading-worker-0/INFO] [YetAnotherConfigLib/]: Deserializing YACLConfig from '/workspaces/RETRIEVAL-WATERCLIP/servidor_minecraft/config/yacl.json5'
[30Aug2026 18:39:12.263] [modloading-worker-0/INFO] [be.florens.expandability.ExpandAbility/]: ExpandAbility here, who dis?
[30Aug2026 18:39:12.265] [modloading-worker-0/INFO] [com.kuronami.pingtomapxaeros.PingToMapXaeros/]: Ping to Map: Xaero's edition (Forge 1.20.1) initialized
[30Aug2026 18:39:12.332] [AutoModpackCreation-2/INFO] [AutoModpack/]: generated content for /mods/simplyswords-forge-neoforge-1.70.2-1.20.1.jar
[30Aug2026 18:39:12.352] [modloading-worker-0/INFO] [AutoModpack/]: Modpack generated! took 26324ms
[30Aug2026 18:39:12.366] [modloading-worker-0/INFO] [AutoModpack/]: AutoModpack launched! took 26360ms
[30Aug2026 18:39:12.463] [modloading-worker-0/INFO] [epicfight/]: Loaded mod compat: GeckolibCompat
[30Aug2026 18:39:12.465] [modloading-worker-0/INFO] [epicfight/]: Loaded mod compat: CuriosCompat
[30Aug2026 18:39:12.467] [modloading-worker-0/INFO] [epicfight/]: Loaded mod compat: PlayerAnimatorCompat
[30Aug2026 18:39:12.600] [modloading-worker-0/INFO] [STDOUT/]: [com.merlin204.avalon.main.AvalonMOD:<init>:36]: Running in production environment
[30Aug2026 18:39:12.623] [modloading-worker-0/INFO] [com.merlin204.avalon.main.AvalonMOD/]: 自动注册实体: SHAKE_WAVE -> shake_wave
[30Aug2026 18:39:12.625] [modloading-worker-0/INFO] [com.merlin204.avalon.main.AvalonMOD/]: 自动注册实体: VFX -> vfx
[30Aug2026 18:39:12.625] [modloading-worker-0/INFO] [com.merlin204.avalon.main.AvalonMOD/]: 自动注册实体: ANIMATION_TEXTURE_VFX -> animation_texture_vfx
[30Aug2026 18:39:12.723] [modloading-worker-0/INFO] [sleys.efedp.ExtendedDatapacks/]: [Extended Datapacks - Bootstrap] Initializing...
[30Aug2026 18:39:12.725] [modloading-worker-0/INFO] [sleys.efedp.ExtendedDatapacks/]: [Animation Event - Registry] Attempting to register the event class: sleys.efedp.system.animations.json.properties.functional.time.AnimationsEventsList for: epicfight_edp
[30Aug2026 18:39:12.790] [modloading-worker-0/INFO] [sleys.efedp.ExtendedDatapacks/]: [Animation Event - Registry] Registration completed successfully!
[30Aug2026 18:39:12.792] [modloading-worker-0/INFO] [sleys.efedp.ExtendedDatapacks/]: [Play Speed Modifier - Registry] Attempting to register the playback speed class: sleys.efedp.system.animations.json.properties.functional.playback.PlaySpeedModifierLambdaList for: epicfight_edp
[30Aug2026 18:39:12.803] [modloading-worker-0/INFO] [sleys.efedp.ExtendedDatapacks/]: [Play Speed Modifier - Registry] Registration completed successfully!
[30Aug2026 18:39:12.803] [modloading-worker-0/INFO] [sleys.efedp.ExtendedDatapacks/]: [Extended Datapacks - Bootstrap] Initializing Builds & start To Tracking...
[30Aug2026 18:39:12.812] [modloading-worker-0/INFO] [sleys.efedp.ExtendedDatapacks/]: [Add Skill to Build] There are no parameter files files for SkillBuilder on the side of  In-Jar Folder
[30Aug2026 18:39:12.818] [modloading-worker-0/INFO] [sleys.efedp.ExtendedDatapacks/]: [Add Guard to Build] There are no parameter files for SkillGuardBuilder on the side of  In-Jar Folder
[30Aug2026 18:39:12.824] [modloading-worker-0/INFO] [sleys.efedp.ExtendedDatapacks/]: [Add Icon to Build] There are no parameter files files for Icon Category on the side of  In-Jar Folder
[30Aug2026 18:39:12.828] [modloading-worker-0/INFO] [sleys.efedp.ExtendedDatapacks/]: [Add Category to Build] There are no parameter files for Weapon Category on In-Jar Folder
[30Aug2026 18:39:12.833] [modloading-worker-0/INFO] [sleys.efedp.ExtendedDatapacks/]: [Simple Innate Skills] Parameterization file detected In-Jar, operating for s_epicfied -> void_slash.json
[30Aug2026 18:39:12.851] [modloading-worker-0/INFO] [sleys.efedp.ExtendedDatapacks/]: [Simple Innate Skills] Parameterization file detected In-Jar, operating for s_epicfied -> rushing_slam.json
[30Aug2026 18:39:12.852] [modloading-worker-0/INFO] [sleys.efedp.ExtendedDatapacks/]: [Simple Innate Skills] Parameterization file detected In-Jar, operating for s_epicfied -> judgement_ultimate.json
[30Aug2026 18:39:12.855] [modloading-worker-0/INFO] [STDOUT/]: [com.hm.efn.event.TickChange:init:40]: EFN Tick system has been initialized.
[30Aug2026 18:39:12.860] [modloading-worker-0/INFO] [sleys.efedp.ExtendedDatapacks/]: [Conditional Innate Skills] Parameterization file detected In-Jar, operating for s_epicfied -> heartstabber.json
[30Aug2026 18:39:12.868] [modloading-worker-0/INFO] [sleys.efedp.ExtendedDatapacks/]: [Conditional Innate Skills] Parameterization file detected In-Jar, operating for s_epicfied -> twinblade_skill.json
[30Aug2026 18:39:12.871] [modloading-worker-0/INFO] [sleys.efedp.ExtendedDatapacks/]: [Conditional Innate Skills] Parameterization file detected In-Jar, operating for s_epicfied -> pierce_rush.json
[30Aug2026 18:39:12.871] [modloading-worker-0/INFO] [sleys.efedp.ExtendedDatapacks/]: [Conditional Innate Skills] Parameterization file detected In-Jar, operating for s_epicfied -> darkness_slash.json
[30Aug2026 18:39:12.873] [modloading-worker-0/INFO] [sleys.efedp.ExtendedDatapacks/]: [Conditional Innate Skills] Parameterization file detected In-Jar, operating for s_epicfied -> chakram_slash_2.json
[30Aug2026 18:39:12.875] [modloading-worker-0/INFO] [sleys.efedp.ExtendedDatapacks/]: [Conditional Innate Skills] Parameterization file detected In-Jar, operating for s_epicfied -> chakram_slash.json
[30Aug2026 18:39:12.879] [modloading-worker-0/INFO] [sleys.efedp.ExtendedDatapacks/]: [Holdable Innate Skills] Parameterization file detected In-Jar, operating for s_epicfied -> rocket.json
[30Aug2026 18:39:12.889] [modloading-worker-0/INFO] [sleys.efedp.ExtendedDatapacks/]: [Holdable Innate Skills] Parameterization file detected In-Jar, operating for s_epicfied -> charged_upperslash.json
[30Aug2026 18:39:12.889] [modloading-worker-0/INFO] [sleys.efedp.ExtendedDatapacks/]: [Holdable Innate Skills] Parameterization file detected In-Jar, operating for s_epicfied -> charged_spearslash.json
[30Aug2026 18:39:12.889] [modloading-worker-0/INFO] [sleys.efedp.ExtendedDatapacks/]: [Holdable Innate Skills] Parameterization file detected In-Jar, operating for s_epicfied -> charged_swordslash.json
[30Aug2026 18:39:12.890] [modloading-worker-0/INFO] [sleys.efedp.ExtendedDatapacks/]: [Holdable Innate Skills] Parameterization file detected In-Jar, operating for s_epicfied -> charged_downslash.json
[30Aug2026 18:39:12.891] [modloading-worker-0/INFO] [sleys.efedp.ExtendedDatapacks/]: [Holdable Innate Skills] Parameterization file detected In-Jar, operating for s_epicfied -> charged_slam.json
[30Aug2026 18:39:12.897] [modloading-worker-0/INFO] [sleys.efedp.ExtendedDatapacks/]: [Stacks Conditional Innate Skills] Parameterization file detected In-Jar, operating for s_epicfied -> cosmic_wrath.json
[30Aug2026 18:39:12.907] [modloading-worker-0/INFO] [sleys.efedp.ExtendedDatapacks/]: [Stacks Conditional Innate Skills] Parameterization file detected In-Jar, operating for s_epicfied -> mortal_slash.json
[30Aug2026 18:39:12.911] [modloading-worker-0/INFO] [sleys.efedp.ExtendedDatapacks/]: [Stacks Conditional Innate Skills] Parameterization file detected In-Jar, operating for s_epicfied -> scythe_slash.json
[30Aug2026 18:39:12.913] [modloading-worker-0/INFO] [sleys.efedp.ExtendedDatapacks/]: [Stacks Conditional Innate Skills] Parameterization file detected In-Jar, operating for s_epicfied -> charged_breaker.json
[30Aug2026 18:39:12.920] [modloading-worker-0/INFO] [sleys.efedp.ExtendedDatapacks/]: [Animations Registry] Parameterization file detected In-Jar, operating for reimportrob -> asanginxst_sneak.json
[30Aug2026 18:39:13.062] [modloading-worker-0/INFO] [sleys.efedp.ExtendedDatapacks/]: [Animations Registry] Parameterization file detected In-Jar, operating for reimportrob -> roberton_spear_walk.json
[30Aug2026 18:39:13.063] [modloading-worker-0/INFO] [sleys.efedp.ExtendedDatapacks/]: [Animations Registry] Parameterization file detected In-Jar, operating for reimportrob -> reascer_old_sowrd_onehand_walk_forward.json
[30Aug2026 18:39:13.064] [modloading-worker-0/INFO] [sleys.efedp.ExtendedDatapacks/]: [Animations Registry] Parameterization file detected In-Jar, operating for reimportrob -> asanginxst_walk_unsheath.json
[30Aug2026 18:39:13.064] [modloading-worker-0/INFO] [sleys.efedp.ExtendedDatapacks/]: [Animations Registry] Parameterization file detected In-Jar, operating for reimportrob -> roberton_aura_walk.json
[30Aug2026 18:39:13.065] [modloading-worker-0/INFO] [sleys.efedp.ExtendedDatapacks/]: [Animations Registry] Parameterization file detected In-Jar, operating for reimportrob -> roberton_rapier_animeahh_walk.json
[30Aug2026 18:39:13.065] [modloading-worker-0/INFO] [sleys.efedp.ExtendedDatapacks/]: [Animations Registry] Parameterization file detected In-Jar, operating for reimportrob -> roberton_cosmicwalk.json
[30Aug2026 18:39:13.066] [modloading-worker-0/INFO] [sleys.efedp.ExtendedDatapacks/]: [Animations Registry] Parameterization file detected In-Jar, operating for reimportrob -> roberton_cosmicidle.json
[30Aug2026 18:39:13.066] [modloading-worker-0/INFO] [sleys.efedp.ExtendedDatapacks/]: [Animations Registry] Parameterization file detected In-Jar, operating for reimportrob -> roberton_greatsword_walk.json
[30Aug2026 18:39:13.067] [modloading-worker-0/INFO] [sleys.efedp.ExtendedDatapacks/]: [Animations Registry] Parameterization file detected In-Jar, operating for reimportrob -> reascer_old_ruine_counterattack.json
[30Aug2026 18:39:13.077] [modloading-worker-0/WARN] [sleys.efedp.ExtendedDatapacks/]: [Animation Event - Registry] Unknown animation event type: entity_afterimage Applying recovery...
[30Aug2026 18:39:13.077] [modloading-worker-0/INFO] [sleys.efedp.ExtendedDatapacks/]: [Animation Event - Registry] Successful recovery for event type: entity_afterimage
[30Aug2026 18:39:13.091] [modloading-worker-0/WARN] [sleys.efedp.ExtendedDatapacks/]: [Animation Event - Registry] Unknown animation event type: command_payload Applying recovery...
[30Aug2026 18:39:13.092] [modloading-worker-0/INFO] [sleys.efedp.ExtendedDatapacks/]: [Animation Event - Registry] Successful recovery for event type: command_payload
[30Aug2026 18:39:13.092] [modloading-worker-0/WARN] [sleys.efedp.ExtendedDatapacks/]: [Animation Event - Registry] Unknown animation event type: command_payload Applying recovery...
[30Aug2026 18:39:13.092] [modloading-worker-0/INFO] [sleys.efedp.ExtendedDatapacks/]: [Animation Event - Registry] Successful recovery for event type: command_payload
[30Aug2026 18:39:13.093] [modloading-worker-0/WARN] [sleys.efedp.ExtendedDatapacks/]: [Animation Event - Registry] Unknown animation event type: command_payload Applying recovery...
[30Aug2026 18:39:13.093] [modloading-worker-0/INFO] [sleys.efedp.ExtendedDatapacks/]: [Animation Event - Registry] Successful recovery for event type: command_payload
[30Aug2026 18:39:13.093] [modloading-worker-0/WARN] [sleys.efedp.ExtendedDatapacks/]: [Animation Event - Registry] Unknown animation event type: invulnerability Applying recovery...
[30Aug2026 18:39:13.094] [modloading-worker-0/INFO] [sleys.efedp.ExtendedDatapacks/]: [Animation Event - Registry] Successful recovery for event type: invulnerability
[30Aug2026 18:39:13.099] [modloading-worker-0/WARN] [sleys.efedp.ExtendedDatapacks/]: [Animation Event - Registry] Unknown animation event type: joint_particles Applying recovery...
[30Aug2026 18:39:13.099] [modloading-worker-0/INFO] [sleys.efedp.ExtendedDatapacks/]: [Animation Event - Registry] Successful recovery for event type: joint_particles
[30Aug2026 18:39:13.107] [modloading-worker-0/INFO] [sleys.efedp.ExtendedDatapacks/]: [Animations Registry] Parameterization file detected In-Jar, operating for reimportrob -> cdmoveset_dual_slash.json
[30Aug2026 18:39:13.112] [modloading-worker-0/WARN] [sleys.efedp.ExtendedDatapacks/]: [Animation Event - Registry] Unknown animation event type: command_payload Applying recovery...
[30Aug2026 18:39:13.112] [modloading-worker-0/INFO] [sleys.efedp.ExtendedDatapacks/]: [Animation Event - Registry] Successful recovery for event type: command_payload
[30Aug2026 18:39:13.112] [modloading-worker-0/WARN] [sleys.efedp.ExtendedDatapacks/]: [Animation Event - Registry] Unknown animation event type: entity_afterimage Applying recovery...
[30Aug2026 18:39:13.112] [modloading-worker-0/INFO] [sleys.efedp.ExtendedDatapacks/]: [Animation Event - Registry] Successful recovery for event type: entity_afterimage
[30Aug2026 18:39:13.114] [modloading-worker-0/WARN] [sleys.efedp.ExtendedDatapacks/]: [Animation Event - Registry] Unknown animation event type: entity_afterimage Applying recovery...
[30Aug2026 18:39:13.114] [modloading-worker-0/INFO] [sleys.efedp.ExtendedDatapacks/]: [Animation Event - Registry] Successful recovery for event type: entity_afterimage
[30Aug2026 18:39:13.115] [modloading-worker-0/WARN] [sleys.efedp.ExtendedDatapacks/]: [Animation Event - Registry] Unknown animation event type: entity_afterimage Applying recovery...
[30Aug2026 18:39:13.115] [modloading-worker-0/INFO] [sleys.efedp.ExtendedDatapacks/]: [Animation Event - Registry] Successful recovery for event type: entity_afterimage
[30Aug2026 18:39:13.115] [modloading-worker-0/INFO] [sleys.efedp.ExtendedDatapacks/]: [Animations Registry] Parameterization file detected In-Jar, operating for reimportrob -> cdmoveset_fushigiri_slash_2.json
[30Aug2026 18:39:13.116] [modloading-worker-0/WARN] [sleys.efedp.ExtendedDatapacks/]: [Animation Event - Registry] Unknown animation event type: command_payload Applying recovery...
[30Aug2026 18:39:13.116] [modloading-worker-0/INFO] [sleys.efedp.ExtendedDatapacks/]: [Animation Event - Registry] Successful recovery for event type: command_payload
[30Aug2026 18:39:13.119] [modloading-worker-0/WARN] [sleys.efedp.ExtendedDatapacks/]: [Animation Event - Registry] Unknown animation event type: command_payload Applying recovery...
[30Aug2026 18:39:13.119] [modloading-worker-0/INFO] [sleys.efedp.ExtendedDatapacks/]: [Animation Event - Registry] Successful recovery for event type: command_payload
[30Aug2026 18:39:13.120] [modloading-worker-0/WARN] [sleys.efedp.ExtendedDatapacks/]: [Animation Event - Registry] Unknown animation event type: shape_particles Applying recovery...
[30Aug2026 18:39:13.120] [modloading-worker-0/INFO] [sleys.efedp.ExtendedDatapacks/]: [Animation Event - Registry] Successful recovery for event type: shape_particles
[30Aug2026 18:39:13.123] [modloading-worker-0/WARN] [sleys.efedp.ExtendedDatapacks/]: [Animation Event - Registry] Unknown animation event type: command_payload Applying recovery...
[30Aug2026 18:39:13.124] [modloading-worker-0/INFO] [sleys.efedp.ExtendedDatapacks/]: [Animation Event - Registry] Successful recovery for event type: command_payload
[30Aug2026 18:39:13.125] [modloading-worker-0/WARN] [sleys.efedp.ExtendedDatapacks/]: [Animation Event - Registry] Unknown animation event type: white_afterimage Applying recovery...
[30Aug2026 18:39:13.125] [modloading-worker-0/INFO] [sleys.efedp.ExtendedDatapacks/]: [Animation Event - Registry] Successful recovery for event type: white_afterimage
[30Aug2026 18:39:13.125] [modloading-worker-0/WARN] [sleys.efedp.ExtendedDatapacks/]: [Animation Event - Registry] Unknown animation event type: white_afterimage Applying recovery...
[30Aug2026 18:39:13.125] [modloading-worker-0/INFO] [sleys.efedp.ExtendedDatapacks/]: [Animation Event - Registry] Successful recovery for event type: white_afterimage
[30Aug2026 18:39:13.125] [modloading-worker-0/WARN] [sleys.efedp.ExtendedDatapacks/]: [Animation Event - Registry] Unknown animation event type: white_afterimage Applying recovery...
[30Aug2026 18:39:13.125] [modloading-worker-0/INFO] [sleys.efedp.ExtendedDatapacks/]: [Animation Event - Registry] Successful recovery for event type: white_afterimage
[30Aug2026 18:39:13.129] [modloading-worker-0/WARN] [sleys.efedp.ExtendedDatapacks/]: [Animation Event - Registry] Unknown animation event type: joint_particles Applying recovery...
[30Aug2026 18:39:13.129] [modloading-worker-0/INFO] [sleys.efedp.ExtendedDatapacks/]: [Animation Event - Registry] Successful recovery for event type: joint_particles
[30Aug2026 18:39:13.130] [modloading-worker-0/WARN] [sleys.efedp.ExtendedDatapacks/]: [Animation Event - Registry] Unknown animation event type: joint_particles Applying recovery...
[30Aug2026 18:39:13.130] [modloading-worker-0/INFO] [sleys.efedp.ExtendedDatapacks/]: [Animation Event - Registry] Successful recovery for event type: joint_particles
[30Aug2026 18:39:13.134] [modloading-worker-0/INFO] [sleys.efedp.ExtendedDatapacks/]: [Animations Registry] Parameterization file detected In-Jar, operating for reimportrob -> cdmoveset_fushigiri_slash_1.json
[30Aug2026 18:39:13.134] [modloading-worker-0/WARN] [sleys.efedp.ExtendedDatapacks/]: [Animation Event - Registry] Unknown animation event type: command_payload Applying recovery...
[30Aug2026 18:39:13.134] [modloading-worker-0/INFO] [sleys.efedp.ExtendedDatapacks/]: [Animation Event - Registry] Successful recovery for event type: command_payload
[30Aug2026 18:39:13.134] [modloading-worker-0/WARN] [sleys.efedp.ExtendedDatapacks/]: [Animation Event - Registry] Unknown animation event type: command_payload Applying recovery...
[30Aug2026 18:39:13.134] [modloading-worker-0/INFO] [sleys.efedp.ExtendedDatapacks/]: [Animation Event - Registry] Successful recovery for event type: command_payload
[30Aug2026 18:39:13.134] [modloading-worker-0/WARN] [sleys.efedp.ExtendedDatapacks/]: [Animation Event - Registry] Unknown animation event type: shape_particles Applying recovery...
[30Aug2026 18:39:13.135] [modloading-worker-0/INFO] [sleys.efedp.ExtendedDatapacks/]: [Animation Event - Registry] Successful recovery for event type: shape_particles
[30Aug2026 18:39:13.135] [modloading-worker-0/WARN] [sleys.efedp.ExtendedDatapacks/]: [Animation Event - Registry] Unknown animation event type: command_payload Applying recovery...
[30Aug2026 18:39:13.135] [modloading-worker-0/INFO] [sleys.efedp.ExtendedDatapacks/]: [Animation Event - Registry] Successful recovery for event type: command_payload
[30Aug2026 18:39:13.135] [modloading-worker-0/WARN] [sleys.efedp.ExtendedDatapacks/]: [Animation Event - Registry] Unknown animation event type: white_afterimage Applying recovery...
[30Aug2026 18:39:13.135] [modloading-worker-0/INFO] [sleys.efedp.ExtendedDatapacks/]: [Animation Event - Registry] Successful recovery for event type: white_afterimage
[30Aug2026 18:39:13.135] [modloading-worker-0/WARN] [sleys.efedp.ExtendedDatapacks/]: [Animation Event - Registry] Unknown animation event type: white_afterimage Applying recovery...
[30Aug2026 18:39:13.137] [modloading-worker-0/INFO] [sleys.efedp.ExtendedDatapacks/]: [Animation Event - Registry] Successful recovery for event type: white_afterimage
[30Aug2026 18:39:13.137] [modloading-worker-0/WARN] [sleys.efedp.ExtendedDatapacks/]: [Animation Event - Registry] Unknown animation event type: white_afterimage Applying recovery...
[30Aug2026 18:39:13.137] [modloading-worker-0/INFO] [sleys.efedp.ExtendedDatapacks/]: [Animation Event - Registry] Successful recovery for event type: white_afterimage
[30Aug2026 18:39:13.137] [modloading-worker-0/WARN] [sleys.efedp.ExtendedDatapacks/]: [Animation Event - Registry] Unknown animation event type: joint_particles Applying recovery...
[30Aug2026 18:39:13.140] [modloading-worker-0/INFO] [sleys.efedp.ExtendedDatapacks/]: [Animation Event - Registry] Successful recovery for event type: joint_particles
[30Aug2026 18:39:13.140] [modloading-worker-0/WARN] [sleys.efedp.ExtendedDatapacks/]: [Animation Event - Registry] Unknown animation event type: joint_particles Applying recovery...
[30Aug2026 18:39:13.140] [modloading-worker-0/INFO] [sleys.efedp.ExtendedDatapacks/]: [Animation Event - Registry] Successful recovery for event type: joint_particles
[30Aug2026 18:39:13.140] [modloading-worker-0/INFO] [sleys.efedp.ExtendedDatapacks/]: [Animations Registry] Parameterization file detected In-Jar, operating for reimportrob -> reascer_antitheus_ascended_deathfall.json
[30Aug2026 18:39:13.143] [modloading-worker-0/WARN] [sleys.efedp.ExtendedDatapacks/]: [Animation Event - Registry] Unknown animation event type: white_afterimage Applying recovery...
[30Aug2026 18:39:13.143] [modloading-worker-0/INFO] [sleys.efedp.ExtendedDatapacks/]: [Animation Event - Registry] Successful recovery for event type: white_afterimage
[30Aug2026 18:39:13.143] [modloading-worker-0/WARN] [sleys.efedp.ExtendedDatapacks/]: [Animation Event - Registry] Unknown animation event type: command_payload Applying recovery...
[30Aug2026 18:39:13.143] [modloading-worker-0/INFO] [sleys.efedp.ExtendedDatapacks/]: [Animation Event - Registry] Successful recovery for event type: command_payload
[30Aug2026 18:39:13.144] [modloading-worker-0/WARN] [sleys.efedp.ExtendedDatapacks/]: [Animation Event - Registry] Unknown animation event type: command_payload Applying recovery...
[30Aug2026 18:39:13.144] [modloading-worker-0/INFO] [sleys.efedp.ExtendedDatapacks/]: [Animation Event - Registry] Successful recovery for event type: command_payload
[30Aug2026 18:39:13.144] [modloading-worker-0/WARN] [sleys.efedp.ExtendedDatapacks/]: [Animation Event - Registry] Unknown animation event type: command_payload Applying recovery...
[30Aug2026 18:39:13.144] [modloading-worker-0/INFO] [sleys.efedp.ExtendedDatapacks/]: [Animation Event - Registry] Successful recovery for event type: command_payload
[30Aug2026 18:39:13.144] [modloading-worker-0/WARN] [sleys.efedp.ExtendedDatapacks/]: [Animation Event - Registry] Unknown animation event type: command_payload Applying recovery...
[30Aug2026 18:39:13.144] [modloading-worker-0/INFO] [sleys.efedp.ExtendedDatapacks/]: [Animation Event - Registry] Successful recovery for event type: command_payload
[30Aug2026 18:39:13.153] [modloading-worker-0/INFO] [sleys.efedp.ExtendedDatapacks/]: [Animations Config] Parameterization file detected In-Jar, operating for reimportrob -> rocket.json
[30Aug2026 18:39:13.167] [modloading-worker-0/WARN] [sleys.efedp.ExtendedDatapacks/]: [Animation Event - Registry] Unknown animation event type: white_afterimage Applying recovery...
[30Aug2026 18:39:13.169] [modloading-worker-0/INFO] [sleys.efedp.ExtendedDatapacks/]: [Animation Event - Registry] Successful recovery for event type: white_afterimage
[30Aug2026 18:39:13.169] [modloading-worker-0/WARN] [sleys.efedp.ExtendedDatapacks/]: [Animation Event - Registry] Unknown animation event type: invulnerability Applying recovery...
[30Aug2026 18:39:13.169] [modloading-worker-0/INFO] [sleys.efedp.ExtendedDatapacks/]: [Animation Event - Registry] Successful recovery for event type: invulnerability
[30Aug2026 18:39:13.169] [modloading-worker-0/WARN] [sleys.efedp.ExtendedDatapacks/]: [Animation Event - Registry] Unknown animation event type: joint_particles Applying recovery...
[30Aug2026 18:39:13.171] [modloading-worker-0/INFO] [sleys.efedp.ExtendedDatapacks/]: [Animation Event - Registry] Successful recovery for event type: joint_particles
[30Aug2026 18:39:13.171] [modloading-worker-0/WARN] [sleys.efedp.ExtendedDatapacks/]: [Animation Event - Registry] Unknown animation event type: joint_particles Applying recovery...
[30Aug2026 18:39:13.171] [modloading-worker-0/INFO] [sleys.efedp.ExtendedDatapacks/]: [Animation Event - Registry] Successful recovery for event type: joint_particles
[30Aug2026 18:39:13.172] [modloading-worker-0/INFO] [sleys.efedp.ExtendedDatapacks/]: [Animations Config] Parameterization file detected In-Jar, operating for reimportrob -> cosmic_wrath_skill_sprinting.json
[30Aug2026 18:39:13.173] [modloading-worker-0/WARN] [sleys.efedp.ExtendedDatapacks/]: [Animation Event - Registry] Unknown animation event type: command_payload Applying recovery...
[30Aug2026 18:39:13.174] [modloading-worker-0/INFO] [sleys.efedp.ExtendedDatapacks/]: [Animation Event - Registry] Successful recovery for event type: command_payload
[30Aug2026 18:39:13.174] [modloading-worker-0/WARN] [sleys.efedp.ExtendedDatapacks/]: [Animation Event - Registry] Unknown animation event type: white_afterimage Applying recovery...
[30Aug2026 18:39:13.175] [modloading-worker-0/INFO] [sleys.efedp.ExtendedDatapacks/]: [Animation Event - Registry] Successful recovery for event type: white_afterimage
[30Aug2026 18:39:13.175] [modloading-worker-0/WARN] [sleys.efedp.ExtendedDatapacks/]: [Animation Event - Registry] Unknown animation event type: white_afterimage Applying recovery...
[30Aug2026 18:39:13.175] [modloading-worker-0/INFO] [sleys.efedp.ExtendedDatapacks/]: [Animation Event - Registry] Successful recovery for event type: white_afterimage
[30Aug2026 18:39:13.175] [modloading-worker-0/WARN] [sleys.efedp.ExtendedDatapacks/]: [Animation Event - Registry] Unknown animation event type: white_afterimage Applying recovery...
[30Aug2026 18:39:13.175] [modloading-worker-0/INFO] [sleys.efedp.ExtendedDatapacks/]: [Animation Event - Registry] Successful recovery for event type: white_afterimage
[30Aug2026 18:39:13.175] [modloading-worker-0/WARN] [sleys.efedp.ExtendedDatapacks/]: [Animation Event - Registry] Unknown animation event type: joint_particles Applying recovery...
[30Aug2026 18:39:13.175] [modloading-worker-0/INFO] [sleys.efedp.ExtendedDatapacks/]: [Animation Event - Registry] Successful recovery for event type: joint_particles
[30Aug2026 18:39:13.177] [modloading-worker-0/WARN] [sleys.efedp.ExtendedDatapacks/]: [Animation Event - Registry] Unknown animation event type: joint_particles Applying recovery...
[30Aug2026 18:39:13.178] [modloading-worker-0/INFO] [sleys.efedp.ExtendedDatapacks/]: [Animation Event - Registry] Successful recovery for event type: joint_particles
[30Aug2026 18:39:13.178] [modloading-worker-0/WARN] [sleys.efedp.ExtendedDatapacks/]: [Animation Event - Registry] Unknown animation event type: joint_particles Applying recovery...
[30Aug2026 18:39:13.178] [modloading-worker-0/INFO] [sleys.efedp.ExtendedDatapacks/]: [Animation Event - Registry] Successful recovery for event type: joint_particles
[30Aug2026 18:39:13.179] [modloading-worker-0/INFO] [sleys.efedp.ExtendedDatapacks/]: [Animations Config] Parameterization file detected In-Jar, operating for reimportrob -> void_slash.json
[30Aug2026 18:39:13.179] [modloading-worker-0/WARN] [sleys.efedp.ExtendedDatapacks/]: [Animation Event - Registry] Unknown animation event type: shape_particles Applying recovery...
[30Aug2026 18:39:13.181] [modloading-worker-0/INFO] [sleys.efedp.ExtendedDatapacks/]: [Animation Event - Registry] Successful recovery for event type: shape_particles
[30Aug2026 18:39:13.182] [modloading-worker-0/WARN] [sleys.efedp.ExtendedDatapacks/]: [Animation Event - Registry] Unknown animation event type: shape_particles Applying recovery...
[30Aug2026 18:39:13.186] [modloading-worker-0/INFO] [sleys.efedp.ExtendedDatapacks/]: [Animation Event - Registry] Successful recovery for event type: shape_particles
[30Aug2026 18:39:13.186] [modloading-worker-0/WARN] [sleys.efedp.ExtendedDatapacks/]: [Animation Event - Registry] Unknown animation event type: command_payload Applying recovery...
[30Aug2026 18:39:13.186] [modloading-worker-0/INFO] [sleys.efedp.ExtendedDatapacks/]: [Animation Event - Registry] Successful recovery for event type: command_payload
[30Aug2026 18:39:13.186] [modloading-worker-0/WARN] [sleys.efedp.ExtendedDatapacks/]: [Animation Event - Registry] Unknown animation event type: joint_particles Applying recovery...
[30Aug2026 18:39:13.186] [modloading-worker-0/INFO] [sleys.efedp.ExtendedDatapacks/]: [Animation Event - Registry] Successful recovery for event type: joint_particles
[30Aug2026 18:39:13.187] [modloading-worker-0/WARN] [sleys.efedp.ExtendedDatapacks/]: [Animation Event - Registry] Unknown animation event type: joint_particles Applying recovery...
[30Aug2026 18:39:13.187] [modloading-worker-0/INFO] [sleys.efedp.ExtendedDatapacks/]: [Animation Event - Registry] Successful recovery for event type: joint_particles
[30Aug2026 18:39:13.187] [modloading-worker-0/WARN] [sleys.efedp.ExtendedDatapacks/]: [Animation Event - Registry] Unknown animation event type: joint_particles Applying recovery...
[30Aug2026 18:39:13.187] [modloading-worker-0/INFO] [sleys.efedp.ExtendedDatapacks/]: [Animation Event - Registry] Successful recovery for event type: joint_particles
[30Aug2026 18:39:13.192] [modloading-worker-0/WARN] [sleys.efedp.ExtendedDatapacks/]: [Animation Event - Registry] Unknown animation event type: joint_particles Applying recovery...
[30Aug2026 18:39:13.193] [modloading-worker-0/INFO] [sleys.efedp.ExtendedDatapacks/]: [Animation Event - Registry] Successful recovery for event type: joint_particles
[30Aug2026 18:39:13.194] [modloading-worker-0/WARN] [sleys.efedp.ExtendedDatapacks/]: [Animation Event - Registry] Unknown animation event type: joint_particles Applying recovery...
[30Aug2026 18:39:13.194] [modloading-worker-0/INFO] [sleys.efedp.ExtendedDatapacks/]: [Animation Event - Registry] Successful recovery for event type: joint_particles
[30Aug2026 18:39:13.194] [modloading-worker-0/WARN] [sleys.efedp.ExtendedDatapacks/]: [Animation Event - Registry] Unknown animation event type: joint_particles Applying recovery...
[30Aug2026 18:39:13.194] [modloading-worker-0/INFO] [sleys.efedp.ExtendedDatapacks/]: [Animation Event - Registry] Successful recovery for event type: joint_particles
[30Aug2026 18:39:13.194] [modloading-worker-0/WARN] [sleys.efedp.ExtendedDatapacks/]: [Animation Event - Registry] Unknown animation event type: joint_particles Applying recovery...
[30Aug2026 18:39:13.194] [modloading-worker-0/INFO] [sleys.efedp.ExtendedDatapacks/]: [Animation Event - Registry] Successful recovery for event type: joint_particles
[30Aug2026 18:39:13.195] [modloading-worker-0/INFO] [sleys.efedp.ExtendedDatapacks/]: [Animations Config] Parameterization file detected In-Jar, operating for reimportrob -> mortal_slash_skill_sprinting.json
[30Aug2026 18:39:13.195] [modloading-worker-0/WARN] [sleys.efedp.ExtendedDatapacks/]: [Animation Event - Registry] Unknown animation event type: shape_particles Applying recovery...
[30Aug2026 18:39:13.195] [modloading-worker-0/INFO] [sleys.efedp.ExtendedDatapacks/]: [Animation Event - Registry] Successful recovery for event type: shape_particles
[30Aug2026 18:39:13.201] [modloading-worker-0/WARN] [sleys.efedp.ExtendedDatapacks/]: [Animation Event - Registry] Unknown animation event type: command_payload Applying recovery...
[30Aug2026 18:39:13.202] [modloading-worker-0/INFO] [sleys.efedp.ExtendedDatapacks/]: [Animation Event - Registry] Successful recovery for event type: command_payload
[30Aug2026 18:39:13.204] [modloading-worker-0/INFO] [sleys.efedp.ExtendedDatapacks/]: [Animations Config] Parameterization file detected In-Jar, operating for reimportrob -> cosmic_wrath_skill_use_item.json
[30Aug2026 18:39:13.204] [modloading-worker-0/WARN] [sleys.efedp.ExtendedDatapacks/]: [Animation Event - Registry] Unknown animation event type: command_payload Applying recovery...
[30Aug2026 18:39:13.204] [modloading-worker-0/INFO] [sleys.efedp.ExtendedDatapacks/]: [Animation Event - Registry] Successful recovery for event type: command_payload
[30Aug2026 18:39:13.204] [modloading-worker-0/WARN] [sleys.efedp.ExtendedDatapacks/]: [Animation Event - Registry] Unknown animation event type: command_payload Applying recovery...
[30Aug2026 18:39:13.204] [modloading-worker-0/INFO] [sleys.efedp.ExtendedDatapacks/]: [Animation Event - Registry] Successful recovery for event type: command_payload
[30Aug2026 18:39:13.204] [modloading-worker-0/WARN] [sleys.efedp.ExtendedDatapacks/]: [Animation Event - Registry] Unknown animation event type: joint_particles Applying recovery...
[30Aug2026 18:39:13.204] [modloading-worker-0/INFO] [sleys.efedp.ExtendedDatapacks/]: [Animation Event - Registry] Successful recovery for event type: joint_particles
[30Aug2026 18:39:13.204] [modloading-worker-0/WARN] [sleys.efedp.ExtendedDatapacks/]: [Animation Event - Registry] Unknown animation event type: joint_particles Applying recovery...
[30Aug2026 18:39:13.204] [modloading-worker-0/INFO] [sleys.efedp.ExtendedDatapacks/]: [Animation Event - Registry] Successful recovery for event type: joint_particles
[30Aug2026 18:39:13.205] [modloading-worker-0/INFO] [sleys.efedp.ExtendedDatapacks/]: [Animations Config] Parameterization file detected In-Jar, operating for reimportrob -> cosmic_wrath_skill_normal.json
[30Aug2026 18:39:13.205] [modloading-worker-0/WARN] [sleys.efedp.ExtendedDatapacks/]: [Animation Event - Registry] Unknown animation event type: white_afterimage Applying recovery...
[30Aug2026 18:39:13.205] [modloading-worker-0/INFO] [sleys.efedp.ExtendedDatapacks/]: [Animation Event - Registry] Successful recovery for event type: white_afterimage
[30Aug2026 18:39:13.205] [modloading-worker-0/WARN] [sleys.efedp.ExtendedDatapacks/]: [Animation Event - Registry] Unknown animation event type: white_afterimage Applying recovery...
[30Aug2026 18:39:13.205] [modloading-worker-0/INFO] [sleys.efedp.ExtendedDatapacks/]: [Animation Event - Registry] Successful recovery for event type: white_afterimage
[30Aug2026 18:39:13.207] [modloading-worker-0/WARN] [sleys.efedp.ExtendedDatapacks/]: [Animation Event - Registry] Unknown animation event type: joint_particles Applying recovery...
[30Aug2026 18:39:13.207] [modloading-worker-0/INFO] [sleys.efedp.ExtendedDatapacks/]: [Animation Event - Registry] Successful recovery for event type: joint_particles
[30Aug2026 18:39:13.207] [modloading-worker-0/WARN] [sleys.efedp.ExtendedDatapacks/]: [Animation Event - Registry] Unknown animation event type: joint_particles Applying recovery...
[30Aug2026 18:39:13.207] [modloading-worker-0/INFO] [sleys.efedp.ExtendedDatapacks/]: [Animation Event - Registry] Successful recovery for event type: joint_particles
[30Aug2026 18:39:13.212] [modloading-worker-0/INFO] [sleys.efedp.ExtendedDatapacks/]: [Animations Virtualization] There are no parameter files for Animations Virtualization on the side of In-Jar Folder
[30Aug2026 18:39:13.216] [modloading-worker-0/INFO] [sleys.efedp.ExtendedDatapacks/]: [Extended Datapacks - Bootstrap] Initializing Common Systems...
[30Aug2026 18:39:13.241] [modloading-worker-0/INFO] [sleys.efedp.ExtendedDatapacks/]: [Extended Datapacks - Bootstrap] Initializing capabilities for Weapons Of Miracles
[30Aug2026 18:39:13.358] [main/INFO] [sleys.efedp.ExtendedDatapacks/]: [Weapon Category Registry] Starting initialization of JSON weapon categories
[30Aug2026 18:39:13.358] [main/INFO] [sleys.efedp.ExtendedDatapacks/]: [Weapon Category Registry] No JSON categories found to register
[30Aug2026 18:39:13.372] [main/INFO] [DualGreatswords/]: Registered animations
[30Aug2026 18:39:13.962] [main/INFO] [net.minecraft.resources.RegistryDataLoader/]: Capturing existing worldgen registries
[30Aug2026 18:39:13.962] [main/INFO] [net.minecraft.resources.RegistryDataLoader/]: Found 0 injected RegistryDataLoader worldgen registries
[30Aug2026 18:39:18.729] [main/WARN] [dev.architectury.registry.registries.forge.RegistrarManagerImpl/]: Registry entry listened Registry Entry [minecraft:entity_type / artifacts:mimic] was not realized!
[30Aug2026 18:39:18.729] [main/WARN] [dev.architectury.registry.registries.forge.RegistrarManagerImpl/]: Registry entry listened Registry Entry [minecraft:entity_type / artifacts:mimic] was not realized!
[30Aug2026 18:39:18.730] [main/WARN] [dev.architectury.registry.registries.forge.RegistrarManagerImpl/]: Registry entry listened Registry Entry [minecraft:entity_type / artifacts:mimic] was not realized!
[30Aug2026 18:39:18.900] [main/INFO] [Moonlight/]: Initialized block sets in 53ms
[30Aug2026 18:39:19.626] [main/INFO] [ModernFix/]: Bypassed Mojang DFU
[30Aug2026 18:39:19.627] [main/INFO] [ModernFix/]: Instantiating Mojang DFU
[30Aug2026 18:39:22.108] [main/INFO] [sleys.efedp.ExtendedDatapacks/]: [Simple Innate Skill Registry] Registering JSON skills
[30Aug2026 18:39:22.109] [main/WARN] [sleys.sl.epicfight.SLMEpicFightMod/]: [Virtualization Protocol] Manual registration initializing for Real Path: reimportrob:biped/reascer_old_ruine_counterattack to Virtual Path: s_epicfied:biped/skill/void_slash
[30Aug2026 18:39:22.131] [main/INFO] [sleys.sl.epicfight.SLMEpicFightMod/]: [Virtualization Protocol] Virtual animation successfully created! s_epicfied:biped/skill/void_slash mapped to reimportrob:biped/reascer_old_ruine_counterattack
[30Aug2026 18:39:22.134] [main/INFO] [sleys.efedp.ExtendedDatapacks/]: [Simple Innate Skill Registry] Registration process completed for Skill: void_slash signed under modID: s_epicfied for animation: s_epicfied:biped/skill/void_slash
[30Aug2026 18:39:22.134] [main/WARN] [sleys.sl.epicfight.SLMEpicFightMod/]: [Virtualization Protocol] Manual registration initializing for Real Path: efn:biped/ng_greatsword/ng_great_charge1ing to Virtual Path: s_epicfied:biped/skill/rushing_slam
[30Aug2026 18:39:22.136] [main/INFO] [sleys.sl.epicfight.SLMEpicFightMod/]: [Virtualization Protocol] Virtual animation successfully created! s_epicfied:biped/skill/rushing_slam mapped to efn:biped/ng_greatsword/ng_great_charge1ing
[30Aug2026 18:39:22.137] [main/INFO] [sleys.efedp.ExtendedDatapacks/]: [Simple Innate Skill Registry] Registration process completed for Skill: rushing_slam signed under modID: s_epicfied for animation: s_epicfied:biped/skill/rushing_slam
[30Aug2026 18:39:22.137] [main/WARN] [sleys.sl.epicfight.SLMEpicFightMod/]: [Virtualization Protocol] Manual registration initializing for Real Path: efn:biped/yamato_judgementcut_end to Virtual Path: s_epicfied:biped/skill/judgement_ultimate
[30Aug2026 18:39:22.144] [main/INFO] [sleys.sl.epicfight.SLMEpicFightMod/]: [Virtualization Protocol] Virtual animation successfully created! s_epicfied:biped/skill/judgement_ultimate mapped to efn:biped/yamato_judgementcut_end
[30Aug2026 18:39:22.147] [main/INFO] [sleys.efedp.ExtendedDatapacks/]: [Simple Innate Skill Registry] Registration process completed for Skill: judgement_ultimate signed under modID: s_epicfied for animation: s_epicfied:biped/skill/judgement_ultimate
[30Aug2026 18:39:22.147] [main/INFO] [sleys.efedp.ExtendedDatapacks/]: [Charged Innate Skill Registry] Registering JSON skills
[30Aug2026 18:39:22.148] [main/WARN] [sleys.sl.epicfight.SLMEpicFightMod/]: [Virtualization Protocol] Manual registration initializing for Real Path: wom:biped/combat/blackstar_basic_attack_4 to Virtual Path: s_epicfied:biped/skill/rocket
[30Aug2026 18:39:22.162] [main/INFO] [sleys.sl.epicfight.SLMEpicFightMod/]: [Virtualization Protocol] Virtual animation successfully created! s_epicfied:biped/skill/rocket mapped to wom:biped/combat/blackstar_basic_attack_4
[30Aug2026 18:39:22.163] [main/WARN] [sleys.sl.epicfight.SLMEpicFightMod/]: [Virtualization Protocol] Manual registration initializing for Real Path: wom:biped/skill/solar_buster_windup to Virtual Path: s_epicfied:biped/skill/rocket_charging
[30Aug2026 18:39:22.165] [main/INFO] [sleys.sl.epicfight.SLMEpicFightMod/]: [Virtualization Protocol] Virtual animation successfully created! s_epicfied:biped/skill/rocket_charging mapped to wom:biped/skill/solar_buster_windup
[30Aug2026 18:39:22.167] [main/INFO] [sleys.efedp.ExtendedDatapacks/]: [Charged Innate Skill Registry] Registration process completed for Skill: rocket signed under modID: s_epicfied for animation: s_epicfied:biped/skill/rocket
[30Aug2026 18:39:22.167] [main/WARN] [sleys.sl.epicfight.SLMEpicFightMod/]: [Virtualization Protocol] Manual registration initializing for Real Path: wom:biped/skill/solar_auto_4_polvora to Virtual Path: s_epicfied:biped/skill/charged_upperslash
[30Aug2026 18:39:22.168] [main/INFO] [sleys.sl.epicfight.SLMEpicFightMod/]: [Virtualization Protocol] Virtual animation successfully created! s_epicfied:biped/skill/charged_upperslash mapped to wom:biped/skill/solar_auto_4_polvora
[30Aug2026 18:39:22.168] [main/WARN] [sleys.sl.epicfight.SLMEpicFightMod/]: [Virtualization Protocol] Manual registration initializing for Real Path: wom:biped/skill/ruine_buster_windup to Virtual Path: s_epicfied:biped/skill/charged_upperslash_charging
[30Aug2026 18:39:22.168] [main/INFO] [sleys.sl.epicfight.SLMEpicFightMod/]: [Virtualization Protocol] Virtual animation successfully created! s_epicfied:biped/skill/charged_upperslash_charging mapped to wom:biped/skill/ruine_buster_windup
[30Aug2026 18:39:22.169] [main/INFO] [sleys.efedp.ExtendedDatapacks/]: [Charged Innate Skill Registry] Registration process completed for Skill: charged_upperslash signed under modID: s_epicfied for animation: s_epicfied:biped/skill/charged_upperslash
[30Aug2026 18:39:22.169] [main/WARN] [sleys.sl.epicfight.SLMEpicFightMod/]: [Virtualization Protocol] Manual registration initializing for Real Path: wom:biped/combat/solar_obscuridad_auto_2 to Virtual Path: s_epicfied:biped/skill/charged_spearslash
[30Aug2026 18:39:22.170] [main/INFO] [sleys.sl.epicfight.SLMEpicFightMod/]: [Virtualization Protocol] Virtual animation successfully created! s_epicfied:biped/skill/charged_spearslash mapped to wom:biped/combat/solar_obscuridad_auto_2
[30Aug2026 18:39:22.170] [main/WARN] [sleys.sl.epicfight.SLMEpicFightMod/]: [Virtualization Protocol] Manual registration initializing for Real Path: wom:biped/skill/agony_buster_windup to Virtual Path: s_epicfied:biped/skill/charged_spearslash_charging
[30Aug2026 18:39:22.171] [main/INFO] [sleys.sl.epicfight.SLMEpicFightMod/]: [Virtualization Protocol] Virtual animation successfully created! s_epicfied:biped/skill/charged_spearslash_charging mapped to wom:biped/skill/agony_buster_windup
[30Aug2026 18:39:22.171] [main/INFO] [sleys.efedp.ExtendedDatapacks/]: [Charged Innate Skill Registry] Registration process completed for Skill: charged_spearslash signed under modID: s_epicfied for animation: s_epicfied:biped/skill/charged_spearslash
[30Aug2026 18:39:22.172] [main/WARN] [sleys.sl.epicfight.SLMEpicFightMod/]: [Virtualization Protocol] Manual registration initializing for Real Path: wom:biped/skill/ruine_buster_release to Virtual Path: s_epicfied:biped/skill/charged_swordslash
[30Aug2026 18:39:22.172] [main/INFO] [sleys.sl.epicfight.SLMEpicFightMod/]: [Virtualization Protocol] Virtual animation successfully created! s_epicfied:biped/skill/charged_swordslash mapped to wom:biped/skill/ruine_buster_release
[30Aug2026 18:39:22.172] [main/WARN] [sleys.sl.epicfight.SLMEpicFightMod/]: [Virtualization Protocol] Manual registration initializing for Real Path: wom:biped/skill/ruine_buster_windup to Virtual Path: s_epicfied:biped/skill/charged_swordslash_charging
[30Aug2026 18:39:22.173] [main/INFO] [sleys.sl.epicfight.SLMEpicFightMod/]: [Virtualization Protocol] Virtual animation successfully created! s_epicfied:biped/skill/charged_swordslash_charging mapped to wom:biped/skill/ruine_buster_windup
[30Aug2026 18:39:22.173] [main/INFO] [sleys.efedp.ExtendedDatapacks/]: [Charged Innate Skill Registry] Registration process completed for Skill: charged_swordslash signed under modID: s_epicfied for animation: s_epicfied:biped/skill/charged_swordslash
[30Aug2026 18:39:22.174] [main/WARN] [sleys.sl.epicfight.SLMEpicFightMod/]: [Virtualization Protocol] Manual registration initializing for Real Path: wom:biped/combat/solar_obscuridad_auto_4 to Virtual Path: s_epicfied:biped/skill/charged_downslash
[30Aug2026 18:39:22.174] [main/INFO] [sleys.sl.epicfight.SLMEpicFightMod/]: [Virtualization Protocol] Virtual animation successfully created! s_epicfied:biped/skill/charged_downslash mapped to wom:biped/combat/solar_obscuridad_auto_4
[30Aug2026 18:39:22.174] [main/WARN] [sleys.sl.epicfight.SLMEpicFightMod/]: [Virtualization Protocol] Manual registration initializing for Real Path: wom:biped/skill/herrscher_buster_windup to Virtual Path: s_epicfied:biped/skill/charged_downslash_charging
[30Aug2026 18:39:22.175] [main/INFO] [sleys.sl.epicfight.SLMEpicFightMod/]: [Virtualization Protocol] Virtual animation successfully created! s_epicfied:biped/skill/charged_downslash_charging mapped to wom:biped/skill/herrscher_buster_windup
[30Aug2026 18:39:22.176] [main/INFO] [sleys.efedp.ExtendedDatapacks/]: [Charged Innate Skill Registry] Registration process completed for Skill: charged_downslash signed under modID: s_epicfied for animation: s_epicfied:biped/skill/charged_downslash
[30Aug2026 18:39:22.176] [main/WARN] [sleys.sl.epicfight.SLMEpicFightMod/]: [Virtualization Protocol] Manual registration initializing for Real Path: efn:biped/ng_greatsword/ng_great_skill_clash_hit to Virtual Path: s_epicfied:biped/skill/charged_slam
[30Aug2026 18:39:22.185] [main/INFO] [sleys.sl.epicfight.SLMEpicFightMod/]: [Virtualization Protocol] Virtual animation successfully created! s_epicfied:biped/skill/charged_slam mapped to efn:biped/ng_greatsword/ng_great_skill_clash_hit
[30Aug2026 18:39:22.185] [main/WARN] [sleys.sl.epicfight.SLMEpicFightMod/]: [Virtualization Protocol] Manual registration initializing for Real Path: wom:biped/skill/solar_buster_windup to Virtual Path: s_epicfied:biped/skill/charged_slam_charging
[30Aug2026 18:39:22.185] [main/INFO] [sleys.sl.epicfight.SLMEpicFightMod/]: [Virtualization Protocol] Virtual animation successfully created! s_epicfied:biped/skill/charged_slam_charging mapped to wom:biped/skill/solar_buster_windup
[30Aug2026 18:39:22.186] [main/INFO] [sleys.efedp.ExtendedDatapacks/]: [Charged Innate Skill Registry] Registration process completed for Skill: charged_slam signed under modID: s_epicfied for animation: s_epicfied:biped/skill/charged_slam
[30Aug2026 18:39:22.187] [main/INFO] [sleys.efedp.ExtendedDatapacks/]: [Conditional Innate Skill Registry] Registering JSON skills
[30Aug2026 18:39:22.190] [main/WARN] [sleys.sl.epicfight.SLMEpicFightMod/]: [Virtualization Protocol] Manual registration initializing for Real Path: efn:biped/nf_dual/nf_dual_auto4 to Virtual Path: s_epicfied:biped/skill/heartstabber_kneeling
[30Aug2026 18:39:22.200] [main/INFO] [sleys.sl.epicfight.SLMEpicFightMod/]: [Virtualization Protocol] Virtual animation successfully created! s_epicfied:biped/skill/heartstabber_kneeling mapped to efn:biped/nf_dual/nf_dual_auto4
[30Aug2026 18:39:22.201] [main/WARN] [sleys.sl.epicfight.SLMEpicFightMod/]: [Virtualization Protocol] Manual registration initializing for Real Path: wom:biped/combat/agony_auto_4 to Virtual Path: s_epicfied:biped/skill/heartstabber_normal
[30Aug2026 18:39:22.201] [main/INFO] [sleys.sl.epicfight.SLMEpicFightMod/]: [Virtualization Protocol] Virtual animation successfully created! s_epicfied:biped/skill/heartstabber_normal mapped to wom:biped/combat/agony_auto_4
[30Aug2026 18:39:22.202] [main/INFO] [sleys.efedp.ExtendedDatapacks/]: [Conditional Innate Skill Registry] Registered Skill: heartstabber under modID: s_epicfied
[30Aug2026 18:39:22.202] [main/WARN] [sleys.sl.epicfight.SLMEpicFightMod/]: [Virtualization Protocol] Manual registration initializing for Real Path: wom:biped/skill/napoleon_shoot_2 to Virtual Path: s_epicfied:biped/skill/twinblade_skill_normal
[30Aug2026 18:39:22.203] [main/INFO] [sleys.sl.epicfight.SLMEpicFightMod/]: [Virtualization Protocol] Virtual animation successfully created! s_epicfied:biped/skill/twinblade_skill_normal mapped to wom:biped/skill/napoleon_shoot_2
[30Aug2026 18:39:22.203] [main/WARN] [sleys.sl.epicfight.SLMEpicFightMod/]: [Virtualization Protocol] Manual registration initializing for Real Path: wom:biped/skill/napoleon_waterlow_shoot to Virtual Path: s_epicfied:biped/skill/twinblade_skill_in_air
[30Aug2026 18:39:22.204] [main/INFO] [sleys.sl.epicfight.SLMEpicFightMod/]: [Virtualization Protocol] Virtual animation successfully created! s_epicfied:biped/skill/twinblade_skill_in_air mapped to wom:biped/skill/napoleon_waterlow_shoot
[30Aug2026 18:39:22.204] [main/WARN] [sleys.sl.epicfight.SLMEpicFightMod/]: [Virtualization Protocol] Manual registration initializing for Real Path: wom:biped/skill/napoleon_shoot_1 to Virtual Path: s_epicfied:biped/skill/twinblade_skill_sprinting
[30Aug2026 18:39:22.204] [main/INFO] [sleys.sl.epicfight.SLMEpicFightMod/]: [Virtualization Protocol] Virtual animation successfully created! s_epicfied:biped/skill/twinblade_skill_sprinting mapped to wom:biped/skill/napoleon_shoot_1
[30Aug2026 18:39:22.204] [main/INFO] [sleys.efedp.ExtendedDatapacks/]: [Conditional Innate Skill Registry] Registered Skill: twinblade_skill under modID: s_epicfied
[30Aug2026 18:39:22.205] [main/WARN] [sleys.sl.epicfight.SLMEpicFightMod/]: [Virtualization Protocol] Manual registration initializing for Real Path: efn:biped/nf_meen/nf_meen_charge2 to Virtual Path: s_epicfied:biped/skill/pierce_rush_normal
[30Aug2026 18:39:22.210] [main/INFO] [sleys.sl.epicfight.SLMEpicFightMod/]: [Virtualization Protocol] Virtual animation successfully created! s_epicfied:biped/skill/pierce_rush_normal mapped to efn:biped/nf_meen/nf_meen_charge2
[30Aug2026 18:39:22.210] [main/WARN] [sleys.sl.epicfight.SLMEpicFightMod/]: [Virtualization Protocol] Manual registration initializing for Real Path: efn:biped/nf_meen/nf_meen_charge1 to Virtual Path: s_epicfied:biped/skill/pierce_rush_kneeling
[30Aug2026 18:39:22.213] [main/INFO] [sleys.sl.epicfight.SLMEpicFightMod/]: [Virtualization Protocol] Virtual animation successfully created! s_epicfied:biped/skill/pierce_rush_kneeling mapped to efn:biped/nf_meen/nf_meen_charge1
[30Aug2026 18:39:22.214] [main/INFO] [sleys.efedp.ExtendedDatapacks/]: [Conditional Innate Skill Registry] Registered Skill: pierce_rush under modID: s_epicfied
[30Aug2026 18:39:22.215] [main/WARN] [sleys.sl.epicfight.SLMEpicFightMod/]: [Virtualization Protocol] Manual registration initializing for Real Path: efn:biped/nf_dual/nf_dual_skill to Virtual Path: s_epicfied:biped/skill/darkness_slash_normal
[30Aug2026 18:39:22.215] [main/INFO] [sleys.sl.epicfight.SLMEpicFightMod/]: [Virtualization Protocol] Virtual animation successfully created! s_epicfied:biped/skill/darkness_slash_normal mapped to efn:biped/nf_dual/nf_dual_skill
[30Aug2026 18:39:22.215] [main/WARN] [sleys.sl.epicfight.SLMEpicFightMod/]: [Virtualization Protocol] Manual registration initializing for Real Path: efn:biped/nf_dual/nf_dual_skill_hit to Virtual Path: s_epicfied:biped/skill/darkness_slash_in_air
[30Aug2026 18:39:22.216] [main/INFO] [sleys.sl.epicfight.SLMEpicFightMod/]: [Virtualization Protocol] Virtual animation successfully created! s_epicfied:biped/skill/darkness_slash_in_air mapped to efn:biped/nf_dual/nf_dual_skill_hit
[30Aug2026 18:39:22.217] [main/INFO] [sleys.efedp.ExtendedDatapacks/]: [Conditional Innate Skill Registry] Registered Skill: darkness_slash under modID: s_epicfied
[30Aug2026 18:39:22.217] [main/WARN] [sleys.sl.epicfight.SLMEpicFightMod/]: [Virtualization Protocol] Manual registration initializing for Real Path: reimportrob:biped/cdmoveset_dual_slash to Virtual Path: s_epicfied:biped/skill/chakram_slash_2_normal
[30Aug2026 18:39:22.218] [main/INFO] [sleys.sl.epicfight.SLMEpicFightMod/]: [Virtualization Protocol] Virtual animation successfully created! s_epicfied:biped/skill/chakram_slash_2_normal mapped to reimportrob:biped/cdmoveset_dual_slash
[30Aug2026 18:39:22.218] [main/WARN] [sleys.sl.epicfight.SLMEpicFightMod/]: [Virtualization Protocol] Manual registration initializing for Real Path: efn:biped/exsiliumgladius_reborn/exsiliumgladius_dd to Virtual Path: s_epicfied:biped/skill/chakram_slash_2_kneeling
[30Aug2026 18:39:22.218] [main/INFO] [sleys.sl.epicfight.SLMEpicFightMod/]: [Virtualization Protocol] Virtual animation successfully created! s_epicfied:biped/skill/chakram_slash_2_kneeling mapped to efn:biped/exsiliumgladius_reborn/exsiliumgladius_dd
[30Aug2026 18:39:22.218] [main/WARN] [sleys.sl.epicfight.SLMEpicFightMod/]: [Virtualization Protocol] Manual registration initializing for Real Path: efn:biped/exsiliumgladius_reborn/exsiliumgladius_d to Virtual Path: s_epicfied:biped/skill/chakram_slash_2_use_item
[30Aug2026 18:39:22.218] [main/INFO] [sleys.sl.epicfight.SLMEpicFightMod/]: [Virtualization Protocol] Virtual animation successfully created! s_epicfied:biped/skill/chakram_slash_2_use_item mapped to efn:biped/exsiliumgladius_reborn/exsiliumgladius_d
[30Aug2026 18:39:22.219] [main/INFO] [sleys.efedp.ExtendedDatapacks/]: [Conditional Innate Skill Registry] Registered Skill: chakram_slash_2 under modID: s_epicfied
[30Aug2026 18:39:22.219] [main/WARN] [sleys.sl.epicfight.SLMEpicFightMod/]: [Virtualization Protocol] Manual registration initializing for Real Path: efn:biped/exsiliumgladius_reborn/exsiliumgladius_d to Virtual Path: s_epicfied:biped/skill/chakram_slash_kneeling
[30Aug2026 18:39:22.220] [main/INFO] [sleys.sl.epicfight.SLMEpicFightMod/]: [Virtualization Protocol] Virtual animation successfully created! s_epicfied:biped/skill/chakram_slash_kneeling mapped to efn:biped/exsiliumgladius_reborn/exsiliumgladius_d
[30Aug2026 18:39:22.220] [main/WARN] [sleys.sl.epicfight.SLMEpicFightMod/]: [Virtualization Protocol] Manual registration initializing for Real Path: wom:biped/combat/moonless_auto_2 to Virtual Path: s_epicfied:biped/skill/chakram_slash_normal
[30Aug2026 18:39:22.221] [main/INFO] [sleys.sl.epicfight.SLMEpicFightMod/]: [Virtualization Protocol] Virtual animation successfully created! s_epicfied:biped/skill/chakram_slash_normal mapped to wom:biped/combat/moonless_auto_2
[30Aug2026 18:39:22.222] [main/INFO] [sleys.efedp.ExtendedDatapacks/]: [Conditional Innate Skill Registry] Registered Skill: chakram_slash under modID: s_epicfied
[30Aug2026 18:39:22.222] [main/INFO] [sleys.efedp.ExtendedDatapacks/]: [Conditional Stack Innate Skill Registry] Registering JSON skills
[30Aug2026 18:39:22.224] [main/WARN] [sleys.sl.epicfight.SLMEpicFightMod/]: [Virtualization Protocol] Manual registration initializing for Real Path: wom:biped/combat/agony_air_attack_3 to Virtual Path: s_epicfied:biped/skill/cosmic_wrath_normal
[30Aug2026 18:39:22.224] [main/INFO] [sleys.sl.epicfight.SLMEpicFightMod/]: [Virtualization Protocol] Virtual animation successfully created! s_epicfied:biped/skill/cosmic_wrath_normal mapped to wom:biped/combat/agony_air_attack_3
[30Aug2026 18:39:22.224] [main/WARN] [sleys.sl.epicfight.SLMEpicFightMod/]: [Virtualization Protocol] Manual registration initializing for Real Path: wom:biped/combat/solar_obscuridad_dinamita to Virtual Path: s_epicfied:biped/skill/cosmic_wrath_kneeling
[30Aug2026 18:39:22.225] [main/INFO] [sleys.sl.epicfight.SLMEpicFightMod/]: [Virtualization Protocol] Virtual animation successfully created! s_epicfied:biped/skill/cosmic_wrath_kneeling mapped to wom:biped/combat/solar_obscuridad_dinamita
[30Aug2026 18:39:22.225] [main/WARN] [sleys.sl.epicfight.SLMEpicFightMod/]: [Virtualization Protocol] Manual registration initializing for Real Path: wom:biped/skill/antitheus_ascended_deathfall to Virtual Path: s_epicfied:biped/skill/cosmic_wrath_in_air
[30Aug2026 18:39:22.226] [main/INFO] [sleys.sl.epicfight.SLMEpicFightMod/]: [Virtualization Protocol] Virtual animation successfully created! s_epicfied:biped/skill/cosmic_wrath_in_air mapped to wom:biped/skill/antitheus_ascended_deathfall
[30Aug2026 18:39:22.226] [main/WARN] [sleys.sl.epicfight.SLMEpicFightMod/]: [Virtualization Protocol] Manual registration initializing for Real Path: wom:biped/skill/antitheus_ascended_blink to Virtual Path: s_epicfied:biped/skill/cosmic_wrath_use_item
[30Aug2026 18:39:22.227] [main/INFO] [sleys.sl.epicfight.SLMEpicFightMod/]: [Virtualization Protocol] Virtual animation successfully created! s_epicfied:biped/skill/cosmic_wrath_use_item mapped to wom:biped/skill/antitheus_ascended_blink
[30Aug2026 18:39:22.227] [main/WARN] [sleys.sl.epicfight.SLMEpicFightMod/]: [Virtualization Protocol] Manual registration initializing for Real Path: wom:biped/combat/agony_air_attack_4 to Virtual Path: s_epicfied:biped/skill/cosmic_wrath_sprinting
[30Aug2026 18:39:22.227] [main/INFO] [sleys.sl.epicfight.SLMEpicFightMod/]: [Virtualization Protocol] Virtual animation successfully created! s_epicfied:biped/skill/cosmic_wrath_sprinting mapped to wom:biped/combat/agony_air_attack_4
[30Aug2026 18:39:22.227] [main/INFO] [sleys.efedp.ExtendedDatapacks/]: [Conditional Stack Innate Skill Registry] Registered Skill: cosmic_wrath under modID: s_epicfied
[30Aug2026 18:39:22.228] [main/WARN] [sleys.sl.epicfight.SLMEpicFightMod/]: [Virtualization Protocol] Manual registration initializing for Real Path: reimportrob:biped/cdmoveset_fushigiri_slash_1 to Virtual Path: s_epicfied:biped/skill/mortal_slash_normal
[30Aug2026 18:39:22.228] [main/INFO] [sleys.sl.epicfight.SLMEpicFightMod/]: [Virtualization Protocol] Virtual animation successfully created! s_epicfied:biped/skill/mortal_slash_normal mapped to reimportrob:biped/cdmoveset_fushigiri_slash_1
[30Aug2026 18:39:22.229] [main/WARN] [sleys.sl.epicfight.SLMEpicFightMod/]: [Virtualization Protocol] Manual registration initializing for Real Path: efn:biped/sekiro/kusabimaru/dragon_flash to Virtual Path: s_epicfied:biped/skill/mortal_slash_kneeling
[30Aug2026 18:39:22.239] [main/INFO] [sleys.sl.epicfight.SLMEpicFightMod/]: [Virtualization Protocol] Virtual animation successfully created! s_epicfied:biped/skill/mortal_slash_kneeling mapped to efn:biped/sekiro/kusabimaru/dragon_flash
[30Aug2026 18:39:22.239] [main/WARN] [sleys.sl.epicfight.SLMEpicFightMod/]: [Virtualization Protocol] Manual registration initializing for Real Path: reimportrob:biped/reascer_old_ruine_counterattack to Virtual Path: s_epicfied:biped/skill/mortal_slash_sprinting
[30Aug2026 18:39:22.239] [main/INFO] [sleys.sl.epicfight.SLMEpicFightMod/]: [Virtualization Protocol] Virtual animation successfully created! s_epicfied:biped/skill/mortal_slash_sprinting mapped to reimportrob:biped/reascer_old_ruine_counterattack
[30Aug2026 18:39:22.239] [main/WARN] [sleys.sl.epicfight.SLMEpicFightMod/]: [Virtualization Protocol] Manual registration initializing for Real Path: reimportrob:biped/cdmoveset_fushigiri_slash_2 to Virtual Path: s_epicfied:biped/skill/mortal_slash_use_item
[30Aug2026 18:39:22.240] [main/INFO] [sleys.sl.epicfight.SLMEpicFightMod/]: [Virtualization Protocol] Virtual animation successfully created! s_epicfied:biped/skill/mortal_slash_use_item mapped to reimportrob:biped/cdmoveset_fushigiri_slash_2
[30Aug2026 18:39:22.240] [main/INFO] [sleys.efedp.ExtendedDatapacks/]: [Conditional Stack Innate Skill Registry] Registered Skill: mortal_slash under modID: s_epicfied
[30Aug2026 18:39:22.241] [main/WARN] [sleys.sl.epicfight.SLMEpicFightMod/]: [Virtualization Protocol] Manual registration initializing for Real Path: efn:biped/scythe/skill/scythe_harvest to Virtual Path: s_epicfied:biped/skill/scythe_slash_kneeling
[30Aug2026 18:39:22.242] [main/INFO] [sleys.sl.epicfight.SLMEpicFightMod/]: [Virtualization Protocol] Virtual animation successfully created! s_epicfied:biped/skill/scythe_slash_kneeling mapped to efn:biped/scythe/skill/scythe_harvest
[30Aug2026 18:39:22.242] [main/WARN] [sleys.sl.epicfight.SLMEpicFightMod/]: [Virtualization Protocol] Manual registration initializing for Real Path: efn:biped/nf_tachi/nf_tachi_bloodlust to Virtual Path: s_epicfied:biped/skill/scythe_slash_normal
[30Aug2026 18:39:22.244] [main/INFO] [sleys.sl.epicfight.SLMEpicFightMod/]: [Virtualization Protocol] Virtual animation successfully created! s_epicfied:biped/skill/scythe_slash_normal mapped to efn:biped/nf_tachi/nf_tachi_bloodlust
[30Aug2026 18:39:22.245] [main/WARN] [sleys.sl.epicfight.SLMEpicFightMod/]: [Virtualization Protocol] Manual registration initializing for Real Path: wom:biped/combat/napoleon_austerlitz to Virtual Path: s_epicfied:biped/skill/scythe_slash_sprinting
[30Aug2026 18:39:22.245] [main/INFO] [sleys.sl.epicfight.SLMEpicFightMod/]: [Virtualization Protocol] Virtual animation successfully created! s_epicfied:biped/skill/scythe_slash_sprinting mapped to wom:biped/combat/napoleon_austerlitz
[30Aug2026 18:39:22.246] [main/WARN] [sleys.sl.epicfight.SLMEpicFightMod/]: [Virtualization Protocol] Manual registration initializing for Real Path: efn:biped/scythe/combat/scythe_auto5 to Virtual Path: s_epicfied:biped/skill/scythe_slash_use_item
[30Aug2026 18:39:22.246] [main/INFO] [sleys.sl.epicfight.SLMEpicFightMod/]: [Virtualization Protocol] Virtual animation successfully created! s_epicfied:biped/skill/scythe_slash_use_item mapped to efn:biped/scythe/combat/scythe_auto5
[30Aug2026 18:39:22.247] [main/INFO] [sleys.efedp.ExtendedDatapacks/]: [Conditional Stack Innate Skill Registry] Registered Skill: scythe_slash under modID: s_epicfied
[30Aug2026 18:39:22.249] [main/WARN] [sleys.sl.epicfight.SLMEpicFightMod/]: [Virtualization Protocol] Manual registration initializing for Real Path: wom:biped/combat/ruine_auto_4 to Virtual Path: s_epicfied:biped/skill/charged_breaker_normal
[30Aug2026 18:39:22.250] [main/INFO] [sleys.sl.epicfight.SLMEpicFightMod/]: [Virtualization Protocol] Virtual animation successfully created! s_epicfied:biped/skill/charged_breaker_normal mapped to wom:biped/combat/ruine_auto_4
[30Aug2026 18:39:22.250] [main/WARN] [sleys.sl.epicfight.SLMEpicFightMod/]: [Virtualization Protocol] Manual registration initializing for Real Path: wom:biped/combat/ruine_auto_4 to Virtual Path: s_epicfied:biped/skill/charged_breaker_use_item
[30Aug2026 18:39:22.250] [main/INFO] [sleys.sl.epicfight.SLMEpicFightMod/]: [Virtualization Protocol] Virtual animation successfully created! s_epicfied:biped/skill/charged_breaker_use_item mapped to wom:biped/combat/ruine_auto_4
[30Aug2026 18:39:22.250] [main/WARN] [sleys.sl.epicfight.SLMEpicFightMod/]: [Virtualization Protocol] Manual registration initializing for Real Path: wom:biped/skill/ruine_redemption to Virtual Path: s_epicfied:biped/skill/charged_breaker_kneeling
[30Aug2026 18:39:22.253] [main/INFO] [sleys.sl.epicfight.SLMEpicFightMod/]: [Virtualization Protocol] Virtual animation successfully created! s_epicfied:biped/skill/charged_breaker_kneeling mapped to wom:biped/skill/ruine_redemption
[30Aug2026 18:39:22.253] [main/INFO] [sleys.efedp.ExtendedDatapacks/]: [Conditional Stack Innate Skill Registry] Registered Skill: charged_breaker under modID: s_epicfied
[30Aug2026 18:39:22.267] [main/INFO] [dualaxes/]: buildSkillEvent
[30Aug2026 18:39:22.596] [main/WARN] [net.minecraft.network.syncher.SynchedEntityData/]: defineId called for: class net.minecraft.world.entity.TamableAnimal from class reascer.wom.world.entity.mob.EnderHand
[30Aug2026 18:39:22.596] [main/WARN] [net.minecraft.network.syncher.SynchedEntityData/]: defineId called for: class net.minecraft.world.entity.TamableAnimal from class reascer.wom.world.entity.mob.TargetingHelper
[30Aug2026 18:39:22.664] [main/WARN] [net.minecraft.network.syncher.SynchedEntityData/]: defineId called for: class net.minecraft.world.entity.boss.wither.WitherBoss from class yesman.epicfight.world.capabilities.entitypatch.boss.WitherPatch
[30Aug2026 18:39:22.664] [main/WARN] [net.minecraft.network.syncher.SynchedEntityData/]: defineId called for: class net.minecraft.world.entity.boss.wither.WitherBoss from class yesman.epicfight.world.capabilities.entitypatch.boss.WitherPatch
[30Aug2026 18:39:22.665] [main/WARN] [net.minecraft.network.syncher.SynchedEntityData/]: defineId called for: class net.minecraft.world.entity.boss.wither.WitherBoss from class yesman.epicfight.world.capabilities.entitypatch.boss.WitherPatch
[30Aug2026 18:39:22.665] [main/WARN] [net.minecraft.network.syncher.SynchedEntityData/]: defineId called for: class net.minecraft.world.entity.boss.wither.WitherBoss from class yesman.epicfight.world.capabilities.entitypatch.boss.WitherPatch
[30Aug2026 18:39:22.665] [main/WARN] [net.minecraft.network.syncher.SynchedEntityData/]: defineId called for: class net.minecraft.world.entity.boss.wither.WitherBoss from class yesman.epicfight.world.capabilities.entitypatch.boss.WitherPatch
[30Aug2026 18:39:22.666] [main/WARN] [net.minecraft.network.syncher.SynchedEntityData/]: defineId called for: class net.minecraft.world.entity.boss.wither.WitherBoss from class yesman.epicfight.world.capabilities.entitypatch.boss.WitherPatch
[30Aug2026 18:39:22.666] [main/WARN] [net.minecraft.network.syncher.SynchedEntityData/]: defineId called for: class net.minecraft.world.entity.boss.wither.WitherBoss from class yesman.epicfight.world.capabilities.entitypatch.boss.WitherPatch
[30Aug2026 18:39:22.666] [main/WARN] [net.minecraft.network.syncher.SynchedEntityData/]: defineId called for: class net.minecraft.world.entity.boss.wither.WitherBoss from class yesman.epicfight.world.capabilities.entitypatch.boss.WitherPatch
[30Aug2026 18:39:22.666] [main/WARN] [net.minecraft.network.syncher.SynchedEntityData/]: defineId called for: class net.minecraft.world.entity.boss.wither.WitherBoss from class yesman.epicfight.world.capabilities.entitypatch.boss.WitherPatch
[30Aug2026 18:39:22.974] [main/INFO] [com.yukami.efiscompat.config.CommonConfig/]: Config loaded! [irons_spellbooks:blood_staff, irons_spellbooks:ice_staff, irons_spellbooks:graybeard_staff, irons_spellbooks:artificer_cane, irons_spellbooks:lightning_rod, irons_spellbooks:magehunter, irons_spellbooks:keeper_flamberge, irons_spellbooks:spellbreaker, irons_spellbooks:amethyst_rapier, irons_spellbooks:hither_thither_wand]
[30Aug2026 18:39:23.007] [Thread-1/INFO] [ModernFix/]: Please use /mfsrc to reload any changed mod config files
[30Aug2026 18:39:23.180] [main/INFO] [com.armilp.ezvcsurvival.EZVCSurvival/]: [SoundConfig] Loading configuration...
[30Aug2026 18:39:23.570] [modloading-worker-0/INFO] [com.FluffyMoment.ironcarrots.IronCarrots/]: IRON CARROTS: Common Setup Initializing...
[30Aug2026 18:39:23.609] [modloading-worker-0/INFO] [com.chatbetter.ChatBetter/]: Chat Better loaded.
[30Aug2026 18:39:23.632] [Forge Version Check/INFO] [net.minecraftforge.fml.VersionChecker/]: [easyanvils] Starting version check at https://raw.githubusercontent.com/Fuzss/modresources/main/update/easyanvils.json
[30Aug2026 18:39:23.651] [modloading-worker-0/INFO] [voicechat/]: [voicechat] Compatibility version 20
[30Aug2026 18:39:23.664] [modloading-worker-0/WARN] [sleys.sl.library.SLLibrary/]: 4 contract violations were detected. These mods may behave unexpectedly, but the load continues:

Expected Contract Violation
The mod [SL Library] declares that its dependents must use version >= 1.6

Reason:
The old network system was replaced with a centralized, deterministic
one to resolve network asynchronicity issues that were causing
connection bounces for players. This change constitutes an
architectural overhaul, therefore requiring updates to dependent
systems. If you do not use the network system, you can safely ignore
this message.

Affected dependents:
  - SLM: Codex
  - Simply Swords Epicfied Core 1.4
  - SLM: Epic Fight

-------------------------------

Expected Contract Violation
The mod [Epic Fight - Extended Datapacks] declares that its dependents must use version >= 2.4.6

Reason:
Changes have been introduced to the Innate Skills system. All
dependents using this area are requested to update their
implementations accordingly. If Innate Skills are not used, this
message can be safely ignored. The registration and behavior of Innate
Skills have been substantially revised to simplify their
implementation and remove unnecessary references. This change makes
the previous Phase-based system incompatible with current and newer
versions. You can review the changes here:
https://github.com/Sleys-g/ExtendedDatapacks/wiki/Recent-Changes

Affected dependents:
  - Simply Swords Epicfied Core 1.4

[30Aug2026 18:39:23.759] [Forge Version Check/INFO] [net.minecraftforge.fml.VersionChecker/]: [easyanvils] Found status: UP_TO_DATE Current: 8.0.2 Target: null
[30Aug2026 18:39:23.764] [Forge Version Check/INFO] [net.minecraftforge.fml.VersionChecker/]: [roomfortwo] Starting version check at https://api.modrinth.com/updates/YZlvzIFq/forge_updates.json
[30Aug2026 18:39:24.020] [modloading-worker-0/INFO] [voicechat/]: [voicechat] Loading plugins
[30Aug2026 18:39:24.048] [modloading-worker-0/INFO] [voicechat/]: [voicechat] Loaded 3 plugin(s)
[30Aug2026 18:39:24.050] [modloading-worker-0/INFO] [voicechat/]: [voicechat] Initializing plugins
[30Aug2026 18:39:24.077] [modloading-worker-0/INFO] [Sound Physics - General/]: Initializing Simple Voice Chat integration
[30Aug2026 18:39:24.078] [modloading-worker-0/INFO] [voicechat/]: [voicechat] Initialized 3 plugin(s)
[30Aug2026 18:39:24.080] [modloading-worker-0/INFO] [voicechat/]: [voicechat] Registering events for 'sound_physics_remastered'
[30Aug2026 18:39:24.083] [modloading-worker-0/INFO] [voicechat/]: [voicechat] Registering events for 'vibrativevoice'
[30Aug2026 18:39:24.084] [modloading-worker-0/INFO] [voicechat/]: [voicechat] Registering events for 'ezvcsurvival'
[30Aug2026 18:39:24.105] [modloading-worker-0/INFO] [com.github.nyuppo.MoreMobVariants/]: Giving mobs a fresh coat of paint...
[30Aug2026 18:39:24.117] [Forge Version Check/INFO] [net.minecraftforge.fml.VersionChecker/]: [roomfortwo] Found status: BETA Current: 0.2.0 Target: 0.2.0
[30Aug2026 18:39:24.117] [Forge Version Check/INFO] [net.minecraftforge.fml.VersionChecker/]: [pickupnotifier] Starting version check at https://raw.githubusercontent.com/Fuzss/modresources/main/update/pickupnotifier.json
[30Aug2026 18:39:24.130] [modloading-worker-0/INFO] [com.connectivity.Connectivity/]: Connectivity initialized
[30Aug2026 18:39:24.139] [modloading-worker-0/INFO] [com.structureessentials.StructureEssentials/]: structureessentials mod initialized
[30Aug2026 18:39:24.144] [Forge Version Check/INFO] [net.minecraftforge.fml.VersionChecker/]: [pickupnotifier] Found status: UP_TO_DATE Current: 8.0.0 Target: null
[30Aug2026 18:39:24.144] [Forge Version Check/INFO] [net.minecraftforge.fml.VersionChecker/]: [undermod] Starting version check at https://raw.githubusercontent.com/mystronics/undermod/main/versions-forge.json
[30Aug2026 18:39:24.219] [modloading-worker-0/INFO] [com.lootintegrations.LootintegrationsMod/]: lootintegrations mod initialized
[30Aug2026 18:39:24.219] [modloading-worker-0/INFO] [com.seaeater.mod.SeaEaterMod/]: Sea Eater Mod - Common Setup
[30Aug2026 18:39:24.294] [Forge Version Check/INFO] [net.minecraftforge.fml.VersionChecker/]: [undermod] Found status: BETA Current: 0.2.1 Target: null
[30Aug2026 18:39:24.295] [Forge Version Check/INFO] [net.minecraftforge.fml.VersionChecker/]: [mr_limesplatus_ending] Starting version check at https://api.modrinth.com/updates/MCnBYP0b/forge_updates.json
[30Aug2026 18:39:24.301] [modloading-worker-0/INFO] [cz.maxtechnik.ntrials.NTrialsMod/]: NewTrials Common loading...
[30Aug2026 18:39:24.327] [modloading-worker-0/INFO] [xaero.lib.XaeroLib/]: Loading XaeroLib common 1/2!
[30Aug2026 18:39:24.341] [modloading-worker-0/INFO] [fzzy_config/]: Loaded config simplyswords:loot in 21ms
[30Aug2026 18:39:24.397] [Forge Version Check/INFO] [net.minecraftforge.fml.VersionChecker/]: [mr_limesplatus_ending] Found status: OUTDATED Current: 1-v1.1.0c Target: 1.1.0c+mod
[30Aug2026 18:39:24.397] [Forge Version Check/INFO] [net.minecraftforge.fml.VersionChecker/]: [puzzlesaccessapi] Starting version check at https://raw.githubusercontent.com/Fuzss/modresources/main/update/puzzlesaccessapi.json
[30Aug2026 18:39:24.411] [modloading-worker-0/INFO] [com.rajhab.morevanillashields_mod.morevanillashields/]: morevanillashields: This mod now runs with a config file. Feel free to use it!
[30Aug2026 18:39:24.416] [Forge Version Check/INFO] [net.minecraftforge.fml.VersionChecker/]: [puzzlesaccessapi] Found status: BETA Current: 20.1.1 Target: null
[30Aug2026 18:39:24.416] [Forge Version Check/INFO] [net.minecraftforge.fml.VersionChecker/]: [forge] Starting version check at https://files.minecraftforge.net/net/minecraftforge/forge/promotions_slim.json
[30Aug2026 18:39:24.428] [modloading-worker-0/INFO] [com.brutalbosses.BrutalBosses/]: brutalbosses mod initialized
[30Aug2026 18:39:24.530] [modloading-worker-0/INFO] [STDOUT/]: [com.armilp.ezvcsurvival.compat.mobs.spore.SporeCompatLoader:init:17]: [EZVCSurvival] Spore not found, skipping compatibility.
[30Aug2026 18:39:24.668] [Forge Version Check/INFO] [net.minecraftforge.fml.VersionChecker/]: [forge] Found status: UP_TO_DATE Current: 47.4.10 Target: null
[30Aug2026 18:39:24.669] [Forge Version Check/INFO] [net.minecraftforge.fml.VersionChecker/]: [voicechat] Starting version check at https://update.maxhenkel.de/forge/voicechat
[30Aug2026 18:39:25.085] [main/INFO] [com.tiviacz.travelersbackpack.TravelersBackpack/]: Registered the FluidEffect with Unique ID of minecraft:water for Water (Fluid Amount Required: 1000) with the ID 0
[30Aug2026 18:39:25.085] [main/INFO] [com.tiviacz.travelersbackpack.TravelersBackpack/]: Registered the FluidEffect with Unique ID of minecraft:lava for Lava (Fluid Amount Required: 1000) with the ID 1
[30Aug2026 18:39:25.086] [main/INFO] [com.tiviacz.travelersbackpack.TravelersBackpack/]: Registered the FluidEffect with Unique ID of travelersbackpack:potion for Uncraftable Potion (Fluid Amount Required: 250) with the ID 2
[30Aug2026 18:39:25.087] [main/INFO] [com.tiviacz.travelersbackpack.TravelersBackpack/]: Registered the FluidEffect with Unique ID of minecraft:milk for Milk (Fluid Amount Required: 1000) with the ID 3
[30Aug2026 18:39:25.087] [main/INFO] [com.tiviacz.travelersbackpack.TravelersBackpack/]: Registered the FluidEffect with Unique ID of toughasnails:potion for Uncraftable Potion (Fluid Amount Required: 250) with the ID 4
[30Aug2026 18:39:25.088] [main/INFO] [com.tiviacz.travelersbackpack.TravelersBackpack/]: Registered the FluidEffect with Unique ID of toughasnails:water_canteen for Water (Fluid Amount Required: 200) with the ID 5
[30Aug2026 18:39:25.088] [main/INFO] [com.tiviacz.travelersbackpack.TravelersBackpack/]: Registered the FluidEffect with Unique ID of toughasnails:water for Water (Fluid Amount Required: 1000) with the ID 6
[30Aug2026 18:39:25.126] [main/INFO] [sleys.sl.library.SLLibrary/]: [SL Library] Registry Packet sl_data_driven:hash_validation -> AS 0 (HashValidation)
[30Aug2026 18:39:25.127] [main/INFO] [sleys.sl.library.SLLibrary/]: [SL Library] Registry Packet sl_library:cts_cooldown_applier -> AS 1 (CTSMessageApplyCooldown)
[30Aug2026 18:39:25.127] [main/INFO] [sleys.sl.library.SLLibrary/]: [SL Library] Registry Packet sl_library:cts_focal_tag_sync_packet -> AS 2 (CTSFocalTagSyncPacket)
[30Aug2026 18:39:25.127] [main/INFO] [sleys.sl.library.SLLibrary/]: [SL Library] Registry Packet sl_library:cts_particle_packet -> AS 3 (CTSParticlePacket)
[30Aug2026 18:39:25.128] [main/INFO] [sleys.sl.library.SLLibrary/]: [SL Library] Registry Packet sl_library:cts_tick_task -> AS 4 (CTSTickTask)
[30Aug2026 18:39:25.128] [main/INFO] [sleys.sl.library.SLLibrary/]: [SL Library] Registry Packet sl_library:stc_focal_tag_sync_packet -> AS 5 (STCFocalTagSyncPacket)
[30Aug2026 18:39:25.128] [main/INFO] [sleys.sl.library.SLLibrary/]: [SL Library] Registry Packet sl_library:stc_particle_packet -> AS 6 (STCParticlePacket)
[30Aug2026 18:39:25.128] [main/INFO] [sleys.sl.library.SLLibrary/]: [SL Library] Registry Packet sl_library:stc_text_particle_packet -> AS 7 (STCTextParticlePacket)
[30Aug2026 18:39:25.128] [main/INFO] [sleys.sl.library.SLLibrary/]: [SL Library] Registry Packet sl_library:stc_tick_task -> AS 8 (STCTickTask)
[30Aug2026 18:39:25.128] [main/INFO] [sleys.sl.library.SLLibrary/]: [SL Library] Registry Packet sl_library:stc_un_focal_tag_packet -> AS 9 (STCUnfocalTagSyncPacket)
[30Aug2026 18:39:25.129] [main/INFO] [sleys.sl.library.SLLibrary/]: [SL Library] Registry Packet slm_shaders:cts_shader_packet -> AS 10 (CTSShaderPacket)
[30Aug2026 18:39:25.129] [main/INFO] [sleys.sl.library.SLLibrary/]: [SL Library] Registry Packet slm_shaders:stc_shader_call_all_packets -> AS 11 (STCShaderCancelAllTypes)
[30Aug2026 18:39:25.129] [main/INFO] [sleys.sl.library.SLLibrary/]: [SL Library] Registry Packet slm_shaders:stc_shader_cancel_packet -> AS 12 (STCShaderPacketCancel)
[30Aug2026 18:39:25.129] [main/INFO] [sleys.sl.library.SLLibrary/]: [SL Library] Registry Packet slm_shaders:stc_shader_packet -> AS 13 (STCShaderPacket)
[30Aug2026 18:39:25.131] [main/INFO] [sleys.sl.library.SLLibrary/]: [SL Library] Network Froze: 14 Packets, Hash cfc709a4f3d12210
[30Aug2026 18:39:25.132] [main/INFO] [com.finderfeed.fdlib.FDLib/]: Loading FD animations...
[30Aug2026 18:39:25.132] [main/INFO] [com.finderfeed.fdlib.FDLib/]: Loading animation: fdlib:testanim
[30Aug2026 18:39:25.164] [main/INFO] [com.finderfeed.fdlib.FDLib/]: FD Animations loaded!
[30Aug2026 18:39:25.164] [main/INFO] [com.finderfeed.fdlib.FDLib/]: Loading FD models...
[30Aug2026 18:39:25.164] [main/INFO] [com.finderfeed.fdlib.FDLib/]: Loading model: fdlib:test
[30Aug2026 18:39:25.193] [main/INFO] [com.finderfeed.fdlib.FDLib/]: Loading model: fdlib:test
[30Aug2026 18:39:25.196] [main/INFO] [com.finderfeed.fdlib.FDLib/]: FD Models loaded!
[30Aug2026 18:39:25.449] [Forge Version Check/INFO] [net.minecraftforge.fml.VersionChecker/]: [voicechat] Found status: UP_TO_DATE Current: 1.20.1-2.6.22 Target: null
[30Aug2026 18:39:25.449] [Forge Version Check/INFO] [net.minecraftforge.fml.VersionChecker/]: [sound_physics_remastered] Starting version check at https://update.maxhenkel.de/forge/sound_physics_remastered
[30Aug2026 18:39:25.599] [Forge Version Check/INFO] [net.minecraftforge.fml.VersionChecker/]: [sound_physics_remastered] Found status: AHEAD Current: 1.20.1-1.5.1 Target: null
[30Aug2026 18:39:25.599] [Forge Version Check/INFO] [net.minecraftforge.fml.VersionChecker/]: [ksyxis] Starting version check at https://raw.githubusercontent.com/VidTu/Ksyxis/main/updater_ksyxis_forge.json
[30Aug2026 18:39:25.747] [Forge Version Check/INFO] [net.minecraftforge.fml.VersionChecker/]: [ksyxis] Found status: UP_TO_DATE Current: 1.4.3 Target: null
[30Aug2026 18:39:25.747] [Forge Version Check/INFO] [net.minecraftforge.fml.VersionChecker/]: [gravestone] Starting version check at https://update.maxhenkel.de/forge/gravestone
[30Aug2026 18:39:25.801] [main/INFO] [Moonlight/]: Initialized color sets in 149ms
[30Aug2026 18:39:25.804] [main/ERROR] [Moonlight/]: Fabric API detected! This is not a Fabric mod, so please dont report related issues to MoonlightLib or its dependant. This can usually happen with connector or when having a mod that does NOT have a proper Forge native implementation. This can easily lead to poor compatibility and issues. Proceed ar your own risk. 
 Mods that bundled Fabric API: [net.minecraftforge.fml.loading.moddiscovery.ModInfo@401e02b4]
[30Aug2026 18:39:25.891] [main/INFO] [com.niko.voicespells.VoiceSpells/]: Indexed 158 spells (171 grammar phrases incl. aliases)
[30Aug2026 18:39:25.896] [main/INFO] [com.niko.voicespells.VoiceSpells/]:   irons_spellbooks : 111 spells
[30Aug2026 18:39:25.898] [main/INFO] [com.niko.voicespells.VoiceSpells/]:   wizardshelp : 9 spells
[30Aug2026 18:39:25.899] [main/INFO] [com.niko.voicespells.VoiceSpells/]:   darkdoppelganger : 2 spells
[30Aug2026 18:39:25.899] [main/INFO] [com.niko.voicespells.VoiceSpells/]:   legendary_spellbooks : 30 spells
[30Aug2026 18:39:25.899] [main/INFO] [com.niko.voicespells.VoiceSpells/]:   wind_spellbooks : 6 spells
[30Aug2026 18:39:25.907] [Forge Version Check/INFO] [net.minecraftforge.fml.VersionChecker/]: [gravestone] Found status: AHEAD Current: 1.20.1-1.0.35 Target: null
[30Aug2026 18:39:25.907] [Forge Version Check/INFO] [net.minecraftforge.fml.VersionChecker/]: [canary] Starting version check at https://github.com/AbdElAziz333/Canary/raw/mc1.19.2/dev/updates.json
[30Aug2026 18:39:25.936] [main/INFO] [com.niko.voicespells.VoiceSpells/]: Iron's Spells/Curios API self-check passed
[30Aug2026 18:39:25.937] [main/INFO] [com.niko.voicespells.VoiceSpells/]: Iron's Spells: found
[30Aug2026 18:39:26.137] [main/INFO] [com.asanginxst.epicfightx.EpicFightExtraMod/]: EFX: Replacing Epic Fight Weapon Types...
[30Aug2026 18:39:26.138] [main/INFO] [DualGreatswords/]: Registered item capabilities
[30Aug2026 18:39:26.219] [modloading-worker-0/INFO] [xaero.minimap.XaeroMinimap/]: Loading Xaero's Minimap - Stage 1/2 (Server)
[30Aug2026 18:39:26.227] [modloading-worker-0/INFO] [xaero.lib.XaeroLib/]: Loading XaeroLib server 1/2!
[30Aug2026 18:39:26.220] [modloading-worker-0/INFO] [xaero.map.server.WorldMapServer/]: Loading Xaero's World Map - Stage 1/2 (Server)
[30Aug2026 18:39:26.249] [main/INFO] [xaero.minimap.XaeroMinimap/]: Loading Xaero's Minimap - Stage 2/2 (Server)
[30Aug2026 18:39:26.250] [main/INFO] [xaero.map.server.WorldMapServer/]: Loading Xaero's World Map - Stage 2/2 (Server)
[30Aug2026 18:39:26.252] [main/INFO] [xaero.lib.XaeroLib/]: Loading XaeroLib common 2/2!
[30Aug2026 18:39:26.255] [main/INFO] [xaero.lib.XaeroLib/]: Loading XaeroLib server 2/2!
[30Aug2026 18:39:26.329] [Forge Version Check/WARN] [net.minecraftforge.fml.VersionChecker/]: Failed to process update information
com.google.gson.JsonSyntaxException: java.lang.IllegalStateException: Expected BEGIN_OBJECT but was STRING at line 9 column 1 path $
	at com.google.gson.Gson.fromJson(Gson.java:1226) ~[gson-2.10.jar%2372!/:?]
	at com.google.gson.Gson.fromJson(Gson.java:1124) ~[gson-2.10.jar%2372!/:?]
	at com.google.gson.Gson.fromJson(Gson.java:1034) ~[gson-2.10.jar%2372!/:?]
	at com.google.gson.Gson.fromJson(Gson.java:969) ~[gson-2.10.jar%2372!/:?]
	at net.minecraftforge.fml.VersionChecker$1.process(VersionChecker.java:186) ~[fmlcore-1.20.1-47.4.10.jar%23578!/:?]
	at java.lang.Iterable.forEach(Iterable.java:75) ~[?:?]
	at net.minecraftforge.fml.VersionChecker$1.run(VersionChecker.java:117) ~[fmlcore-1.20.1-47.4.10.jar%23578!/:?]
Caused by: java.lang.IllegalStateException: Expected BEGIN_OBJECT but was STRING at line 9 column 1 path $
	at com.google.gson.stream.JsonReader.beginObject(JsonReader.java:393) ~[gson-2.10.jar%2372!/:?]
	at com.google.gson.internal.bind.MapTypeAdapterFactory$Adapter.read(MapTypeAdapterFactory.java:182) ~[gson-2.10.jar%2372!/:?]
	at com.google.gson.internal.bind.MapTypeAdapterFactory$Adapter.read(MapTypeAdapterFactory.java:144) ~[gson-2.10.jar%2372!/:?]
	at com.google.gson.Gson.fromJson(Gson.java:1214) ~[gson-2.10.jar%2372!/:?]
	... 6 more
[30Aug2026 18:39:26.331] [Forge Version Check/INFO] [net.minecraftforge.fml.VersionChecker/]: [puzzleslib] Starting version check at https://raw.githubusercontent.com/Fuzss/modresources/main/update/puzzleslib.json
[30Aug2026 18:39:26.347] [Forge Version Check/INFO] [net.minecraftforge.fml.VersionChecker/]: [puzzleslib] Found status: UP_TO_DATE Current: 8.1.33 Target: null
[30Aug2026 18:39:26.347] [Forge Version Check/INFO] [net.minecraftforge.fml.VersionChecker/]: [aquamirae] Starting version check at https://raw.githubusercontent.com/ObscuriaLithium/modding/main/versions/aquamirae.json
[30Aug2026 18:39:26.441] [modloading-worker-0/INFO] [io.redspace.ironsspellbooks.IronsSpellbooks/]: Got IMC []
[30Aug2026 18:39:26.449] [Forge Version Check/INFO] [net.minecraftforge.fml.VersionChecker/]: [aquamirae] Found status: OUTDATED Current: 6.4.0 Target: 7.1.13
[30Aug2026 18:39:26.450] [Forge Version Check/INFO] [net.minecraftforge.fml.VersionChecker/]: [ad_astra] Starting version check at https://api.modrinth.com/updates/3ufwT9JF/forge_updates.json
[30Aug2026 18:39:26.543] [modloading-worker-0/INFO] [Lexiconfig/]: Cataloging lexicon com.codinglitch.lexiconfig.LexiconfigConfig@61000cd2!
[30Aug2026 18:39:26.549] [Forge Version Check/INFO] [net.minecraftforge.fml.VersionChecker/]: [ad_astra] Found status: UP_TO_DATE Current: 1.15.20 Target: null
[30Aug2026 18:39:26.550] [Forge Version Check/INFO] [net.minecraftforge.fml.VersionChecker/]: [bookshelf] Starting version check at https://updates.blamejared.com/get?n=bookshelf&gv=1.20.1
[30Aug2026 18:39:26.559] [modloading-worker-0/INFO] [Lexiconfig/]: Cataloging lexicon com.codinglitch.vibrativevoice.VibrativeVoiceConfig@a8cf605!
[30Aug2026 18:39:26.565] [modloading-worker-0/INFO] [Lexiconfig/]: Lexiconfig cataloging completed!
[30Aug2026 18:39:26.578] [modloading-worker-0/WARN] [sleys.sl.epicfight.SLMEpicFightMod/]: [Virtualization Protocol] There are no virtualization requests, cycle ending...
[30Aug2026 18:39:26.615] [main/INFO] [citadel/]: adding citadel surface rules via terrablender...
[30Aug2026 18:39:26.617] [main/INFO] [citadel/]: Added 0 vanilla biome surface rule types via terrablender
[30Aug2026 18:39:26.617] [main/INFO] [citadel/]: Added 0 modded biome surface rule types via terrablender
[30Aug2026 18:39:27.096] [main/INFO] [epicfight/]: Data keys [dodge_parry_reward:delay_timer] for dodge_parry_reward:health_boost1
[30Aug2026 18:39:27.096] [main/INFO] [epicfight/]: Data keys [dodge_parry_reward:delay_timer] for dodge_parry_reward:health_boost2
[30Aug2026 18:39:27.096] [main/INFO] [epicfight/]: Data keys [dodge_parry_reward:delay_timer] for dodge_parry_reward:health_boost3
[30Aug2026 18:39:27.096] [main/INFO] [epicfight/]: Data keys [dodge_parry_reward:delay_timer] for dodge_parry_reward:health_boost4
[30Aug2026 18:39:27.097] [main/INFO] [epicfight/]: Data keys [dodge_parry_reward:delay_timer] for dodge_parry_reward:absorb1
[30Aug2026 18:39:27.097] [main/INFO] [epicfight/]: Data keys [dodge_parry_reward:delay_timer] for dodge_parry_reward:absorb2
[30Aug2026 18:39:27.097] [main/INFO] [epicfight/]: Data keys [dodge_parry_reward:delay_timer] for dodge_parry_reward:absorb3
[30Aug2026 18:39:27.097] [main/INFO] [epicfight/]: Data keys [dodge_parry_reward:delay_timer] for dodge_parry_reward:absorb4
[30Aug2026 18:39:27.097] [main/INFO] [epicfight/]: Data keys [dodge_parry_reward:delay_timer] for dodge_parry_reward:heal1
[30Aug2026 18:39:27.097] [main/INFO] [epicfight/]: Data keys [dodge_parry_reward:delay_timer] for dodge_parry_reward:heal2
[30Aug2026 18:39:27.097] [main/INFO] [epicfight/]: Data keys [dodge_parry_reward:delay_timer] for dodge_parry_reward:heal3
[30Aug2026 18:39:27.097] [main/INFO] [epicfight/]: Data keys [dodge_parry_reward:delay_timer] for dodge_parry_reward:heal4
[30Aug2026 18:39:27.098] [main/INFO] [epicfight/]: Data keys [dodge_parry_reward:delay_timer] for dodge_parry_reward:resist1
[30Aug2026 18:39:27.098] [main/INFO] [epicfight/]: Data keys [dodge_parry_reward:delay_timer] for dodge_parry_reward:resist2
[30Aug2026 18:39:27.098] [main/INFO] [epicfight/]: Data keys [dodge_parry_reward:delay_timer] for dodge_parry_reward:resist3
[30Aug2026 18:39:27.098] [main/INFO] [epicfight/]: Data keys [dodge_parry_reward:delay_timer] for dodge_parry_reward:resist4
[30Aug2026 18:39:27.098] [main/INFO] [epicfight/]: Data keys [dodge_parry_reward:delay_timer] for dodge_parry_reward:stun_imm1
[30Aug2026 18:39:27.098] [main/INFO] [epicfight/]: Data keys [dodge_parry_reward:delay_timer] for dodge_parry_reward:stun_imm2
[30Aug2026 18:39:27.098] [main/INFO] [epicfight/]: Data keys [dodge_parry_reward:delay_timer] for dodge_parry_reward:stun_imm3
[30Aug2026 18:39:27.099] [main/INFO] [epicfight/]: Data keys [dodge_parry_reward:delay_timer] for dodge_parry_reward:stun_imm4
[30Aug2026 18:39:27.099] [main/INFO] [epicfight/]: Data keys [dodge_parry_reward:delay_timer] for dodge_parry_reward:damage_boost1
[30Aug2026 18:39:27.099] [main/INFO] [epicfight/]: Data keys [dodge_parry_reward:delay_timer] for dodge_parry_reward:damage_boost2
[30Aug2026 18:39:27.099] [main/INFO] [epicfight/]: Data keys [dodge_parry_reward:delay_timer] for dodge_parry_reward:damage_boost3
[30Aug2026 18:39:27.099] [main/INFO] [epicfight/]: Data keys [dodge_parry_reward:delay_timer] for dodge_parry_reward:damage_boost4
[30Aug2026 18:39:27.099] [main/INFO] [epicfight/]: Data keys [dodge_parry_reward:delay_timer] for dodge_parry_reward:speed1
[30Aug2026 18:39:27.099] [main/INFO] [epicfight/]: Data keys [dodge_parry_reward:delay_timer] for dodge_parry_reward:speed2
[30Aug2026 18:39:27.099] [main/INFO] [epicfight/]: Data keys [dodge_parry_reward:delay_timer] for dodge_parry_reward:speed3
[30Aug2026 18:39:27.099] [main/INFO] [epicfight/]: Data keys [dodge_parry_reward:delay_timer] for dodge_parry_reward:speed4
[30Aug2026 18:39:27.099] [main/INFO] [epicfight/]: Data keys [dodge_parry_reward:delay_timer] for dodge_parry_reward:stamina1
[30Aug2026 18:39:27.100] [main/INFO] [epicfight/]: Data keys [dodge_parry_reward:delay_timer] for dodge_parry_reward:stamina2
[30Aug2026 18:39:27.100] [main/INFO] [epicfight/]: Data keys [dodge_parry_reward:delay_timer] for dodge_parry_reward:stamina3
[30Aug2026 18:39:27.100] [main/INFO] [epicfight/]: Data keys [dodge_parry_reward:delay_timer] for dodge_parry_reward:stamina4
[30Aug2026 18:39:27.100] [main/INFO] [epicfight/]: Data keys [invincible:up, invincible:right, invincible:down, invincible:dodge_success_timer, invincible:left, invincible:cooldown, invincible:parry_timer] for invincible:combo_demo
[30Aug2026 18:39:27.100] [main/INFO] [epicfight/]: Data keys [cdmoveset:target_id] for cdmoveset:ex_yamato_step
[30Aug2026 18:39:27.100] [main/INFO] [epicfight/]: Data keys [cdmoveset:wolf_passive, cdmoveset:damage, cdmoveset:timer] for cdmoveset:bloodwolf
[30Aug2026 18:39:27.100] [main/INFO] [epicfight/]: Data keys [cdmoveset:yamato_attack_active, cdmoveset:yamato_power3_active, cdmoveset:yamato_attack, cdmoveset:damages, cdmoveset:counter_success] for cdmoveset:yamatoskill
[30Aug2026 18:39:27.100] [main/INFO] [epicfight/]: Data keys [cdmoveset:rush_combo] for cdmoveset:blade_rush
[30Aug2026 18:39:27.101] [main/INFO] [epicfight/]: Data keys [cdmoveset:yamato_power3_active] for cdmoveset:yamato_passive
[30Aug2026 18:39:27.101] [main/INFO] [epicfight/]: Data keys [cdmoveset:reset_timer, cdmoveset:direction, cdmoveset:count, cdmoveset:dodge_played] for cdmoveset:wolf_dodge
[30Aug2026 18:39:27.101] [main/INFO] [epicfight/]: Data keys [epicfight:basic_attack_active, epicfight:combo_counter] for epicfight:basic_attack
[30Aug2026 18:39:27.101] [main/INFO] [epicfight/]: Data keys [epicfight:penalty_restore_counter, epicfight:penalty] for epicfight:guard
[30Aug2026 18:39:27.101] [main/INFO] [epicfight/]: Data keys [epicfight:penalty_restore_counter, epicfight:penalty, epicfight:parry_motion_counter, epicfight:last_active] for epicfight:parrying
[30Aug2026 18:39:27.101] [main/INFO] [epicfight/]: Data keys [epicfight:penalty_restore_counter, epicfight:penalty] for epicfight:impact_guard
[30Aug2026 18:39:27.101] [main/INFO] [epicfight/]: Data keys [epicfight:tick_record, epicfight:stacks, epicfight:resisting_damage_type] for epicfight:adaptive_skin
[30Aug2026 18:39:27.102] [main/INFO] [epicfight/]: Data keys [epicfight:tick_record] for epicfight:adrenaline_fiend
[30Aug2026 18:39:27.102] [main/INFO] [epicfight/]: Data keys [epicfight:stacks, epicfight:entity_id] for epicfight:bonebreaker
[30Aug2026 18:39:27.102] [main/INFO] [epicfight/]: Data keys [epicfight:tick_record, epicfight:entity_id] for epicfight:vengeance
[30Aug2026 18:39:27.102] [main/INFO] [epicfight/]: Data keys [epicfight:fall_distance, epicfight:slam_protect_next_fall] for epicfight:meteor_slam
[30Aug2026 18:39:27.102] [main/INFO] [epicfight/]: Data keys [epicfight:stacks] for epicfight:revelation
[30Aug2026 18:39:27.102] [main/INFO] [epicfight/]: Data keys [epicfight:slam_protect_next_fall] for epicfight:demolition_leap
[30Aug2026 18:39:27.102] [main/INFO] [epicfight/]: Data keys [epicfight:jump_count, epicfight:slam_protect_next_fall, epicfight:jump_key_pressed_last_tick] for epicfight:phantom_ascent
[30Aug2026 18:39:27.102] [main/INFO] [epicfight/]: Data keys [epicfight:last_hit_count, cdmoveset:rush_end] for epicfight:grasping_spire
[30Aug2026 18:39:27.102] [main/INFO] [epicfight/]: Data keys [epicfight:sheath] for epicfight:battojutsu_passive
[30Aug2026 18:39:27.103] [main/INFO] [epicfight/]: Data keys [epicfight:sheath] for epicfight:battojutsu
[30Aug2026 18:39:27.103] [main/INFO] [epicfight/]: Data keys [epicfight:combo_counter] for epicfight:blade_rush
[30Aug2026 18:39:27.103] [main/INFO] [epicfight/]: Data keys [epicfight:thrown_trident_entity_id] for epicfight:everlasting_allegiance
[30Aug2026 18:39:27.103] [main/INFO] [epicfight/]: Data keys [wom:target_id] for wom:ender_obscuris
[30Aug2026 18:39:27.103] [main/INFO] [epicfight/]: Data keys [wom:timer, wom:timer_refresh, wom:dodge] for wom:dodge_master
[30Aug2026 18:39:27.103] [main/INFO] [epicfight/]: Data keys [wom:timer, wom:timer_refresh, wom:active, wom:registered_position, wom:cooldown, wom:dodge, wom:registered_health] for wom:time_travel
[30Aug2026 18:39:27.104] [main/INFO] [epicfight/]: Data keys [wom:cooldown] for wom:punishment_kick
[30Aug2026 18:39:27.104] [main/INFO] [epicfight/]: Data keys [epicfight:penalty_restore_counter, epicfight:penalty, wom:consumprion_value, wom:last_active, wom:parrying, wom:holding_rmb] for wom:counter_attack
[30Aug2026 18:39:27.104] [main/INFO] [epicfight/]: Data keys [wom:timer, epicfight:penalty_restore_counter, epicfight:penalty, wom:timer_refresh, wom:consumprion_value, wom:cooldown, wom:holding_stance, wom:charge, wom:vengence_duration] for wom:vengeful_parry
[30Aug2026 18:39:27.104] [main/INFO] [epicfight/]: Data keys [epicfight:penalty_restore_counter, epicfight:penalty, wom:cooldown, wom:charge, wom:parrying, wom:holding_rmb] for wom:perfect_bulwark
[30Aug2026 18:39:27.104] [main/INFO] [epicfight/]: Data keys [wom:cycle, wom:charge] for wom:soul_protection
[30Aug2026 18:39:27.104] [main/INFO] [epicfight/]: Data keys [wom:cycle, wom:charge] for wom:shulker_cloak
[30Aug2026 18:39:27.104] [main/INFO] [epicfight/]: Data keys [wom:timer, epicfight:penalty_restore_counter, epicfight:penalty, wom:active, wom:holding_rmb] for wom:buster_parade
[30Aug2026 18:39:27.104] [main/INFO] [epicfight/]: Data keys [wom:timer, wom:timer_refresh, wom:active, wom:duree] for wom:pain_anticipation
[30Aug2026 18:39:27.105] [main/INFO] [epicfight/]: Data keys [wom:timer, wom:timer_refresh, wom:active, wom:duree] for wom:latent_retribution
[30Aug2026 18:39:27.105] [main/INFO] [epicfight/]: Data keys [wom:power, wom:rate] for wom:critical_knowledge
[30Aug2026 18:39:27.105] [main/INFO] [epicfight/]: Data keys [wom:cooldown, wom:max_shield, wom:recovery_rate] for wom:heart_shield
[30Aug2026 18:39:27.105] [main/INFO] [epicfight/]: Data keys [wom:melody_index, wom:saved_elapsed_time, wom:step] for wom:dancing_blade
[30Aug2026 18:39:27.105] [main/INFO] [epicfight/]: Data keys [wom:timer, wom:timer_refresh, wom:active, wom:cycle, wom:duree, wom:stage] for wom:meditation
[30Aug2026 18:39:27.105] [main/INFO] [epicfight/]: Data keys [wom:cooldown] for wom:dopamine
[30Aug2026 18:39:27.105] [main/INFO] [epicfight/]: Data keys [wom:last_active] for wom:manipulator
[30Aug2026 18:39:27.105] [main/INFO] [epicfight/]: Data keys [wom:timer, wom:power, wom:rate, wom:stack] for wom:lethal_focus
[30Aug2026 18:39:27.105] [main/INFO] [epicfight/]: Data keys [wom:timer, wom:wall_glide, wom:timer_refresh, wom:wall_running, wom:jump_key_up, wom:angle] for wom:spider_techniques
[30Aug2026 18:39:27.106] [main/INFO] [epicfight/]: Data keys [wom:mermaid_movement, wom:consumprion_value, wom:cooldown, wom:jump_key_up, wom:water_dashing, wom:crawling, wom:diving] for wom:aqua_maneuvre
[30Aug2026 18:39:27.106] [main/INFO] [epicfight/]: Data keys [wom:timer, wom:wall_glide, wom:consumprion_value, wom:active, wom:buffing, wom:verso, wom:wall_running, wom:stage] for wom:natural_sprinter
[30Aug2026 18:39:27.106] [main/INFO] [epicfight/]: Data keys [wom:timer] for wom:lunatic_vivacity
[30Aug2026 18:39:27.106] [main/INFO] [epicfight/]: Data keys [wom:timer, wom:consumprion_value, wom:holding_rmb, wom:registered_health] for wom:voodoo_magic
[30Aug2026 18:39:27.106] [main/INFO] [epicfight/]: Data keys [wom:target_distance, wom:target_id] for wom:back_and_forth
[30Aug2026 18:39:27.106] [main/INFO] [epicfight/]: Data keys [wom:cooldown, wom:combo] for wom:shooting_style
[30Aug2026 18:39:27.106] [main/INFO] [epicfight/]: Data keys [wom:timer, wom:active] for wom:proximity_exploiter
[30Aug2026 18:39:27.106] [main/INFO] [epicfight/]: Data keys [wom:timer, wom:stack] for wom:all_eyes_on_you
[30Aug2026 18:39:27.106] [main/INFO] [epicfight/]: Data keys [wom:timer, wom:stack] for wom:all_eyes_on_me
[30Aug2026 18:39:27.106] [main/INFO] [epicfight/]: Data keys [wom:timer, wom:cooldown] for wom:avatar_of_might
[30Aug2026 18:39:27.106] [main/INFO] [epicfight/]: Data keys [wom:active, wom:stack, wom:attacks] for wom:agony_plunge
[30Aug2026 18:39:27.106] [main/INFO] [epicfight/]: Data keys [wom:charged, wom:timer, wom:timer_refresh, wom:charging, wom:active, wom:charging_time, wom:movespeed, wom:saved_charge, wom:holding_rmb, wom:charged_attack] for wom:torment_passive
[30Aug2026 18:39:27.106] [main/INFO] [epicfight/]: Data keys [wom:timer, wom:timer_refresh, wom:active] for wom:true_berserk
[30Aug2026 18:39:27.106] [main/INFO] [epicfight/]: Data keys [wom:stack] for wom:herrscher_passive
[30Aug2026 18:39:27.106] [main/INFO] [epicfight/]: Data keys [wom:buffed, wom:timer, wom:timer_refresh, wom:redemptioon, wom:buffing, wom:strenght, wom:verso, wom:expiation] for wom:plunder_perdition
[30Aug2026 18:39:27.107] [main/INFO] [epicfight/]: Data keys [wom:sheath] for wom:satsujin_passive
[30Aug2026 18:39:27.107] [main/INFO] [epicfight/]: Data keys [wom:frequency, wom:timer, wom:charging, wom:timedslash, wom:charge, wom:holding_rmb, wom:attacks, wom:second_draw, wom:damage, wom:timer_refresh, wom:active, wom:cooldown, wom:holding_stance, wom:stack, wom:saved_charge] for wom:sakura_state
[30Aug2026 18:39:27.107] [main/INFO] [epicfight/]: Data keys [wom:shoot, wom:using_item, wom:nofalldamage, wom:cooldown, wom:zoom, wom:combo, wom:zoom_cooldown, wom:holding_rmb, wom:reload_cooldown] for wom:ender_blast
[30Aug2026 18:39:27.107] [main/INFO] [epicfight/]: Data keys [wom:shoot, wom:using_item, wom:nofalldamage, wom:cooldown, wom:zoom, wom:combo, wom:zoom_cooldown, wom:holding_rmb, wom:reload_cooldown, wom:side] for wom:ender_fusion
[30Aug2026 18:39:27.107] [main/INFO] [epicfight/]: Data keys [wom:charged, wom:cooldown, wom:guard_point_result, wom:gesetz_sprengkopf, wom:charging_time, wom:combo, wom:holding_stance, wom:parrying, wom:holding_rmb, wom:guard_point] for wom:regierung
[30Aug2026 18:39:27.107] [main/INFO] [epicfight/]: Data keys [wom:timer, wom:timer_refresh, wom:lunar_eclipse_stack, wom:crescent, wom:echo] for wom:lunar_eclipse
[30Aug2026 18:39:27.107] [main/INFO] [epicfight/]: Data keys [wom:idle, wom:verso] for wom:lunar_echo_passive
[30Aug2026 18:39:27.107] [main/INFO] [epicfight/]: Data keys [wom:darkness_target_hited, wom:darkness_target_reaped, wom:shoot, wom:blackhole_active, wom:shoot_cooldown, wom:witherccatharsis, wom:darkness_activate_portal, wom:witheraftereffect, wom:blackhole_timer, wom:blackhole, wom:active, wom:zoom, wom:darkness_target_vec, wom:timer, wom:ascending, wom:darkness_portal_angle, wom:zoom_cooldown, wom:holding_rmb, wom:darkness_portal_timer, wom:blackhole_vec, wom:timer_refresh, wom:serius_focus_cooldown, wom:darkness_portal_vec, wom:darkness_target, wom:serius_focus] for wom:demonic_ascension
[30Aug2026 18:39:27.108] [main/INFO] [epicfight/]: Data keys [wom:blink, wom:lapse, wom:idle, wom:catharsis, wom:withercurse, wom:basic_attack, wom:particle] for wom:demon_mark_passive
[30Aug2026 18:39:27.108] [main/INFO] [epicfight/]: Data keys [wom:timer, wom:charging, wom:heat_level, wom:cycle, wom:charge, wom:holding_rmb, wom:particle, wom:solar_obscuridad_ta_timer, wom:solar_infernio, wom:timer_refresh, wom:timed_attack, wom:solar_obscuridad, wom:heating_speed, wom:stored_heat_level, wom:solar_crematorio] for wom:solar_arcano
[30Aug2026 18:39:27.108] [main/INFO] [epicfight/]: Data keys [wom:timer, wom:charging, wom:heat_level, wom:cycle, wom:charge, wom:particle, wom:solar_obscuridad_ta_timer, wom:solar_infernio, wom:timer_refresh, wom:timed_attack, wom:solar_obscuridad, wom:heating_speed, wom:stored_heat_level, wom:solar_crematorio] for wom:solar_passive
[30Aug2026 18:39:27.108] [main/INFO] [epicfight/]: Data keys [wom:serius_focus_cooldown, wom:serius_focus] for wom:rechargement
[30Aug2026 18:39:27.108] [main/INFO] [epicfight/]: Data keys [wom:charged, wom:shell_delay, wom:super_reload, wom:bullet_loaded_old, wom:active, wom:shell_number, wom:bullet_loaded, wom:cycle, wom:charge, wom:bullet_overloaded, wom:shell_anim] for wom:napoleon_passive
[30Aug2026 18:39:27.108] [main/INFO] [epicfight/]: Data keys [wom:timer, wom:stack] for wom:unbreakable
[30Aug2026 18:39:27.109] [main/INFO] [epicfight/]: Data keys [epicfightx:dodge_attacking] for epicfightx:roll
[30Aug2026 18:39:27.109] [main/INFO] [epicfight/]: Data keys [epicfightx:dodge_attacking] for epicfightx:step
[30Aug2026 18:39:27.109] [main/INFO] [epicfight/]: Data keys [epicfightx:counter_available, epicfightx:is_special_animation, epicfightx:dodge_start_time] for epicfightx:combat_mastery_i
[30Aug2026 18:39:27.109] [main/INFO] [epicfight/]: Data keys [epicfightx:sprint_active, epicfightx:sprint_available, epicfightx:dodge_start_time] for epicfightx:combat_mastery_ii
[30Aug2026 18:39:27.109] [main/INFO] [epicfight/]: Data keys [epicfightx:cooldown] for epicfightx:pickaxe_skill
[30Aug2026 18:39:27.109] [main/INFO] [epicfight/]: Data keys [epicfightx:great_tachi_marked_entities] for epicfightx:otachi_skill
[30Aug2026 18:39:27.109] [main/INFO] [epicfight/]: Data keys [epicfightx:attack_count_snapshot, epicfightx:sheath_form, epicfightx:attack_count] for epicfightx:katana_skill
[30Aug2026 18:39:27.109] [main/INFO] [epicfight/]: Data keys [epicfightx:sheath, epicfightx:sheath_killed] for epicfightx:battojutsu_passive
[30Aug2026 18:39:27.110] [main/INFO] [epicfight/]: Data keys [epicfightx:sheath] for epicfightx:battojutsu
[30Aug2026 18:39:27.110] [main/INFO] [epicfight/]: Data keys [efn:scythe_blood_power, efn:scythe_sheath] for efn:scythe_skill
[30Aug2026 18:39:27.110] [main/INFO] [epicfight/]: Data keys [efn:press_innate, efn:thornwheel_loop, efn:thornwheel_loop_available] for efn:thornwheel
[30Aug2026 18:39:27.110] [main/INFO] [epicfight/]: Data keys [efn:jump_key_pressed_last_tick, efn:jump_count, efn:murasama_forward_dodge] for efn:murasama_dodge
[30Aug2026 18:39:27.110] [main/INFO] [epicfight/]: Data keys [efn:max_puncture_chance, efn:puncture_increment, efn:current_puncture_chance, efn:base_puncture_chance] for efn:parry_master
[30Aug2026 18:39:27.110] [main/INFO] [epicfight/]: Data keys [efn:defense_start_tick, efn:buff_active, efn:buff_end_tick] for efn:precise_parry
[30Aug2026 18:39:27.110] [main/INFO] [epicfight/]: Data keys [efn:cooldown, efn:cooldown_1, efn:cooldown_2] for efn:judgementcutend
[30Aug2026 18:39:27.110] [main/INFO] [epicfight/]: Data keys [efn:cooldown, efn:cooldown_1, efn:cooldown_2] for efn:stomp
[30Aug2026 18:39:27.111] [main/INFO] [epicfight/]: Data keys [efn:murasama_last_triggered_sector, efn:murasama_zandatsu_available, efn:murasama_zandatsu_end_time, efn:murasama_zansetsu_input_mode, efn:murasama_opposite_triggered, efn:murasama_zansetsu_timer, efn:murasama_key_left_down, efn:murasama_zansetsu_end_time, efn:murasama_zandatsu_start_time, efn:murasama_zansetsu_slash_release, efn:murasama_zansetsu_active, efn:arts_key_pressed, efn:murasama_pair_flag, efn:murasama_input_mode_switch_pressed, efn:murasama_zansetsu_attack_counter, efn:arts_key, efn:murasama_left_mouse_pressed, efn:murasama_key_right_down, efn:murasama_zansetsu_sector, efn:murasama_zansetsu_start_time] for efn:zansetsu
[30Aug2026 18:39:27.111] [main/INFO] [epicfight/]: Data keys [efn:cooldown, efn:cooldown_1, efn:cooldown_2] for efn:execution
[30Aug2026 18:39:27.111] [main/INFO] [epicfight/]: Data keys [efn:efn_starting_parry, epicfight:penalty_restore_counter, efn:efn_last_guard_start_tick, epicfight:penalty, efn:efn_shake_detected, efn:efn_last_parry_time, efn:efn_delay_protection_end, efn:efn_first_shake, efn:efn_parry_motion_counter, efn:efn_last_active, efn:efn_shake_penalty_count, efn:efn_last_successful_defense_tick] for efn:efn_parry
[30Aug2026 18:39:27.111] [main/INFO] [epicfight/]: Data keys [efn:efn_starting_parry, epicfight:penalty_restore_counter, efn:efn_last_guard_start_tick, epicfight:penalty, efn:efn_shake_detected, efn:efn_last_parry_time, efn:efn_delay_protection_end, efn:efn_first_shake, efn:efn_parry_motion_counter, efn:efn_last_active, efn:efn_shake_penalty_count, efn:efn_last_successful_defense_tick] for efn:murasama_parry
[30Aug2026 18:39:27.111] [main/INFO] [epicfight/]: Data keys [efn:cooldown, efn:arts_input_buffer, efn:cooldown_1, efn:arts_key_pressed, efn:cooldown_2, efn:arts_key, efn:sekiro_art_index] for efn:mortal_blade
[30Aug2026 18:39:27.112] [main/INFO] [epicfight/]: Data keys [efn:press_doppelganger, efn:combo_counter, efn:up_key, efn:key1_press_timer, efn:angel_key, efn:sprint_key, efn:cooldown_1, efn:charge_power, efn:is_charging, invincible:down, efn:charge_message, efn:force_release, efn:full_charge_message, efn:doppelganger_tick, efn:pressing_key2, invincible:dodge_success_timer, efn:press_key3, efn:pressing_key3, efn:doppelganger_delay, efn:energy_check, invincible:up, efn:jump_key, efn:demon_key, invincible:right, efn:charge_ticks, efn:down_key, efn:press_key4, efn:guard_key, efn:cooldown_2, efn:have_doppelganger, invincible:cooldown, efn:charge_stage, efn:press_key1, efn:pressing_innate, efn:press_summon_sword, efn:pressing_key4, efn:arts_key_pressed, efn:doppelganger_style, efn:was_long_pressed, efn:press_key2, efn:pressing_key1, efn:innate_press_timer, invincible:left, efn:key2_press_timer, efn:key4_press_timer, efn:press_innate, efn:cooldown, efn:is_pressing, efn:arts_key, efn:sneak_key, efn:key3_press_timer, invincible:parry_timer] for efn:yamato
[30Aug2026 18:39:27.112] [main/INFO] [epicfight/]: Data keys [efn:doppelganger_delay, efn:doppelganger_tick, efn:stun_cooldown, efn:doppelganger_style, efn:have_doppelganger, efn:parry_cooldown] for efn:yamato_passive
[30Aug2026 18:39:27.112] [main/INFO] [epicfight/]: Data keys [efn:combo_counter, efn:damage_history, efn:up_key, efn:key1_press_timer, efn:angel_key, efn:sprint_key, efn:cooldown_1, efn:charge_power, efn:is_charging, invincible:down, efn:charge_message, efn:force_release, efn:full_charge_message, efn:pressing_key2, invincible:dodge_success_timer, efn:press_key3, efn:pressing_key3, efn:energy_check, efn:is_replay_damage, invincible:up, efn:jump_key, efn:demon_key, invincible:right, efn:charge_ticks, efn:down_key, efn:press_key4, efn:guard_key, efn:cooldown_2, invincible:cooldown, efn:charge_stage, efn:press_key1, efn:pressing_innate, efn:press_summon_sword, efn:pressing_key4, efn:arts_key_pressed, efn:was_long_pressed, efn:press_key2, efn:pressing_key1, efn:innate_press_timer, invincible:left, efn:replay_enhanced, efn:key2_press_timer, efn:key4_press_timer, efn:press_innate, efn:cooldown, efn:is_pressing, efn:arts_key, efn:sneak_key, efn:key3_press_timer, invincible:parry_timer] for efn:shortsword
[30Aug2026 18:39:27.112] [main/INFO] [epicfight/]: Data keys [efn:combo_counter, efn:cooldown_2, efn:up_key, efn:key1_press_timer, invincible:cooldown, efn:charge_stage, efn:press_key1, efn:pressing_innate, efn:angel_key, efn:press_summon_sword, efn:sprint_key, efn:pressing_key4, efn:cooldown_1, efn:charge_power, efn:arts_key_pressed, efn:is_charging, invincible:down, efn:charge_message, efn:was_long_pressed, efn:force_release, efn:press_key2, efn:full_charge_message, efn:pressing_key1, efn:innate_press_timer, efn:pressing_key2, invincible:dodge_success_timer, efn:press_key3, invincible:left, efn:pressing_key3, efn:key2_press_timer, efn:key4_press_timer, efn:energy_check, efn:press_innate, invincible:up, efn:jump_key, efn:cooldown, efn:demon_key, invincible:right, efn:is_pressing, efn:charge_ticks, efn:arts_key, efn:down_key, efn:press_key4, efn:guard_key, efn:sneak_key, efn:key3_press_timer, invincible:parry_timer] for efn:ruinsgreatsword
[30Aug2026 18:39:27.112] [main/INFO] [epicfight/]: Data keys [efn:combo_counter, efn:cooldown_2, efn:up_key, efn:key1_press_timer, invincible:cooldown, efn:charge_stage, efn:press_key1, efn:pressing_innate, efn:angel_key, efn:press_summon_sword, efn:sprint_key, efn:pressing_key4, efn:cooldown_1, efn:charge_power, efn:arts_key_pressed, efn:is_charging, invincible:down, efn:charge_message, efn:was_long_pressed, efn:force_release, efn:press_key2, efn:full_charge_message, efn:pressing_key1, efn:innate_press_timer, efn:pressing_key2, invincible:dodge_success_timer, efn:press_key3, invincible:left, efn:pressing_key3, efn:key2_press_timer, efn:key4_press_timer, efn:energy_check, efn:press_innate, invincible:up, efn:jump_key, efn:cooldown, efn:demon_key, invincible:right, efn:is_pressing, efn:charge_ticks, efn:arts_key, efn:down_key, efn:press_key4, efn:guard_key, efn:sneak_key, efn:key3_press_timer, invincible:parry_timer] for efn:pioneer
[30Aug2026 18:39:27.113] [main/INFO] [epicfight/]: Data keys [efn:combo_counter, efn:murasama_sheath, efn:murasama_opposite_triggered, efn:up_key, efn:murasama_sheath_timer, efn:key1_press_timer, efn:murasama_zansetsu_timer, efn:murasama_zansetsu_end_time, efn:murasama_zandatsu_start_time, efn:angel_key, efn:sprint_key, efn:cooldown_1, efn:charge_power, efn:is_charging, invincible:down, efn:charge_message, efn:force_release, efn:murasama_left_mouse_pressed, efn:murasama_key_right_down, efn:full_charge_message, efn:murasama_zandatsu_available, efn:pressing_key2, invincible:dodge_success_timer, efn:press_key3, efn:pressing_key3, efn:murasama_zansetsu_slash_release, efn:murasama_zansetsu_active, efn:energy_check, invincible:up, efn:jump_key, efn:demon_key, invincible:right, efn:charge_ticks, efn:down_key, efn:press_key4, efn:guard_key, efn:murasama_last_triggered_sector, efn:cooldown_2, efn:murasama_zansetsu_input_mode, invincible:cooldown, efn:charge_stage, efn:press_key1, efn:pressing_innate, efn:murasama_key_left_down, efn:press_summon_sword, efn:pressing_key4, efn:arts_key_pressed, efn:was_long_pressed, efn:murasama_zansetsu_attack_counter, efn:sprint_sheath_timer, efn:press_key2, efn:murasama_zansetsu_start_time, efn:pressing_key1, efn:innate_press_timer, efn:manual_unsheath, efn:murasama_zandatsu_end_time, invincible:left, efn:key2_press_timer, efn:key4_press_timer, efn:press_innate, efn:cooldown, efn:murasama_air_borne, efn:murasama_forward_dodge, efn:is_pressing, efn:murasama_pair_flag, efn:murasama_input_mode_switch_pressed, efn:arts_key, efn:sneak_key, efn:murasama_zansetsu_sector, efn:key3_press_timer, invincible:parry_timer] for efn:murasama
[30Aug2026 18:39:27.113] [main/INFO] [epicfight/]: Data keys [efn:murasama_last_triggered_sector, efn:jump_key_pressed_last_tick, efn:forward_backward_end_tick, efn:is_double_tap_sprint, efn:forward_backward_timer, efn:murasama_sheath, efn:murasama_zansetsu_input_mode, efn:murasama_opposite_triggered, efn:murasama_sheath_timer, efn:murasama_zansetsu_timer, efn:murasama_key_left_down, efn:murasama_zansetsu_end_time, efn:murasama_zandatsu_start_time, efn:double_tap_timer, efn:murasama_zansetsu_attack_counter, efn:sprint_sheath_timer, efn:murasama_left_mouse_pressed, efn:murasama_key_right_down, efn:murasama_zansetsu_start_time, efn:forward_pressed_last_tick, efn:murasama_zandatsu_available, efn:manual_unsheath, efn:murasama_zandatsu_end_time, efn:forward_backward_success, efn:was_double_tap_sprint, efn:forward_backward_remaining_ticks, efn:murasama_zansetsu_slash_release, efn:murasama_zansetsu_active, efn:jump_count, efn:up_key_pressed_last_tick, efn:forward_backward_window_active, efn:murasama_forward_dodge, efn:murasama_pair_flag, efn:murasama_input_mode_switch_pressed, efn:backward_pressed_last_tick, efn:murasama_zansetsu_sector] for efn:murasama_passive
[30Aug2026 18:39:27.113] [main/INFO] [epicfight/]: Data keys [efn:combo_counter, efn:cooldown_2, efn:up_key, efn:key1_press_timer, invincible:cooldown, efn:charge_stage, efn:press_key1, efn:pressing_innate, efn:angel_key, efn:press_summon_sword, efn:sprint_key, efn:pressing_key4, efn:cooldown_1, efn:charge_power, efn:arts_key_pressed, efn:is_charging, invincible:down, efn:charge_message, efn:was_long_pressed, efn:force_release, efn:press_key2, efn:full_charge_message, efn:pressing_key1, efn:innate_press_timer, efn:pressing_key2, invincible:dodge_success_timer, efn:press_key3, invincible:left, efn:pressing_key3, efn:key2_press_timer, efn:key4_press_timer, efn:energy_check, efn:press_innate, invincible:up, efn:jump_key, efn:cooldown, efn:demon_key, invincible:right, efn:is_pressing, efn:charge_ticks, efn:arts_key, efn:down_key, efn:press_key4, efn:guard_key, efn:sneak_key, efn:key3_press_timer, invincible:parry_timer] for efn:meenlance
[30Aug2026 18:39:27.113] [main/INFO] [epicfight/]: Data keys [efn:combo_counter, efn:cooldown_2, efn:up_key, efn:key1_press_timer, invincible:cooldown, efn:charge_stage, efn:press_key1, efn:pressing_innate, efn:angel_key, efn:press_summon_sword, efn:sprint_key, efn:pressing_key4, efn:cooldown_1, efn:charge_power, efn:arts_key_pressed, efn:is_charging, invincible:down, efn:charge_message, efn:was_long_pressed, efn:force_release, efn:press_key2, efn:full_charge_message, efn:pressing_key1, efn:innate_press_timer, efn:pressing_key2, invincible:dodge_success_timer, efn:press_key3, invincible:left, efn:pressing_key3, efn:key2_press_timer, efn:key4_press_timer, efn:energy_check, efn:press_innate, invincible:up, efn:jump_key, efn:cooldown, efn:demon_key, invincible:right, efn:is_pressing, efn:charge_ticks, efn:arts_key, efn:down_key, efn:press_key4, efn:guard_key, efn:sneak_key, efn:key3_press_timer, invincible:parry_timer] for efn:kusabimaru
[30Aug2026 18:39:27.113] [main/INFO] [epicfight/]: Data keys [efn:combo_counter, efn:murasama_sheath, efn:murasama_opposite_triggered, efn:up_key, efn:murasama_sheath_timer, efn:key1_press_timer, efn:murasama_zansetsu_timer, efn:murasama_zansetsu_end_time, efn:murasama_zandatsu_start_time, efn:angel_key, efn:sprint_key, efn:cooldown_1, efn:charge_power, efn:is_charging, invincible:down, efn:charge_message, efn:force_release, efn:murasama_left_mouse_pressed, efn:murasama_key_right_down, efn:full_charge_message, efn:murasama_zandatsu_available, efn:pressing_key2, invincible:dodge_success_timer, efn:press_key3, efn:pressing_key3, efn:murasama_zansetsu_slash_release, efn:murasama_zansetsu_active, efn:energy_check, invincible:up, efn:jump_key, efn:demon_key, invincible:right, efn:charge_ticks, efn:down_key, efn:press_key4, efn:guard_key, efn:murasama_last_triggered_sector, efn:cooldown_2, efn:murasama_zansetsu_input_mode, invincible:cooldown, efn:charge_stage, efn:press_key1, efn:pressing_innate, efn:murasama_key_left_down, efn:press_summon_sword, efn:pressing_key4, efn:arts_key_pressed, efn:was_long_pressed, efn:murasama_zansetsu_attack_counter, efn:sprint_sheath_timer, efn:press_key2, efn:murasama_zansetsu_start_time, efn:pressing_key1, efn:innate_press_timer, efn:manual_unsheath, efn:murasama_zandatsu_end_time, invincible:left, efn:key2_press_timer, efn:key4_press_timer, efn:press_innate, efn:cooldown, efn:murasama_air_borne, efn:murasama_forward_dodge, efn:is_pressing, efn:murasama_pair_flag, efn:murasama_input_mode_switch_pressed, efn:arts_key, efn:sneak_key, efn:murasama_zansetsu_sector, efn:key3_press_timer, invincible:parry_timer] for efn:hf_blade
[30Aug2026 18:39:27.114] [main/INFO] [epicfight/]: Data keys [efn:murasama_last_triggered_sector, efn:jump_key_pressed_last_tick, efn:forward_backward_end_tick, efn:is_double_tap_sprint, efn:forward_backward_timer, efn:murasama_sheath, efn:murasama_zansetsu_input_mode, efn:murasama_opposite_triggered, efn:murasama_sheath_timer, efn:murasama_zansetsu_timer, efn:murasama_key_left_down, efn:murasama_zansetsu_end_time, efn:murasama_zandatsu_start_time, efn:double_tap_timer, efn:murasama_zansetsu_attack_counter, efn:sprint_sheath_timer, efn:murasama_left_mouse_pressed, efn:murasama_key_right_down, efn:murasama_zansetsu_start_time, efn:forward_pressed_last_tick, efn:murasama_zandatsu_available, efn:manual_unsheath, efn:murasama_zandatsu_end_time, efn:forward_backward_success, efn:was_double_tap_sprint, efn:forward_backward_remaining_ticks, efn:murasama_zansetsu_slash_release, efn:murasama_zansetsu_active, efn:jump_count, efn:up_key_pressed_last_tick, efn:forward_backward_window_active, efn:murasama_forward_dodge, efn:murasama_pair_flag, efn:murasama_input_mode_switch_pressed, efn:backward_pressed_last_tick, efn:murasama_zansetsu_sector] for efn:hf_blade_passive
[30Aug2026 18:39:27.114] [main/INFO] [epicfight/]: Data keys [efn:combo_counter, efn:cooldown_2, efn:up_key, efn:key1_press_timer, invincible:cooldown, efn:charge_stage, efn:press_key1, efn:pressing_innate, efn:angel_key, efn:press_summon_sword, efn:sprint_key, efn:pressing_key4, efn:cooldown_1, efn:charge_power, efn:arts_key_pressed, efn:is_charging, invincible:down, efn:charge_message, efn:was_long_pressed, efn:force_release, efn:press_key2, efn:full_charge_message, efn:pressing_key1, efn:innate_press_timer, efn:pressing_key2, invincible:dodge_success_timer, efn:press_key3, invincible:left, efn:pressing_key3, efn:key2_press_timer, efn:key4_press_timer, efn:energy_check, efn:press_innate, invincible:up, efn:jump_key, efn:cooldown, efn:demon_key, invincible:right, efn:is_pressing, efn:charge_ticks, efn:arts_key, efn:down_key, efn:press_key4, efn:guard_key, efn:sneak_key, efn:key3_press_timer, invincible:parry_timer] for efn:exsiliumgladius
[30Aug2026 18:39:27.114] [main/INFO] [epicfight/]: Data keys [invincible:up, invincible:right, invincible:down, invincible:dodge_success_timer, invincible:left, invincible:cooldown, invincible:parry_timer] for efn:examplecombo
[30Aug2026 18:39:27.114] [main/INFO] [epicfight/]: Data keys [efn:combo_counter, efn:cooldown_2, efn:up_key, efn:key1_press_timer, invincible:cooldown, efn:charge_stage, efn:press_key1, efn:pressing_innate, efn:angel_key, efn:press_summon_sword, efn:sprint_key, efn:pressing_key4, efn:cooldown_1, efn:charge_power, efn:arts_key_pressed, efn:is_charging, invincible:down, efn:charge_message, efn:was_long_pressed, efn:force_release, efn:press_key2, efn:full_charge_message, efn:pressing_key1, efn:innate_press_timer, efn:pressing_key2, invincible:dodge_success_timer, efn:press_key3, invincible:left, efn:pressing_key3, efn:key2_press_timer, efn:key4_press_timer, efn:energy_check, efn:press_innate, invincible:up, efn:jump_key, efn:cooldown, efn:demon_key, invincible:right, efn:is_pressing, efn:charge_ticks, efn:arts_key, efn:down_key, efn:press_key4, efn:guard_key, efn:sneak_key, efn:key3_press_timer, invincible:parry_timer] for efn:crescentmoon
[30Aug2026 18:39:27.114] [main/INFO] [epicfight/]: Data keys [efn:combo_counter, efn:cooldown_2, efn:up_key, efn:key1_press_timer, invincible:cooldown, efn:charge_stage, efn:press_key1, efn:pressing_innate, efn:angel_key, efn:press_summon_sword, efn:sprint_key, efn:pressing_key4, efn:cooldown_1, efn:charge_power, efn:arts_key_pressed, efn:is_charging, invincible:down, efn:charge_message, efn:was_long_pressed, efn:force_release, efn:press_key2, efn:full_charge_message, efn:pressing_key1, efn:innate_press_timer, efn:pressing_key2, invincible:dodge_success_timer, efn:press_key3, invincible:left, efn:pressing_key3, efn:key2_press_timer, efn:key4_press_timer, efn:energy_check, efn:press_innate, invincible:up, efn:jump_key, efn:cooldown, efn:demon_key, invincible:right, efn:is_pressing, efn:charge_ticks, efn:arts_key, efn:down_key, efn:press_key4, efn:guard_key, efn:sneak_key, efn:key3_press_timer, invincible:parry_timer] for efn:broadblade
[30Aug2026 18:39:27.114] [main/INFO] [epicfight/]: Data keys [efn:combo_counter, efn:cooldown_2, efn:up_key, efn:key1_press_timer, invincible:cooldown, efn:charge_stage, efn:press_key1, efn:pressing_innate, efn:angel_key, efn:press_summon_sword, efn:sprint_key, efn:pressing_key4, efn:cooldown_1, efn:charge_power, efn:arts_key_pressed, efn:is_charging, invincible:down, efn:charge_message, efn:was_long_pressed, efn:force_release, efn:press_key2, efn:full_charge_message, efn:pressing_key1, efn:innate_press_timer, efn:pressing_key2, invincible:dodge_success_timer, efn:press_key3, invincible:left, efn:pressing_key3, efn:key2_press_timer, efn:key4_press_timer, efn:energy_check, efn:press_innate, invincible:up, efn:jump_key, efn:cooldown, efn:demon_key, invincible:right, efn:is_pressing, efn:charge_ticks, efn:arts_key, efn:down_key, efn:press_key4, efn:guard_key, efn:sneak_key, efn:key3_press_timer, invincible:parry_timer] for efn:bloodlust
[30Aug2026 18:39:27.115] [main/INFO] [epicfight/]: Data keys [efn:combo_counter, efn:cooldown_2, efn:up_key, efn:key1_press_timer, invincible:cooldown, efn:charge_stage, efn:press_key1, efn:pressing_innate, efn:angel_key, efn:press_summon_sword, efn:sprint_key, efn:pressing_key4, efn:cooldown_1, efn:charge_power, efn:arts_key_pressed, efn:is_charging, invincible:down, efn:charge_message, efn:was_long_pressed, efn:force_release, efn:press_key2, efn:full_charge_message, efn:pressing_key1, efn:innate_press_timer, efn:pressing_key2, invincible:dodge_success_timer, efn:press_key3, invincible:left, efn:pressing_key3, efn:key2_press_timer, efn:key4_press_timer, efn:energy_check, efn:press_innate, invincible:up, efn:jump_key, efn:cooldown, efn:demon_key, invincible:right, efn:is_pressing, efn:charge_ticks, efn:arts_key, efn:down_key, efn:press_key4, efn:guard_key, efn:sneak_key, efn:key3_press_timer, invincible:parry_timer] for efn:beastclaw
[30Aug2026 18:39:27.115] [main/INFO] [epicfight/]: Data keys [efn:combo_counter, efn:cooldown_2, efn:up_key, efn:key1_press_timer, invincible:cooldown, efn:charge_stage, efn:press_key1, efn:pressing_innate, efn:angel_key, efn:press_summon_sword, efn:sprint_key, efn:pressing_key4, efn:cooldown_1, efn:charge_power, efn:arts_key_pressed, efn:is_charging, invincible:down, efn:charge_message, efn:was_long_pressed, efn:force_release, efn:press_key2, efn:full_charge_message, efn:pressing_key1, efn:innate_press_timer, efn:pressing_key2, invincible:dodge_success_timer, efn:press_key3, invincible:left, efn:pressing_key3, efn:key2_press_timer, efn:key4_press_timer, efn:energy_check, efn:press_innate, invincible:up, efn:jump_key, efn:cooldown, efn:demon_key, invincible:right, efn:is_pressing, efn:charge_ticks, efn:arts_key, efn:down_key, efn:press_key4, efn:guard_key, efn:sneak_key, efn:key3_press_timer, invincible:parry_timer] for efn:aetherialdusk
[30Aug2026 18:39:27.122] [Forge Version Check/INFO] [net.minecraftforge.fml.VersionChecker/]: [bookshelf] Found status: BETA Current: 20.2.15 Target: 20.2.15
[30Aug2026 18:39:27.122] [Forge Version Check/INFO] [net.minecraftforge.fml.VersionChecker/]: [clumps] Starting version check at https://updates.blamejared.com/get?n=clumps&gv=1.20.1
[30Aug2026 18:39:27.262] [Forge Version Check/INFO] [net.minecraftforge.fml.VersionChecker/]: [clumps] Found status: BETA Current: 12.0.0.4 Target: 12.0.0.4
[30Aug2026 18:39:27.262] [Forge Version Check/INFO] [net.minecraftforge.fml.VersionChecker/]: [morevanillashields] Starting version check at https://raw.githubusercontent.com/Rajhab/MoreVanillaShields-UpdateChecker/main/update.json
[30Aug2026 18:39:27.372] [Forge Version Check/INFO] [net.minecraftforge.fml.VersionChecker/]: [morevanillashields] Found status: UP_TO_DATE Current: 1.1.5-1.20.1 Target: null
[30Aug2026 18:39:27.372] [Forge Version Check/INFO] [net.minecraftforge.fml.VersionChecker/]: [enchdesc] Starting version check at https://updates.blamejared.com/get?n=enchdesc&gv=1.20.1
[30Aug2026 18:39:27.448] [main/INFO] [com.mojang.authlib.yggdrasil.YggdrasilAuthenticationService/]: Environment: authHost='https://authserver.mojang.com', accountsHost='https://api.mojang.com', sessionHost='https://sessionserver.mojang.com', servicesHost='https://api.minecraftservices.com', name='PROD'
[30Aug2026 18:39:27.518] [Forge Version Check/INFO] [net.minecraftforge.fml.VersionChecker/]: [enchdesc] Found status: BETA Current: 17.1.21 Target: 17.1.21
[30Aug2026 18:39:28.155] [main/INFO] [epicfight/]: Data keys [dodge_parry_reward:delay_timer] for dodge_parry_reward:health_boost1
[30Aug2026 18:39:28.156] [main/INFO] [epicfight/]: Data keys [dodge_parry_reward:delay_timer] for dodge_parry_reward:health_boost2
[30Aug2026 18:39:28.157] [main/INFO] [epicfight/]: Data keys [dodge_parry_reward:delay_timer] for dodge_parry_reward:health_boost3
[30Aug2026 18:39:28.157] [main/INFO] [epicfight/]: Data keys [dodge_parry_reward:delay_timer] for dodge_parry_reward:health_boost4
[30Aug2026 18:39:28.157] [main/INFO] [epicfight/]: Data keys [dodge_parry_reward:delay_timer] for dodge_parry_reward:absorb1
[30Aug2026 18:39:28.158] [main/INFO] [epicfight/]: Data keys [dodge_parry_reward:delay_timer] for dodge_parry_reward:absorb2
[30Aug2026 18:39:28.158] [main/INFO] [epicfight/]: Data keys [dodge_parry_reward:delay_timer] for dodge_parry_reward:absorb3
[30Aug2026 18:39:28.160] [main/INFO] [epicfight/]: Data keys [dodge_parry_reward:delay_timer] for dodge_parry_reward:absorb4
[30Aug2026 18:39:28.160] [main/INFO] [epicfight/]: Data keys [dodge_parry_reward:delay_timer] for dodge_parry_reward:heal1
[30Aug2026 18:39:28.160] [main/INFO] [epicfight/]: Data keys [dodge_parry_reward:delay_timer] for dodge_parry_reward:heal2
[30Aug2026 18:39:28.160] [main/INFO] [epicfight/]: Data keys [dodge_parry_reward:delay_timer] for dodge_parry_reward:heal3
[30Aug2026 18:39:28.161] [main/INFO] [epicfight/]: Data keys [dodge_parry_reward:delay_timer] for dodge_parry_reward:heal4
[30Aug2026 18:39:28.161] [main/INFO] [epicfight/]: Data keys [dodge_parry_reward:delay_timer] for dodge_parry_reward:resist1
[30Aug2026 18:39:28.161] [main/INFO] [epicfight/]: Data keys [dodge_parry_reward:delay_timer] for dodge_parry_reward:resist2
[30Aug2026 18:39:28.161] [main/INFO] [epicfight/]: Data keys [dodge_parry_reward:delay_timer] for dodge_parry_reward:resist3
[30Aug2026 18:39:28.161] [main/INFO] [epicfight/]: Data keys [dodge_parry_reward:delay_timer] for dodge_parry_reward:resist4
[30Aug2026 18:39:28.161] [main/INFO] [epicfight/]: Data keys [dodge_parry_reward:delay_timer] for dodge_parry_reward:stun_imm1
[30Aug2026 18:39:28.161] [main/INFO] [epicfight/]: Data keys [dodge_parry_reward:delay_timer] for dodge_parry_reward:stun_imm2
[30Aug2026 18:39:28.162] [main/INFO] [epicfight/]: Data keys [dodge_parry_reward:delay_timer] for dodge_parry_reward:stun_imm3
[30Aug2026 18:39:28.162] [main/INFO] [epicfight/]: Data keys [dodge_parry_reward:delay_timer] for dodge_parry_reward:stun_imm4
[30Aug2026 18:39:28.162] [main/INFO] [epicfight/]: Data keys [dodge_parry_reward:delay_timer] for dodge_parry_reward:damage_boost1
[30Aug2026 18:39:28.162] [main/INFO] [epicfight/]: Data keys [dodge_parry_reward:delay_timer] for dodge_parry_reward:damage_boost2
[30Aug2026 18:39:28.163] [main/INFO] [epicfight/]: Data keys [dodge_parry_reward:delay_timer] for dodge_parry_reward:damage_boost3
[30Aug2026 18:39:28.163] [main/INFO] [epicfight/]: Data keys [dodge_parry_reward:delay_timer] for dodge_parry_reward:damage_boost4
[30Aug2026 18:39:28.164] [main/INFO] [epicfight/]: Data keys [dodge_parry_reward:delay_timer] for dodge_parry_reward:speed1
[30Aug2026 18:39:28.164] [main/INFO] [epicfight/]: Data keys [dodge_parry_reward:delay_timer] for dodge_parry_reward:speed2
[30Aug2026 18:39:28.165] [main/INFO] [epicfight/]: Data keys [dodge_parry_reward:delay_timer] for dodge_parry_reward:speed3
[30Aug2026 18:39:28.165] [main/INFO] [epicfight/]: Data keys [dodge_parry_reward:delay_timer] for dodge_parry_reward:speed4
[30Aug2026 18:39:28.165] [main/INFO] [epicfight/]: Data keys [dodge_parry_reward:delay_timer] for dodge_parry_reward:stamina1
[30Aug2026 18:39:28.166] [main/INFO] [epicfight/]: Data keys [dodge_parry_reward:delay_timer] for dodge_parry_reward:stamina2
[30Aug2026 18:39:28.167] [main/INFO] [epicfight/]: Data keys [dodge_parry_reward:delay_timer] for dodge_parry_reward:stamina3
[30Aug2026 18:39:28.168] [main/INFO] [epicfight/]: Data keys [dodge_parry_reward:delay_timer] for dodge_parry_reward:stamina4
[30Aug2026 18:39:28.168] [main/INFO] [epicfight/]: Data keys [invincible:up, invincible:right, invincible:down, invincible:dodge_success_timer, invincible:left, invincible:cooldown, invincible:parry_timer] for invincible:combo_demo
[30Aug2026 18:39:28.169] [main/INFO] [epicfight/]: Data keys [cdmoveset:target_id] for cdmoveset:ex_yamato_step
[30Aug2026 18:39:28.169] [main/INFO] [epicfight/]: Data keys [cdmoveset:wolf_passive, cdmoveset:damage, cdmoveset:timer] for cdmoveset:bloodwolf
[30Aug2026 18:39:28.170] [main/INFO] [epicfight/]: Data keys [cdmoveset:yamato_attack_active, cdmoveset:yamato_power3_active, cdmoveset:yamato_attack, cdmoveset:damages, cdmoveset:counter_success] for cdmoveset:yamatoskill
[30Aug2026 18:39:28.170] [main/INFO] [epicfight/]: Data keys [cdmoveset:rush_combo] for cdmoveset:blade_rush
[30Aug2026 18:39:28.171] [main/INFO] [epicfight/]: Data keys [cdmoveset:yamato_power3_active] for cdmoveset:yamato_passive
[30Aug2026 18:39:28.171] [main/INFO] [epicfight/]: Data keys [cdmoveset:reset_timer, cdmoveset:direction, cdmoveset:count, cdmoveset:dodge_played] for cdmoveset:wolf_dodge
[30Aug2026 18:39:28.173] [main/INFO] [epicfight/]: Data keys [epicfight:basic_attack_active, epicfight:combo_counter] for epicfight:basic_attack
[30Aug2026 18:39:28.173] [main/INFO] [epicfight/]: Data keys [epicfight:penalty_restore_counter, epicfight:penalty] for epicfight:guard
[30Aug2026 18:39:28.174] [main/INFO] [epicfight/]: Data keys [epicfight:penalty_restore_counter, epicfight:penalty, epicfight:parry_motion_counter, epicfight:last_active] for epicfight:parrying
[30Aug2026 18:39:28.174] [main/INFO] [epicfight/]: Data keys [epicfight:penalty_restore_counter, epicfight:penalty] for epicfight:impact_guard
[30Aug2026 18:39:28.174] [main/INFO] [epicfight/]: Data keys [epicfight:tick_record, epicfight:stacks, epicfight:resisting_damage_type] for epicfight:adaptive_skin
[30Aug2026 18:39:28.174] [main/INFO] [epicfight/]: Data keys [epicfight:tick_record] for epicfight:adrenaline_fiend
[30Aug2026 18:39:28.175] [main/INFO] [epicfight/]: Data keys [epicfight:stacks, epicfight:entity_id] for epicfight:bonebreaker
[30Aug2026 18:39:28.175] [main/INFO] [epicfight/]: Data keys [epicfight:tick_record, epicfight:entity_id] for epicfight:vengeance
[30Aug2026 18:39:28.176] [main/INFO] [epicfight/]: Data keys [epicfight:fall_distance, epicfight:slam_protect_next_fall] for epicfight:meteor_slam
[30Aug2026 18:39:28.176] [main/INFO] [epicfight/]: Data keys [epicfight:stacks] for epicfight:revelation
[30Aug2026 18:39:28.177] [main/INFO] [epicfight/]: Data keys [epicfight:slam_protect_next_fall] for epicfight:demolition_leap
[30Aug2026 18:39:28.178] [main/INFO] [epicfight/]: Data keys [epicfight:jump_count, epicfight:slam_protect_next_fall, epicfight:jump_key_pressed_last_tick] for epicfight:phantom_ascent
[30Aug2026 18:39:28.178] [main/INFO] [epicfight/]: Data keys [epicfight:last_hit_count, cdmoveset:rush_end] for epicfight:grasping_spire
[30Aug2026 18:39:28.178] [main/INFO] [epicfight/]: Data keys [epicfight:sheath] for epicfight:battojutsu_passive
[30Aug2026 18:39:28.178] [main/INFO] [epicfight/]: Data keys [epicfight:sheath] for epicfight:battojutsu
[30Aug2026 18:39:28.178] [main/INFO] [epicfight/]: Data keys [epicfight:combo_counter] for epicfight:blade_rush
[30Aug2026 18:39:28.179] [main/INFO] [epicfight/]: Data keys [epicfight:thrown_trident_entity_id] for epicfight:everlasting_allegiance
[30Aug2026 18:39:28.179] [main/INFO] [epicfight/]: Data keys [wom:target_id] for wom:ender_obscuris
[30Aug2026 18:39:28.179] [main/INFO] [epicfight/]: Data keys [wom:timer, wom:timer_refresh, wom:dodge] for wom:dodge_master
[30Aug2026 18:39:28.179] [main/INFO] [epicfight/]: Data keys [wom:timer, wom:timer_refresh, wom:active, wom:registered_position, wom:cooldown, wom:dodge, wom:registered_health] for wom:time_travel
[30Aug2026 18:39:28.179] [main/INFO] [epicfight/]: Data keys [wom:cooldown] for wom:punishment_kick
[30Aug2026 18:39:28.179] [main/INFO] [epicfight/]: Data keys [epicfight:penalty_restore_counter, epicfight:penalty, wom:consumprion_value, wom:last_active, wom:parrying, wom:holding_rmb] for wom:counter_attack
[30Aug2026 18:39:28.184] [main/INFO] [epicfight/]: Data keys [wom:timer, epicfight:penalty_restore_counter, epicfight:penalty, wom:timer_refresh, wom:consumprion_value, wom:cooldown, wom:holding_stance, wom:charge, wom:vengence_duration] for wom:vengeful_parry
[30Aug2026 18:39:28.185] [main/INFO] [epicfight/]: Data keys [epicfight:penalty_restore_counter, epicfight:penalty, wom:cooldown, wom:charge, wom:parrying, wom:holding_rmb] for wom:perfect_bulwark
[30Aug2026 18:39:28.185] [main/INFO] [epicfight/]: Data keys [wom:cycle, wom:charge] for wom:soul_protection
[30Aug2026 18:39:28.189] [main/INFO] [epicfight/]: Data keys [wom:cycle, wom:charge] for wom:shulker_cloak
[30Aug2026 18:39:28.189] [main/INFO] [epicfight/]: Data keys [wom:timer, epicfight:penalty_restore_counter, epicfight:penalty, wom:active, wom:holding_rmb] for wom:buster_parade
[30Aug2026 18:39:28.189] [main/INFO] [epicfight/]: Data keys [wom:timer, wom:timer_refresh, wom:active, wom:duree] for wom:pain_anticipation
[30Aug2026 18:39:28.191] [main/INFO] [epicfight/]: Data keys [wom:timer, wom:timer_refresh, wom:active, wom:duree] for wom:latent_retribution
[30Aug2026 18:39:28.192] [main/INFO] [epicfight/]: Data keys [wom:power, wom:rate] for wom:critical_knowledge
[30Aug2026 18:39:28.193] [main/INFO] [epicfight/]: Data keys [wom:cooldown, wom:max_shield, wom:recovery_rate] for wom:heart_shield
[30Aug2026 18:39:28.193] [main/INFO] [epicfight/]: Data keys [wom:melody_index, wom:saved_elapsed_time, wom:step] for wom:dancing_blade
[30Aug2026 18:39:28.193] [main/INFO] [epicfight/]: Data keys [wom:timer, wom:timer_refresh, wom:active, wom:cycle, wom:duree, wom:stage] for wom:meditation
[30Aug2026 18:39:28.193] [main/INFO] [epicfight/]: Data keys [wom:cooldown] for wom:dopamine
[30Aug2026 18:39:28.193] [main/INFO] [epicfight/]: Data keys [wom:last_active] for wom:manipulator
[30Aug2026 18:39:28.193] [main/INFO] [epicfight/]: Data keys [wom:timer, wom:power, wom:rate, wom:stack] for wom:lethal_focus
[30Aug2026 18:39:28.193] [main/INFO] [epicfight/]: Data keys [wom:timer, wom:wall_glide, wom:timer_refresh, wom:wall_running, wom:jump_key_up, wom:angle] for wom:spider_techniques
[30Aug2026 18:39:28.193] [main/INFO] [epicfight/]: Data keys [wom:mermaid_movement, wom:consumprion_value, wom:cooldown, wom:jump_key_up, wom:water_dashing, wom:crawling, wom:diving] for wom:aqua_maneuvre
[30Aug2026 18:39:28.199] [main/INFO] [epicfight/]: Data keys [wom:timer, wom:wall_glide, wom:consumprion_value, wom:active, wom:buffing, wom:verso, wom:wall_running, wom:stage] for wom:natural_sprinter
[30Aug2026 18:39:28.201] [main/INFO] [epicfight/]: Data keys [wom:timer] for wom:lunatic_vivacity
[30Aug2026 18:39:28.201] [main/INFO] [epicfight/]: Data keys [wom:timer, wom:consumprion_value, wom:holding_rmb, wom:registered_health] for wom:voodoo_magic
[30Aug2026 18:39:28.201] [main/INFO] [epicfight/]: Data keys [wom:target_distance, wom:target_id] for wom:back_and_forth
[30Aug2026 18:39:28.201] [main/INFO] [epicfight/]: Data keys [wom:cooldown, wom:combo] for wom:shooting_style
[30Aug2026 18:39:28.202] [main/INFO] [epicfight/]: Data keys [wom:timer, wom:active] for wom:proximity_exploiter
[30Aug2026 18:39:28.202] [main/INFO] [epicfight/]: Data keys [wom:timer, wom:stack] for wom:all_eyes_on_you
[30Aug2026 18:39:28.203] [main/INFO] [epicfight/]: Data keys [wom:timer, wom:stack] for wom:all_eyes_on_me
[30Aug2026 18:39:28.203] [main/INFO] [epicfight/]: Data keys [wom:timer, wom:cooldown] for wom:avatar_of_might
[30Aug2026 18:39:28.203] [main/INFO] [epicfight/]: Data keys [wom:active, wom:stack, wom:attacks] for wom:agony_plunge
[30Aug2026 18:39:28.204] [main/INFO] [epicfight/]: Data keys [wom:charged, wom:timer, wom:timer_refresh, wom:charging, wom:active, wom:charging_time, wom:movespeed, wom:saved_charge, wom:holding_rmb, wom:charged_attack] for wom:torment_passive
[30Aug2026 18:39:28.204] [main/INFO] [epicfight/]: Data keys [wom:timer, wom:timer_refresh, wom:active] for wom:true_berserk
[30Aug2026 18:39:28.204] [main/INFO] [epicfight/]: Data keys [wom:stack] for wom:herrscher_passive
[30Aug2026 18:39:28.204] [main/INFO] [epicfight/]: Data keys [wom:buffed, wom:timer, wom:timer_refresh, wom:redemptioon, wom:buffing, wom:strenght, wom:verso, wom:expiation] for wom:plunder_perdition
[30Aug2026 18:39:28.205] [main/INFO] [epicfight/]: Data keys [wom:sheath] for wom:satsujin_passive
[30Aug2026 18:39:28.207] [main/INFO] [epicfight/]: Data keys [wom:frequency, wom:timer, wom:charging, wom:timedslash, wom:charge, wom:holding_rmb, wom:attacks, wom:second_draw, wom:damage, wom:timer_refresh, wom:active, wom:cooldown, wom:holding_stance, wom:stack, wom:saved_charge] for wom:sakura_state
[30Aug2026 18:39:28.208] [main/INFO] [epicfight/]: Data keys [wom:shoot, wom:using_item, wom:nofalldamage, wom:cooldown, wom:zoom, wom:combo, wom:zoom_cooldown, wom:holding_rmb, wom:reload_cooldown] for wom:ender_blast
[30Aug2026 18:39:28.208] [main/INFO] [epicfight/]: Data keys [wom:shoot, wom:using_item, wom:nofalldamage, wom:cooldown, wom:zoom, wom:combo, wom:zoom_cooldown, wom:holding_rmb, wom:reload_cooldown, wom:side] for wom:ender_fusion
[30Aug2026 18:39:28.208] [main/INFO] [epicfight/]: Data keys [wom:charged, wom:cooldown, wom:guard_point_result, wom:gesetz_sprengkopf, wom:charging_time, wom:combo, wom:holding_stance, wom:parrying, wom:holding_rmb, wom:guard_point] for wom:regierung
[30Aug2026 18:39:28.209] [main/INFO] [epicfight/]: Data keys [wom:timer, wom:timer_refresh, wom:lunar_eclipse_stack, wom:crescent, wom:echo] for wom:lunar_eclipse
[30Aug2026 18:39:28.209] [main/INFO] [epicfight/]: Data keys [wom:idle, wom:verso] for wom:lunar_echo_passive
[30Aug2026 18:39:28.210] [main/INFO] [epicfight/]: Data keys [wom:darkness_target_hited, wom:darkness_target_reaped, wom:shoot, wom:blackhole_active, wom:shoot_cooldown, wom:witherccatharsis, wom:darkness_activate_portal, wom:witheraftereffect, wom:blackhole_timer, wom:blackhole, wom:active, wom:zoom, wom:darkness_target_vec, wom:timer, wom:ascending, wom:darkness_portal_angle, wom:zoom_cooldown, wom:holding_rmb, wom:darkness_portal_timer, wom:blackhole_vec, wom:timer_refresh, wom:serius_focus_cooldown, wom:darkness_portal_vec, wom:darkness_target, wom:serius_focus] for wom:demonic_ascension
[30Aug2026 18:39:28.210] [main/INFO] [epicfight/]: Data keys [wom:blink, wom:lapse, wom:idle, wom:catharsis, wom:withercurse, wom:basic_attack, wom:particle] for wom:demon_mark_passive
[30Aug2026 18:39:28.210] [main/INFO] [epicfight/]: Data keys [wom:timer, wom:charging, wom:heat_level, wom:cycle, wom:charge, wom:holding_rmb, wom:particle, wom:solar_obscuridad_ta_timer, wom:solar_infernio, wom:timer_refresh, wom:timed_attack, wom:solar_obscuridad, wom:heating_speed, wom:stored_heat_level, wom:solar_crematorio] for wom:solar_arcano
[30Aug2026 18:39:28.211] [main/INFO] [epicfight/]: Data keys [wom:timer, wom:charging, wom:heat_level, wom:cycle, wom:charge, wom:particle, wom:solar_obscuridad_ta_timer, wom:solar_infernio, wom:timer_refresh, wom:timed_attack, wom:solar_obscuridad, wom:heating_speed, wom:stored_heat_level, wom:solar_crematorio] for wom:solar_passive
[30Aug2026 18:39:28.211] [main/INFO] [epicfight/]: Data keys [wom:serius_focus_cooldown, wom:serius_focus] for wom:rechargement
[30Aug2026 18:39:28.211] [main/INFO] [epicfight/]: Data keys [wom:charged, wom:shell_delay, wom:super_reload, wom:bullet_loaded_old, wom:active, wom:shell_number, wom:bullet_loaded, wom:cycle, wom:charge, wom:bullet_overloaded, wom:shell_anim] for wom:napoleon_passive
[30Aug2026 18:39:28.211] [main/INFO] [epicfight/]: Data keys [wom:timer, wom:stack] for wom:unbreakable
[30Aug2026 18:39:28.211] [main/INFO] [epicfight/]: Data keys [epicfightx:dodge_attacking] for epicfightx:roll
[30Aug2026 18:39:28.211] [main/INFO] [epicfight/]: Data keys [epicfightx:dodge_attacking] for epicfightx:step
[30Aug2026 18:39:28.211] [main/INFO] [epicfight/]: Data keys [epicfightx:counter_available, epicfightx:is_special_animation, epicfightx:dodge_start_time] for epicfightx:combat_mastery_i
[30Aug2026 18:39:28.212] [main/INFO] [epicfight/]: Data keys [epicfightx:sprint_active, epicfightx:sprint_available, epicfightx:dodge_start_time] for epicfightx:combat_mastery_ii
[30Aug2026 18:39:28.212] [main/INFO] [epicfight/]: Data keys [epicfightx:cooldown] for epicfightx:pickaxe_skill
[30Aug2026 18:39:28.212] [main/INFO] [epicfight/]: Data keys [epicfightx:great_tachi_marked_entities] for epicfightx:otachi_skill
[30Aug2026 18:39:28.212] [main/INFO] [epicfight/]: Data keys [epicfightx:attack_count_snapshot, epicfightx:sheath_form, epicfightx:attack_count] for epicfightx:katana_skill
[30Aug2026 18:39:28.212] [main/INFO] [epicfight/]: Data keys [epicfightx:sheath, epicfightx:sheath_killed] for epicfightx:battojutsu_passive
[30Aug2026 18:39:28.212] [main/INFO] [epicfight/]: Data keys [epicfightx:sheath] for epicfightx:battojutsu
[30Aug2026 18:39:28.213] [main/INFO] [epicfight/]: Data keys [efn:scythe_blood_power, efn:scythe_sheath] for efn:scythe_skill
[30Aug2026 18:39:28.213] [main/INFO] [epicfight/]: Data keys [efn:press_innate, efn:thornwheel_loop, efn:thornwheel_loop_available] for efn:thornwheel
[30Aug2026 18:39:28.214] [main/INFO] [epicfight/]: Data keys [efn:jump_key_pressed_last_tick, efn:jump_count, efn:murasama_forward_dodge] for efn:murasama_dodge
[30Aug2026 18:39:28.214] [main/INFO] [epicfight/]: Data keys [efn:max_puncture_chance, efn:puncture_increment, efn:current_puncture_chance, efn:base_puncture_chance] for efn:parry_master
[30Aug2026 18:39:28.214] [main/INFO] [epicfight/]: Data keys [efn:defense_start_tick, efn:buff_active, efn:buff_end_tick] for efn:precise_parry
[30Aug2026 18:39:28.214] [main/INFO] [epicfight/]: Data keys [efn:cooldown, efn:cooldown_1, efn:cooldown_2] for efn:judgementcutend
[30Aug2026 18:39:28.214] [main/INFO] [epicfight/]: Data keys [efn:cooldown, efn:cooldown_1, efn:cooldown_2] for efn:stomp
[30Aug2026 18:39:28.215] [main/INFO] [epicfight/]: Data keys [efn:murasama_last_triggered_sector, efn:murasama_zandatsu_available, efn:murasama_zandatsu_end_time, efn:murasama_zansetsu_input_mode, efn:murasama_opposite_triggered, efn:murasama_zansetsu_timer, efn:murasama_key_left_down, efn:murasama_zansetsu_end_time, efn:murasama_zandatsu_start_time, efn:murasama_zansetsu_slash_release, efn:murasama_zansetsu_active, efn:arts_key_pressed, efn:murasama_pair_flag, efn:murasama_input_mode_switch_pressed, efn:murasama_zansetsu_attack_counter, efn:arts_key, efn:murasama_left_mouse_pressed, efn:murasama_key_right_down, efn:murasama_zansetsu_sector, efn:murasama_zansetsu_start_time] for efn:zansetsu
[30Aug2026 18:39:28.215] [main/INFO] [epicfight/]: Data keys [efn:cooldown, efn:cooldown_1, efn:cooldown_2] for efn:execution
[30Aug2026 18:39:28.215] [main/INFO] [epicfight/]: Data keys [efn:efn_starting_parry, epicfight:penalty_restore_counter, efn:efn_last_guard_start_tick, epicfight:penalty, efn:efn_shake_detected, efn:efn_last_parry_time, efn:efn_delay_protection_end, efn:efn_first_shake, efn:efn_parry_motion_counter, efn:efn_last_active, efn:efn_shake_penalty_count, efn:efn_last_successful_defense_tick] for efn:efn_parry
[30Aug2026 18:39:28.215] [main/INFO] [epicfight/]: Data keys [efn:efn_starting_parry, epicfight:penalty_restore_counter, efn:efn_last_guard_start_tick, epicfight:penalty, efn:efn_shake_detected, efn:efn_last_parry_time, efn:efn_delay_protection_end, efn:efn_first_shake, efn:efn_parry_motion_counter, efn:efn_last_active, efn:efn_shake_penalty_count, efn:efn_last_successful_defense_tick] for efn:murasama_parry
[30Aug2026 18:39:28.216] [main/INFO] [epicfight/]: Data keys [efn:cooldown, efn:arts_input_buffer, efn:cooldown_1, efn:arts_key_pressed, efn:cooldown_2, efn:arts_key, efn:sekiro_art_index] for efn:mortal_blade
[30Aug2026 18:39:28.216] [main/INFO] [epicfight/]: Data keys [efn:press_doppelganger, efn:combo_counter, efn:up_key, efn:key1_press_timer, efn:angel_key, efn:sprint_key, efn:cooldown_1, efn:charge_power, efn:is_charging, invincible:down, efn:charge_message, efn:force_release, efn:full_charge_message, efn:doppelganger_tick, efn:pressing_key2, invincible:dodge_success_timer, efn:press_key3, efn:pressing_key3, efn:doppelganger_delay, efn:energy_check, invincible:up, efn:jump_key, efn:demon_key, invincible:right, efn:charge_ticks, efn:down_key, efn:press_key4, efn:guard_key, efn:cooldown_2, efn:have_doppelganger, invincible:cooldown, efn:charge_stage, efn:press_key1, efn:pressing_innate, efn:press_summon_sword, efn:pressing_key4, efn:arts_key_pressed, efn:doppelganger_style, efn:was_long_pressed, efn:press_key2, efn:pressing_key1, efn:innate_press_timer, invincible:left, efn:key2_press_timer, efn:key4_press_timer, efn:press_innate, efn:cooldown, efn:is_pressing, efn:arts_key, efn:sneak_key, efn:key3_press_timer, invincible:parry_timer] for efn:yamato
[30Aug2026 18:39:28.217] [main/INFO] [epicfight/]: Data keys [efn:doppelganger_delay, efn:doppelganger_tick, efn:stun_cooldown, efn:doppelganger_style, efn:have_doppelganger, efn:parry_cooldown] for efn:yamato_passive
[30Aug2026 18:39:28.217] [main/INFO] [epicfight/]: Data keys [efn:combo_counter, efn:damage_history, efn:up_key, efn:key1_press_timer, efn:angel_key, efn:sprint_key, efn:cooldown_1, efn:charge_power, efn:is_charging, invincible:down, efn:charge_message, efn:force_release, efn:full_charge_message, efn:pressing_key2, invincible:dodge_success_timer, efn:press_key3, efn:pressing_key3, efn:energy_check, efn:is_replay_damage, invincible:up, efn:jump_key, efn:demon_key, invincible:right, efn:charge_ticks, efn:down_key, efn:press_key4, efn:guard_key, efn:cooldown_2, invincible:cooldown, efn:charge_stage, efn:press_key1, efn:pressing_innate, efn:press_summon_sword, efn:pressing_key4, efn:arts_key_pressed, efn:was_long_pressed, efn:press_key2, efn:pressing_key1, efn:innate_press_timer, invincible:left, efn:replay_enhanced, efn:key2_press_timer, efn:key4_press_timer, efn:press_innate, efn:cooldown, efn:is_pressing, efn:arts_key, efn:sneak_key, efn:key3_press_timer, invincible:parry_timer] for efn:shortsword
[30Aug2026 18:39:28.218] [main/INFO] [epicfight/]: Data keys [efn:combo_counter, efn:cooldown_2, efn:up_key, efn:key1_press_timer, invincible:cooldown, efn:charge_stage, efn:press_key1, efn:pressing_innate, efn:angel_key, efn:press_summon_sword, efn:sprint_key, efn:pressing_key4, efn:cooldown_1, efn:charge_power, efn:arts_key_pressed, efn:is_charging, invincible:down, efn:charge_message, efn:was_long_pressed, efn:force_release, efn:press_key2, efn:full_charge_message, efn:pressing_key1, efn:innate_press_timer, efn:pressing_key2, invincible:dodge_success_timer, efn:press_key3, invincible:left, efn:pressing_key3, efn:key2_press_timer, efn:key4_press_timer, efn:energy_check, efn:press_innate, invincible:up, efn:jump_key, efn:cooldown, efn:demon_key, invincible:right, efn:is_pressing, efn:charge_ticks, efn:arts_key, efn:down_key, efn:press_key4, efn:guard_key, efn:sneak_key, efn:key3_press_timer, invincible:parry_timer] for efn:ruinsgreatsword
[30Aug2026 18:39:28.218] [main/INFO] [epicfight/]: Data keys [efn:combo_counter, efn:cooldown_2, efn:up_key, efn:key1_press_timer, invincible:cooldown, efn:charge_stage, efn:press_key1, efn:pressing_innate, efn:angel_key, efn:press_summon_sword, efn:sprint_key, efn:pressing_key4, efn:cooldown_1, efn:charge_power, efn:arts_key_pressed, efn:is_charging, invincible:down, efn:charge_message, efn:was_long_pressed, efn:force_release, efn:press_key2, efn:full_charge_message, efn:pressing_key1, efn:innate_press_timer, efn:pressing_key2, invincible:dodge_success_timer, efn:press_key3, invincible:left, efn:pressing_key3, efn:key2_press_timer, efn:key4_press_timer, efn:energy_check, efn:press_innate, invincible:up, efn:jump_key, efn:cooldown, efn:demon_key, invincible:right, efn:is_pressing, efn:charge_ticks, efn:arts_key, efn:down_key, efn:press_key4, efn:guard_key, efn:sneak_key, efn:key3_press_timer, invincible:parry_timer] for efn:pioneer
[30Aug2026 18:39:28.220] [main/INFO] [epicfight/]: Data keys [efn:combo_counter, efn:murasama_sheath, efn:murasama_opposite_triggered, efn:up_key, efn:murasama_sheath_timer, efn:key1_press_timer, efn:murasama_zansetsu_timer, efn:murasama_zansetsu_end_time, efn:murasama_zandatsu_start_time, efn:angel_key, efn:sprint_key, efn:cooldown_1, efn:charge_power, efn:is_charging, invincible:down, efn:charge_message, efn:force_release, efn:murasama_left_mouse_pressed, efn:murasama_key_right_down, efn:full_charge_message, efn:murasama_zandatsu_available, efn:pressing_key2, invincible:dodge_success_timer, efn:press_key3, efn:pressing_key3, efn:murasama_zansetsu_slash_release, efn:murasama_zansetsu_active, efn:energy_check, invincible:up, efn:jump_key, efn:demon_key, invincible:right, efn:charge_ticks, efn:down_key, efn:press_key4, efn:guard_key, efn:murasama_last_triggered_sector, efn:cooldown_2, efn:murasama_zansetsu_input_mode, invincible:cooldown, efn:charge_stage, efn:press_key1, efn:pressing_innate, efn:murasama_key_left_down, efn:press_summon_sword, efn:pressing_key4, efn:arts_key_pressed, efn:was_long_pressed, efn:murasama_zansetsu_attack_counter, efn:sprint_sheath_timer, efn:press_key2, efn:murasama_zansetsu_start_time, efn:pressing_key1, efn:innate_press_timer, efn:manual_unsheath, efn:murasama_zandatsu_end_time, invincible:left, efn:key2_press_timer, efn:key4_press_timer, efn:press_innate, efn:cooldown, efn:murasama_air_borne, efn:murasama_forward_dodge, efn:is_pressing, efn:murasama_pair_flag, efn:murasama_input_mode_switch_pressed, efn:arts_key, efn:sneak_key, efn:murasama_zansetsu_sector, efn:key3_press_timer, invincible:parry_timer] for efn:murasama
[30Aug2026 18:39:28.220] [main/INFO] [epicfight/]: Data keys [efn:murasama_last_triggered_sector, efn:jump_key_pressed_last_tick, efn:forward_backward_end_tick, efn:is_double_tap_sprint, efn:forward_backward_timer, efn:murasama_sheath, efn:murasama_zansetsu_input_mode, efn:murasama_opposite_triggered, efn:murasama_sheath_timer, efn:murasama_zansetsu_timer, efn:murasama_key_left_down, efn:murasama_zansetsu_end_time, efn:murasama_zandatsu_start_time, efn:double_tap_timer, efn:murasama_zansetsu_attack_counter, efn:sprint_sheath_timer, efn:murasama_left_mouse_pressed, efn:murasama_key_right_down, efn:murasama_zansetsu_start_time, efn:forward_pressed_last_tick, efn:murasama_zandatsu_available, efn:manual_unsheath, efn:murasama_zandatsu_end_time, efn:forward_backward_success, efn:was_double_tap_sprint, efn:forward_backward_remaining_ticks, efn:murasama_zansetsu_slash_release, efn:murasama_zansetsu_active, efn:jump_count, efn:up_key_pressed_last_tick, efn:forward_backward_window_active, efn:murasama_forward_dodge, efn:murasama_pair_flag, efn:murasama_input_mode_switch_pressed, efn:backward_pressed_last_tick, efn:murasama_zansetsu_sector] for efn:murasama_passive
[30Aug2026 18:39:28.221] [main/INFO] [epicfight/]: Data keys [efn:combo_counter, efn:cooldown_2, efn:up_key, efn:key1_press_timer, invincible:cooldown, efn:charge_stage, efn:press_key1, efn:pressing_innate, efn:angel_key, efn:press_summon_sword, efn:sprint_key, efn:pressing_key4, efn:cooldown_1, efn:charge_power, efn:arts_key_pressed, efn:is_charging, invincible:down, efn:charge_message, efn:was_long_pressed, efn:force_release, efn:press_key2, efn:full_charge_message, efn:pressing_key1, efn:innate_press_timer, efn:pressing_key2, invincible:dodge_success_timer, efn:press_key3, invincible:left, efn:pressing_key3, efn:key2_press_timer, efn:key4_press_timer, efn:energy_check, efn:press_innate, invincible:up, efn:jump_key, efn:cooldown, efn:demon_key, invincible:right, efn:is_pressing, efn:charge_ticks, efn:arts_key, efn:down_key, efn:press_key4, efn:guard_key, efn:sneak_key, efn:key3_press_timer, invincible:parry_timer] for efn:meenlance
[30Aug2026 18:39:28.221] [main/INFO] [epicfight/]: Data keys [efn:combo_counter, efn:cooldown_2, efn:up_key, efn:key1_press_timer, invincible:cooldown, efn:charge_stage, efn:press_key1, efn:pressing_innate, efn:angel_key, efn:press_summon_sword, efn:sprint_key, efn:pressing_key4, efn:cooldown_1, efn:charge_power, efn:arts_key_pressed, efn:is_charging, invincible:down, efn:charge_message, efn:was_long_pressed, efn:force_release, efn:press_key2, efn:full_charge_message, efn:pressing_key1, efn:innate_press_timer, efn:pressing_key2, invincible:dodge_success_timer, efn:press_key3, invincible:left, efn:pressing_key3, efn:key2_press_timer, efn:key4_press_timer, efn:energy_check, efn:press_innate, invincible:up, efn:jump_key, efn:cooldown, efn:demon_key, invincible:right, efn:is_pressing, efn:charge_ticks, efn:arts_key, efn:down_key, efn:press_key4, efn:guard_key, efn:sneak_key, efn:key3_press_timer, invincible:parry_timer] for efn:kusabimaru
[30Aug2026 18:39:28.221] [main/INFO] [epicfight/]: Data keys [efn:combo_counter, efn:murasama_sheath, efn:murasama_opposite_triggered, efn:up_key, efn:murasama_sheath_timer, efn:key1_press_timer, efn:murasama_zansetsu_timer, efn:murasama_zansetsu_end_time, efn:murasama_zandatsu_start_time, efn:angel_key, efn:sprint_key, efn:cooldown_1, efn:charge_power, efn:is_charging, invincible:down, efn:charge_message, efn:force_release, efn:murasama_left_mouse_pressed, efn:murasama_key_right_down, efn:full_charge_message, efn:murasama_zandatsu_available, efn:pressing_key2, invincible:dodge_success_timer, efn:press_key3, efn:pressing_key3, efn:murasama_zansetsu_slash_release, efn:murasama_zansetsu_active, efn:energy_check, invincible:up, efn:jump_key, efn:demon_key, invincible:right, efn:charge_ticks, efn:down_key, efn:press_key4, efn:guard_key, efn:murasama_last_triggered_sector, efn:cooldown_2, efn:murasama_zansetsu_input_mode, invincible:cooldown, efn:charge_stage, efn:press_key1, efn:pressing_innate, efn:murasama_key_left_down, efn:press_summon_sword, efn:pressing_key4, efn:arts_key_pressed, efn:was_long_pressed, efn:murasama_zansetsu_attack_counter, efn:sprint_sheath_timer, efn:press_key2, efn:murasama_zansetsu_start_time, efn:pressing_key1, efn:innate_press_timer, efn:manual_unsheath, efn:murasama_zandatsu_end_time, invincible:left, efn:key2_press_timer, efn:key4_press_timer, efn:press_innate, efn:cooldown, efn:murasama_air_borne, efn:murasama_forward_dodge, efn:is_pressing, efn:murasama_pair_flag, efn:murasama_input_mode_switch_pressed, efn:arts_key, efn:sneak_key, efn:murasama_zansetsu_sector, efn:key3_press_timer, invincible:parry_timer] for efn:hf_blade
[30Aug2026 18:39:28.221] [main/INFO] [epicfight/]: Data keys [efn:murasama_last_triggered_sector, efn:jump_key_pressed_last_tick, efn:forward_backward_end_tick, efn:is_double_tap_sprint, efn:forward_backward_timer, efn:murasama_sheath, efn:murasama_zansetsu_input_mode, efn:murasama_opposite_triggered, efn:murasama_sheath_timer, efn:murasama_zansetsu_timer, efn:murasama_key_left_down, efn:murasama_zansetsu_end_time, efn:murasama_zandatsu_start_time, efn:double_tap_timer, efn:murasama_zansetsu_attack_counter, efn:sprint_sheath_timer, efn:murasama_left_mouse_pressed, efn:murasama_key_right_down, efn:murasama_zansetsu_start_time, efn:forward_pressed_last_tick, efn:murasama_zandatsu_available, efn:manual_unsheath, efn:murasama_zandatsu_end_time, efn:forward_backward_success, efn:was_double_tap_sprint, efn:forward_backward_remaining_ticks, efn:murasama_zansetsu_slash_release, efn:murasama_zansetsu_active, efn:jump_count, efn:up_key_pressed_last_tick, efn:forward_backward_window_active, efn:murasama_forward_dodge, efn:murasama_pair_flag, efn:murasama_input_mode_switch_pressed, efn:backward_pressed_last_tick, efn:murasama_zansetsu_sector] for efn:hf_blade_passive
[30Aug2026 18:39:28.222] [main/INFO] [epicfight/]: Data keys [efn:combo_counter, efn:cooldown_2, efn:up_key, efn:key1_press_timer, invincible:cooldown, efn:charge_stage, efn:press_key1, efn:pressing_innate, efn:angel_key, efn:press_summon_sword, efn:sprint_key, efn:pressing_key4, efn:cooldown_1, efn:charge_power, efn:arts_key_pressed, efn:is_charging, invincible:down, efn:charge_message, efn:was_long_pressed, efn:force_release, efn:press_key2, efn:full_charge_message, efn:pressing_key1, efn:innate_press_timer, efn:pressing_key2, invincible:dodge_success_timer, efn:press_key3, invincible:left, efn:pressing_key3, efn:key2_press_timer, efn:key4_press_timer, efn:energy_check, efn:press_innate, invincible:up, efn:jump_key, efn:cooldown, efn:demon_key, invincible:right, efn:is_pressing, efn:charge_ticks, efn:arts_key, efn:down_key, efn:press_key4, efn:guard_key, efn:sneak_key, efn:key3_press_timer, invincible:parry_timer] for efn:exsiliumgladius
[30Aug2026 18:39:28.222] [main/INFO] [epicfight/]: Data keys [invincible:up, invincible:right, invincible:down, invincible:dodge_success_timer, invincible:left, invincible:cooldown, invincible:parry_timer] for efn:examplecombo
[30Aug2026 18:39:28.222] [main/INFO] [epicfight/]: Data keys [efn:combo_counter, efn:cooldown_2, efn:up_key, efn:key1_press_timer, invincible:cooldown, efn:charge_stage, efn:press_key1, efn:pressing_innate, efn:angel_key, efn:press_summon_sword, efn:sprint_key, efn:pressing_key4, efn:cooldown_1, efn:charge_power, efn:arts_key_pressed, efn:is_charging, invincible:down, efn:charge_message, efn:was_long_pressed, efn:force_release, efn:press_key2, efn:full_charge_message, efn:pressing_key1, efn:innate_press_timer, efn:pressing_key2, invincible:dodge_success_timer, efn:press_key3, invincible:left, efn:pressing_key3, efn:key2_press_timer, efn:key4_press_timer, efn:energy_check, efn:press_innate, invincible:up, efn:jump_key, efn:cooldown, efn:demon_key, invincible:right, efn:is_pressing, efn:charge_ticks, efn:arts_key, efn:down_key, efn:press_key4, efn:guard_key, efn:sneak_key, efn:key3_press_timer, invincible:parry_timer] for efn:crescentmoon
[30Aug2026 18:39:28.222] [main/INFO] [epicfight/]: Data keys [efn:combo_counter, efn:cooldown_2, efn:up_key, efn:key1_press_timer, invincible:cooldown, efn:charge_stage, efn:press_key1, efn:pressing_innate, efn:angel_key, efn:press_summon_sword, efn:sprint_key, efn:pressing_key4, efn:cooldown_1, efn:charge_power, efn:arts_key_pressed, efn:is_charging, invincible:down, efn:charge_message, efn:was_long_pressed, efn:force_release, efn:press_key2, efn:full_charge_message, efn:pressing_key1, efn:innate_press_timer, efn:pressing_key2, invincible:dodge_success_timer, efn:press_key3, invincible:left, efn:pressing_key3, efn:key2_press_timer, efn:key4_press_timer, efn:energy_check, efn:press_innate, invincible:up, efn:jump_key, efn:cooldown, efn:demon_key, invincible:right, efn:is_pressing, efn:charge_ticks, efn:arts_key, efn:down_key, efn:press_key4, efn:guard_key, efn:sneak_key, efn:key3_press_timer, invincible:parry_timer] for efn:broadblade
[30Aug2026 18:39:28.222] [main/INFO] [epicfight/]: Data keys [efn:combo_counter, efn:cooldown_2, efn:up_key, efn:key1_press_timer, invincible:cooldown, efn:charge_stage, efn:press_key1, efn:pressing_innate, efn:angel_key, efn:press_summon_sword, efn:sprint_key, efn:pressing_key4, efn:cooldown_1, efn:charge_power, efn:arts_key_pressed, efn:is_charging, invincible:down, efn:charge_message, efn:was_long_pressed, efn:force_release, efn:press_key2, efn:full_charge_message, efn:pressing_key1, efn:innate_press_timer, efn:pressing_key2, invincible:dodge_success_timer, efn:press_key3, invincible:left, efn:pressing_key3, efn:key2_press_timer, efn:key4_press_timer, efn:energy_check, efn:press_innate, invincible:up, efn:jump_key, efn:cooldown, efn:demon_key, invincible:right, efn:is_pressing, efn:charge_ticks, efn:arts_key, efn:down_key, efn:press_key4, efn:guard_key, efn:sneak_key, efn:key3_press_timer, invincible:parry_timer] for efn:bloodlust
[30Aug2026 18:39:28.223] [main/INFO] [epicfight/]: Data keys [efn:combo_counter, efn:cooldown_2, efn:up_key, efn:key1_press_timer, invincible:cooldown, efn:charge_stage, efn:press_key1, efn:pressing_innate, efn:angel_key, efn:press_summon_sword, efn:sprint_key, efn:pressing_key4, efn:cooldown_1, efn:charge_power, efn:arts_key_pressed, efn:is_charging, invincible:down, efn:charge_message, efn:was_long_pressed, efn:force_release, efn:press_key2, efn:full_charge_message, efn:pressing_key1, efn:innate_press_timer, efn:pressing_key2, invincible:dodge_success_timer, efn:press_key3, invincible:left, efn:pressing_key3, efn:key2_press_timer, efn:key4_press_timer, efn:energy_check, efn:press_innate, invincible:up, efn:jump_key, efn:cooldown, efn:demon_key, invincible:right, efn:is_pressing, efn:charge_ticks, efn:arts_key, efn:down_key, efn:press_key4, efn:guard_key, efn:sneak_key, efn:key3_press_timer, invincible:parry_timer] for efn:beastclaw
[30Aug2026 18:39:28.223] [main/INFO] [epicfight/]: Data keys [efn:combo_counter, efn:cooldown_2, efn:up_key, efn:key1_press_timer, invincible:cooldown, efn:charge_stage, efn:press_key1, efn:pressing_innate, efn:angel_key, efn:press_summon_sword, efn:sprint_key, efn:pressing_key4, efn:cooldown_1, efn:charge_power, efn:arts_key_pressed, efn:is_charging, invincible:down, efn:charge_message, efn:was_long_pressed, efn:force_release, efn:press_key2, efn:full_charge_message, efn:pressing_key1, efn:innate_press_timer, efn:pressing_key2, invincible:dodge_success_timer, efn:press_key3, invincible:left, efn:pressing_key3, efn:key2_press_timer, efn:key4_press_timer, efn:energy_check, efn:press_innate, invincible:up, efn:jump_key, efn:cooldown, efn:demon_key, invincible:right, efn:is_pressing, efn:charge_ticks, efn:arts_key, efn:down_key, efn:press_key4, efn:guard_key, efn:sneak_key, efn:key3_press_timer, invincible:parry_timer] for efn:aetherialdusk
[30Aug2026 18:39:28.375] [main/WARN] [net.minecraft.server.packs.VanillaPackResourcesBuilder/]: Assets URL 'union:/workspaces/RETRIEVAL-WATERCLIP/servidor_minecraft/libraries/net/minecraft/server/1.20.1-20230612.114412/server-1.20.1-20230612.114412-srg.jar%23577!/assets/.mcassetsroot' uses unexpected schema
[30Aug2026 18:39:28.376] [main/WARN] [net.minecraft.server.packs.VanillaPackResourcesBuilder/]: Assets URL 'union:/workspaces/RETRIEVAL-WATERCLIP/servidor_minecraft/libraries/net/minecraft/server/1.20.1-20230612.114412/server-1.20.1-20230612.114412-srg.jar%23577!/data/.mcassetsroot' uses unexpected schema
[30Aug2026 18:39:28.384] [main/WARN] [sleys.sl.datadriven.SLDataDrivenExtension/]: [Data Finder] Directory not found: /workspaces/RETRIEVAL-WATERCLIP/servidor_minecraft/data_driven/datapacks
[30Aug2026 18:39:28.549] [main/INFO] [com.simibubi.create.Create/]: Created 210 recipes which will be injected into the game
[30Aug2026 18:39:28.554] [main/INFO] [com.simibubi.create.Create/]: Created 4 tags which will be injected into the game
[30Aug2026 18:39:28.570] [main/WARN] [sleys.sl.epicfight.SLMEpicFightMod/]: [SLM EpicFight] No valid data folder found. Expected at: /workspaces/RETRIEVAL-WATERCLIP/servidor_minecraft/data_driven/slm_epicfight
[30Aug2026 18:39:28.657] [main/INFO] [Ksyxis/MOD_KSYXIS]: Ksyxis: Enabled compatibility hack with ModernFix. (removeSpawnChunks: false)
[30Aug2026 18:39:28.894] [main/INFO] [net.minecraft.server.MinecraftServer/]: Found new data pack T&T Waystone Patch Pack, loading it automatically
[30Aug2026 18:39:28.894] [main/INFO] [net.minecraft.server.MinecraftServer/]: Found new data pack create:dynamic_data, loading it automatically
[30Aug2026 18:39:28.895] [main/INFO] [net.minecraft.server.MinecraftServer/]: Found new data pack create_pillagers_arise_configured_structures, loading it automatically
[30Aug2026 18:39:28.895] [main/INFO] [net.minecraft.server.MinecraftServer/]: Found new data pack fabric, loading it automatically
[30Aug2026 18:39:28.895] [main/INFO] [net.minecraft.server.MinecraftServer/]: Found new data pack infinity_cave/infinity_cave, loading it automatically
[30Aug2026 18:39:32.290] [main/INFO] [com.jtorleonstudios.libraryferret.LibraryFerret/]: Structure placement for `awesomedungeonocean:brigantine/start_pool`: { spacing: 50, separation: 25, salt: 254835856, useValueFromConfiguration: true}
[30Aug2026 18:39:32.316] [main/INFO] [com.jtorleonstudios.libraryferret.LibraryFerret/]: Structure placement for `awesomedungeonocean:frigate_large/start_pool`: { spacing: 50, separation: 25, salt: 35482856, useValueFromConfiguration: true}
[30Aug2026 18:39:32.316] [main/INFO] [com.jtorleonstudios.libraryferret.LibraryFerret/]: Structure placement for `awesomedungeonocean:frigate_medium/start_pool`: { spacing: 50, separation: 25, salt: 45482856, useValueFromConfiguration: true}
[30Aug2026 18:39:32.343] [main/INFO] [com.jtorleonstudios.libraryferret.LibraryFerret/]: Structure placement for `awesomedungeonocean:ocean_cage/start_pool`: { spacing: 50, separation: 25, salt: 40842806, useValueFromConfiguration: true}
[30Aug2026 18:39:32.345] [main/INFO] [com.jtorleonstudios.libraryferret.LibraryFerret/]: Structure placement for `awesomedungeonocean:ocean_quad/start_pool`: { spacing: 50, separation: 25, salt: 254835856, useValueFromConfiguration: true}
[30Aug2026 18:39:32.346] [main/INFO] [com.jtorleonstudios.libraryferret.LibraryFerret/]: Structure placement for `awesomedungeonocean:ocean_ruin_pillager/start_pool`: { spacing: 50, separation: 25, salt: 254145856, useValueFromConfiguration: true}
[30Aug2026 18:39:32.346] [main/INFO] [com.jtorleonstudios.libraryferret.LibraryFerret/]: Structure placement for `awesomedungeonocean:ocean_ruin_vanilla_temple/start_pool`: { spacing: 50, separation: 25, salt: 25482856, useValueFromConfiguration: true}
[30Aug2026 18:39:32.347] [main/INFO] [com.jtorleonstudios.libraryferret.LibraryFerret/]: Structure placement for `awesomedungeonocean:ocean_temple_quad/start_pool`: { spacing: 50, separation: 25, salt: 35482856, useValueFromConfiguration: true}
[30Aug2026 18:39:32.348] [main/INFO] [com.jtorleonstudios.libraryferret.LibraryFerret/]: Structure placement for `awesomedungeonocean:ocean_the_column_temple/start_pool`: { spacing: 50, separation: 25, salt: 15482856, useValueFromConfiguration: true}
[30Aug2026 18:39:32.348] [main/INFO] [com.jtorleonstudios.libraryferret.LibraryFerret/]: Structure placement for `awesomedungeonocean:ocean_warn_temple/start_pool`: { spacing: 50, separation: 25, salt: 45482856, useValueFromConfiguration: true}
[30Aug2026 18:39:32.372] [main/INFO] [bettervillage/]: StructureSet modified for minecraft:village : Now using custom village configuration (can be disabled in the better villages config: boolean.villages.enabled_custom_config).
[30Aug2026 18:39:33.937] [main/ERROR] [betterendisland/]: key missing: bei_ExtraDragonFight in {BorderCenterX:0.0d,BorderCenterZ:0.0d,BorderDamagePerBlock:0.2d,BorderSafeZone:5.0d,BorderSize:5.9999968E7d,BorderSizeLerpTarget:5.9999968E7d,BorderSizeLerpTime:0L,BorderWarningBlocks:5.0d,BorderWarningTime:15.0d,CustomBossEvents:{},DataPacks:{Disabled:["bundle"],Enabled:["vanilla","mod:forge"]},DataVersion:3465,DayTime:11021L,Difficulty:1b,DifficultyLocked:0b,DragonFight:{DragonKilled:0b,Gateways:[I;2,6,17,3,8,16,13,12,4,11,15,10,19,9,18,14,5,7,0,1],NeedsStateScanning:1b,PreviouslyKilled:0b},GameRules:{announceAdvancements:"true",blockExplosionDropDecay:"true",commandBlockOutput:"true",commandModificationBlockLimit:"32768",disableElytraMovementCheck:"false",disableRaids:"false",doDaylightCycle:"true",doEntityDrops:"true",doFireTick:"true",doImmediateRespawn:"false",doInsomnia:"true",doLimitedCrafting:"false",doMobLoot:"true",doMobSpawning:"true",doPatrolSpawning:"true",doTileDrops:"true",doTraderSpawning:"true",doVinesSpread:"true",doWardenSpawning:"true",doWeatherCycle:"true",drowningDamage:"true",fallDamage:"true",fireDamage:"true",forgiveDeadPlayers:"true",freezeDamage:"true",globalSoundEvents:"true",keepInventory:"false",lavaSourceConversion:"false",logAdminCommands:"true",maxCommandChainLength:"65536",maxEntityCramming:"24",mobExplosionDropDecay:"true",mobGriefing:"true",naturalRegeneration:"true",playersSleepingPercentage:"100",randomTickSpeed:"3",reducedDebugInfo:"false",sendCommandFeedback:"true",showDeathMessages:"true",snowAccumulationHeight:"1",spawnRadius:"10",spectatorsGenerateChunks:"true",tntExplosionDropDecay:"false",universalAnger:"false",waterSourceConversion:"true"},GameType:0,LastPlayed:1788033561803L,LevelName:"world",ScheduledEvents:[],ServerBrands:["forge"],SpawnAngle:0.0f,SpawnX:224,SpawnY:64,SpawnZ:48,Time:11021L,Version:{Id:3465,Name:"1.20.1",Series:"main",Snapshot:0b},WanderingTraderSpawnChance:25,WanderingTraderSpawnDelay:13200,WasModded:1b,WorldGenSettings:{bonus_chest:0b,dimensions:{"minecraft:overworld":{generator:{biome_source:{preset:"minecraft:overworld",type:"minecraft:multi_noise"},settings:"minecraft:overworld",type:"minecraft:noise"},type:"minecraft:overworld"},"minecraft:the_end":{generator:{biome_source:{type:"minecraft:the_end"},settings:"minecraft:end",type:"minecraft:noise"},type:"minecraft:the_end"},"minecraft:the_nether":{generator:{biome_source:{preset:"minecraft:nether",type:"minecraft:multi_noise"},settings:"minecraft:nether",type:"minecraft:noise"},type:"minecraft:the_nether"}},generate_features:1b,seed:-2285140706869200586L},allowCommands:0b,clearWeatherTime:0,confirmedExperimentalSettings:0b,forgeLifecycle:"stable",hardcore:0b,initialized:1b,rainTime:87428,raining:0b,thunderTime:142467,thundering:0b,version:19133}
[30Aug2026 18:39:34.669] [main/INFO] [DA.pingy.Pingy/]: [Pingy] Commands registered
[30Aug2026 18:39:34.916] [main/INFO] [Calio/]: CDRM Initialized with 16 registries
[30Aug2026 18:39:34.938] [main/INFO] [com.github.alexthe666.alexsmobs.AlexsMobs/]: Adding datapack listener capsid_recipes
[30Aug2026 18:39:35.551] [Worker-Main-1/ERROR] [net.minecraft.tags.TagLoader/]: Couldn't load tag quark:vertical_slab as it is missing following references: bygonenether:withered_blackstone_vertical_slab (from bygonenether-1.3.2-1.20.x.jar), 
	bygonenether:cracked_withered_blackstone_vertical_slab (from bygonenether-1.3.2-1.20.x.jar), 
	bygonenether:warped_nether_brick_vertical_slab (from bygonenether-1.3.2-1.20.x.jar)
[30Aug2026 18:39:35.581] [Worker-Main-1/ERROR] [net.minecraft.tags.TagLoader/]: Couldn't load tag minecraft:blocks as it is missing following references: enhanced_enchanting:deleted_mod_element (from enhanced_enchanting-1.3.2.1-forge-1.20.1.jar)
[30Aug2026 18:39:35.581] [Worker-Main-1/ERROR] [net.minecraft.tags.TagLoader/]: Couldn't load tag minecraft:damage as it is missing following references: enhanced_enchanting:deleted_mod_element (from enhanced_enchanting-1.3.2.1-forge-1.20.1.jar)
[30Aug2026 18:39:35.702] [Worker-Main-1/ERROR] [net.minecraft.tags.TagLoader/]: Couldn't load tag quark:wraith_spawnable as it is missing following references: quark:soul_stone (from bygonenether-1.3.2-1.20.x.jar)
[30Aug2026 18:39:35.703] [Worker-Main-1/ERROR] [net.minecraft.tags.TagLoader/]: Couldn't load tag quark:vertical_slab as it is missing following references: bygonenether:withered_blackstone_vertical_slab (from bygonenether-1.3.2-1.20.x.jar), 
	bygonenether:cracked_withered_blackstone_vertical_slab (from bygonenether-1.3.2-1.20.x.jar), 
	bygonenether:warped_nether_brick_vertical_slab (from bygonenether-1.3.2-1.20.x.jar)
[30Aug2026 18:39:36.653] [Worker-Main-1/ERROR] [net.minecraftforge.common.ForgeHooks/]: Couldn't parse element loot_tables:irons_spellbooks:chests/catacombs/crypt_loot
com.google.gson.JsonSyntaxException: Missing name, expected to find a string
	at net.minecraft.util.GsonHelper.m_13906_(GsonHelper.java:127) ~[server-1.20.1-20230612.114412-srg.jar%23577!/:?]
	at net.minecraft.world.level.storage.loot.entries.LootTableReference$Serializer.m_7267_(LootTableReference.java:67) ~[server-1.20.1-20230612.114412-srg.jar%23577!/:?]
	at net.minecraft.world.level.storage.loot.entries.LootTableReference$Serializer.m_7267_(LootTableReference.java:58) ~[server-1.20.1-20230612.114412-srg.jar%23577!/:?]
	at net.minecraft.world.level.storage.loot.entries.LootPoolSingletonContainer$Serializer.m_5921_(LootPoolSingletonContainer.java:151) ~[server-1.20.1-20230612.114412-srg.jar%23577!/:?]
	at net.minecraft.world.level.storage.loot.entries.LootPoolSingletonContainer$Serializer.m_5921_(LootPoolSingletonContainer.java:129) ~[server-1.20.1-20230612.114412-srg.jar%23577!/:?]
	at net.minecraft.world.level.storage.loot.entries.LootPoolEntryContainer$Serializer.m_7561_(LootPoolEntryContainer.java:86) ~[server-1.20.1-20230612.114412-srg.jar%23577!/:?]
	at net.minecraft.world.level.storage.loot.entries.LootPoolEntryContainer$Serializer.m_7561_(LootPoolEntryContainer.java:74) ~[server-1.20.1-20230612.114412-srg.jar%23577!/:?]
	at net.minecraft.world.level.storage.loot.GsonAdapterFactory$JsonAdapter.deserialize(GsonAdapterFactory.java:102) ~[server-1.20.1-20230612.114412-srg.jar%23577!/:?]
	at com.google.gson.internal.bind.TreeTypeAdapter.read(TreeTypeAdapter.java:76) ~[gson-2.10.jar%2372!/:?]
	at com.google.gson.internal.bind.TypeAdapterRuntimeTypeWrapper.read(TypeAdapterRuntimeTypeWrapper.java:40) ~[gson-2.10.jar%2372!/:?]
	at com.google.gson.internal.bind.ArrayTypeAdapter.read(ArrayTypeAdapter.java:72) ~[gson-2.10.jar%2372!/:?]
	at com.google.gson.Gson.fromJson(Gson.java:1214) ~[gson-2.10.jar%2372!/:?]
	at com.google.gson.Gson.fromJson(Gson.java:1319) ~[gson-2.10.jar%2372!/:?]
	at com.google.gson.Gson.fromJson(Gson.java:1290) ~[gson-2.10.jar%2372!/:?]
	at com.google.gson.internal.bind.TreeTypeAdapter$GsonContextImpl.deserialize(TreeTypeAdapter.java:179) ~[gson-2.10.jar%2372!/:?]
	at net.minecraft.util.GsonHelper.m_13808_(GsonHelper.java:463) ~[server-1.20.1-20230612.114412-srg.jar%23577!/:?]
	at net.minecraft.util.GsonHelper.m_13836_(GsonHelper.java:471) ~[server-1.20.1-20230612.114412-srg.jar%23577!/:?]
	at net.minecraft.world.level.storage.loot.LootPool$Serializer.deserialize(LootPool.java:192) ~[server-1.20.1-20230612.114412-srg.jar%23577!/:?]
	at net.minecraft.world.level.storage.loot.LootPool$Serializer.deserialize(LootPool.java:189) ~[server-1.20.1-20230612.114412-srg.jar%23577!/:?]
	at com.google.gson.internal.bind.TreeTypeAdapter.read(TreeTypeAdapter.java:76) ~[gson-2.10.jar%2372!/:?]
	at com.google.gson.internal.bind.TypeAdapterRuntimeTypeWrapper.read(TypeAdapterRuntimeTypeWrapper.java:40) ~[gson-2.10.jar%2372!/:?]
	at com.google.gson.internal.bind.ArrayTypeAdapter.read(ArrayTypeAdapter.java:72) ~[gson-2.10.jar%2372!/:?]
	at com.google.gson.Gson.fromJson(Gson.java:1214) ~[gson-2.10.jar%2372!/:?]
	at com.google.gson.Gson.fromJson(Gson.java:1319) ~[gson-2.10.jar%2372!/:?]
	at com.google.gson.Gson.fromJson(Gson.java:1290) ~[gson-2.10.jar%2372!/:?]
	at com.google.gson.internal.bind.TreeTypeAdapter$GsonContextImpl.deserialize(TreeTypeAdapter.java:179) ~[gson-2.10.jar%2372!/:?]
	at net.minecraft.util.GsonHelper.m_13808_(GsonHelper.java:463) ~[server-1.20.1-20230612.114412-srg.jar%23577!/:?]
	at net.minecraft.util.GsonHelper.m_13845_(GsonHelper.java:481) ~[server-1.20.1-20230612.114412-srg.jar%23577!/:?]
	at net.minecraft.world.level.storage.loot.LootTable$Serializer.deserialize(LootTable.java:294) ~[server-1.20.1-20230612.114412-srg.jar%23577!/:?]
	at net.minecraft.world.level.storage.loot.LootTable$Serializer.deserialize(LootTable.java:291) ~[server-1.20.1-20230612.114412-srg.jar%23577!/:?]
	at com.google.gson.internal.bind.TreeTypeAdapter.read(TreeTypeAdapter.java:76) ~[gson-2.10.jar%2372!/:?]
	at com.google.gson.Gson.fromJson(Gson.java:1214) ~[gson-2.10.jar%2372!/:?]
	at com.google.gson.Gson.fromJson(Gson.java:1319) ~[gson-2.10.jar%2372!/:?]
	at com.google.gson.Gson.fromJson(Gson.java:1261) ~[gson-2.10.jar%2372!/:?]
	at net.minecraftforge.common.ForgeHooks.loadLootTable(ForgeHooks.java:872) ~[forge-1.20.1-47.4.10-universal.jar%23582!/:?]
	at net.minecraftforge.common.ForgeHooks.lambda$getLootTableDeserializer$3(ForgeHooks.java:849) ~[forge-1.20.1-47.4.10-universal.jar%23582!/:?]
	at net.minecraft.world.level.storage.loot.LootDataType.deserialize(LootDataType.java:45) ~[server-1.20.1-20230612.114412-srg.jar%23577!/:?]
	at net.minecraft.world.level.storage.loot.LootDataManager.lambda$scheduleElementParse$4(LootDataManager.java:56) ~[server-1.20.1-20230612.114412-srg.jar%23577!/:?]
	at java.util.HashMap.forEach(HashMap.java:1421) ~[?:?]
	at net.minecraft.world.level.storage.loot.LootDataManager.m_278660_(LootDataManager.java:55) ~[server-1.20.1-20230612.114412-srg.jar%23577!/:?]
	at java.util.concurrent.CompletableFuture$AsyncRun.run(CompletableFuture.java:1804) ~[?:?]
	at java.util.concurrent.CompletableFuture$AsyncRun.exec(CompletableFuture.java:1796) ~[?:?]
	at java.util.concurrent.ForkJoinTask.doExec(ForkJoinTask.java:373) ~[?:?]
	at java.util.concurrent.ForkJoinPool$WorkQueue.topLevelExec(ForkJoinPool.java:1182) ~[?:?]
	at java.util.concurrent.ForkJoinPool.scan(ForkJoinPool.java:1655) ~[?:?]
	at java.util.concurrent.ForkJoinPool.runWorker(ForkJoinPool.java:1622) ~[?:?]
	at java.util.concurrent.ForkJoinWorkerThread.run(ForkJoinWorkerThread.java:165) ~[?:?]
[30Aug2026 18:39:39.036] [Worker-Main-1/ERROR] [net.minecraftforge.common.ForgeHooks/]: Couldn't parse element loot_tables:bygonenether:blocks/withered_blackstone_vertical_slab
java.lang.IllegalArgumentException: Can't find block bygonenether:withered_blackstone_vertical_slab
	at net.minecraft.world.level.storage.loot.predicates.LootItemBlockStatePropertyCondition$Serializer.m_81802_(LootItemBlockStatePropertyCondition.java:79) ~[server-1.20.1-20230612.114412-srg.jar%23577!/:?]
	at java.util.Optional.orElseThrow(Optional.java:403) ~[?:?]
	at net.minecraft.world.level.storage.loot.predicates.LootItemBlockStatePropertyCondition$Serializer.m_7561_(LootItemBlockStatePropertyCondition.java:79) ~[server-1.20.1-20230612.114412-srg.jar%23577!/:?]
	at net.minecraft.world.level.storage.loot.predicates.LootItemBlockStatePropertyCondition$Serializer.m_7561_(LootItemBlockStatePropertyCondition.java:68) ~[server-1.20.1-20230612.114412-srg.jar%23577!/:?]
	at net.minecraft.world.level.storage.loot.GsonAdapterFactory$JsonAdapter.deserialize(GsonAdapterFactory.java:102) ~[server-1.20.1-20230612.114412-srg.jar%23577!/:?]
	at com.google.gson.internal.bind.TreeTypeAdapter.read(TreeTypeAdapter.java:76) ~[gson-2.10.jar%2372!/:?]
	at com.google.gson.internal.bind.TypeAdapterRuntimeTypeWrapper.read(TypeAdapterRuntimeTypeWrapper.java:40) ~[gson-2.10.jar%2372!/:?]
	at com.google.gson.internal.bind.ArrayTypeAdapter.read(ArrayTypeAdapter.java:72) ~[gson-2.10.jar%2372!/:?]
	at com.google.gson.Gson.fromJson(Gson.java:1214) ~[gson-2.10.jar%2372!/:?]
	at com.google.gson.Gson.fromJson(Gson.java:1319) ~[gson-2.10.jar%2372!/:?]
	at com.google.gson.Gson.fromJson(Gson.java:1290) ~[gson-2.10.jar%2372!/:?]
	at com.google.gson.internal.bind.TreeTypeAdapter$GsonContextImpl.deserialize(TreeTypeAdapter.java:179) ~[gson-2.10.jar%2372!/:?]
	at net.minecraft.util.GsonHelper.m_13808_(GsonHelper.java:463) ~[server-1.20.1-20230612.114412-srg.jar%23577!/:?]
	at net.minecraft.util.GsonHelper.m_13845_(GsonHelper.java:481) ~[server-1.20.1-20230612.114412-srg.jar%23577!/:?]
	at net.minecraft.world.level.storage.loot.functions.LootItemConditionalFunction$Serializer.m_7561_(LootItemConditionalFunction.java:98) ~[server-1.20.1-20230612.114412-srg.jar%23577!/:?]
	at net.minecraft.world.level.storage.loot.functions.LootItemConditionalFunction$Serializer.m_7561_(LootItemConditionalFunction.java:88) ~[server-1.20.1-20230612.114412-srg.jar%23577!/:?]
	at net.minecraft.world.level.storage.loot.GsonAdapterFactory$JsonAdapter.deserialize(GsonAdapterFactory.java:102) ~[server-1.20.1-20230612.114412-srg.jar%23577!/:?]
	at com.google.gson.internal.bind.TreeTypeAdapter.read(TreeTypeAdapter.java:76) ~[gson-2.10.jar%2372!/:?]
	at com.google.gson.internal.bind.TypeAdapterRuntimeTypeWrapper.read(TypeAdapterRuntimeTypeWrapper.java:40) ~[gson-2.10.jar%2372!/:?]
	at com.google.gson.internal.bind.ArrayTypeAdapter.read(ArrayTypeAdapter.java:72) ~[gson-2.10.jar%2372!/:?]
	at com.google.gson.Gson.fromJson(Gson.java:1214) ~[gson-2.10.jar%2372!/:?]
	at com.google.gson.Gson.fromJson(Gson.java:1319) ~[gson-2.10.jar%2372!/:?]
	at com.google.gson.Gson.fromJson(Gson.java:1290) ~[gson-2.10.jar%2372!/:?]
	at com.google.gson.internal.bind.TreeTypeAdapter$GsonContextImpl.deserialize(TreeTypeAdapter.java:179) ~[gson-2.10.jar%2372!/:?]
	at net.minecraft.util.GsonHelper.m_13808_(GsonHelper.java:463) ~[server-1.20.1-20230612.114412-srg.jar%23577!/:?]
	at net.minecraft.util.GsonHelper.m_13845_(GsonHelper.java:481) ~[server-1.20.1-20230612.114412-srg.jar%23577!/:?]
	at net.minecraft.world.level.storage.loot.entries.LootPoolSingletonContainer$Serializer.m_5921_(LootPoolSingletonContainer.java:149) ~[server-1.20.1-20230612.114412-srg.jar%23577!/:?]
	at net.minecraft.world.level.storage.loot.entries.LootPoolSingletonContainer$Serializer.m_5921_(LootPoolSingletonContainer.java:129) ~[server-1.20.1-20230612.114412-srg.jar%23577!/:?]
	at net.minecraft.world.level.storage.loot.entries.LootPoolEntryContainer$Serializer.m_7561_(LootPoolEntryContainer.java:86) ~[server-1.20.1-20230612.114412-srg.jar%23577!/:?]
	at net.minecraft.world.level.storage.loot.entries.LootPoolEntryContainer$Serializer.m_7561_(LootPoolEntryContainer.java:74) ~[server-1.20.1-20230612.114412-srg.jar%23577!/:?]
	at net.minecraft.world.level.storage.loot.GsonAdapterFactory$JsonAdapter.deserialize(GsonAdapterFactory.java:102) ~[server-1.20.1-20230612.114412-srg.jar%23577!/:?]
	at com.google.gson.internal.bind.TreeTypeAdapter.read(TreeTypeAdapter.java:76) ~[gson-2.10.jar%2372!/:?]
	at com.google.gson.internal.bind.TypeAdapterRuntimeTypeWrapper.read(TypeAdapterRuntimeTypeWrapper.java:40) ~[gson-2.10.jar%2372!/:?]
	at com.google.gson.internal.bind.ArrayTypeAdapter.read(ArrayTypeAdapter.java:72) ~[gson-2.10.jar%2372!/:?]
	at com.google.gson.Gson.fromJson(Gson.java:1214) ~[gson-2.10.jar%2372!/:?]
	at com.google.gson.Gson.fromJson(Gson.java:1319) ~[gson-2.10.jar%2372!/:?]
	at com.google.gson.Gson.fromJson(Gson.java:1290) ~[gson-2.10.jar%2372!/:?]
	at com.google.gson.internal.bind.TreeTypeAdapter$GsonContextImpl.deserialize(TreeTypeAdapter.java:179) ~[gson-2.10.jar%2372!/:?]
	at net.minecraft.util.GsonHelper.m_13808_(GsonHelper.java:463) ~[server-1.20.1-20230612.114412-srg.jar%23577!/:?]
	at net.minecraft.util.GsonHelper.m_13836_(GsonHelper.java:471) ~[server-1.20.1-20230612.114412-srg.jar%23577!/:?]
	at net.minecraft.world.level.storage.loot.LootPool$Serializer.deserialize(LootPool.java:192) ~[server-1.20.1-20230612.114412-srg.jar%23577!/:?]
	at net.minecraft.world.level.storage.loot.LootPool$Serializer.deserialize(LootPool.java:189) ~[server-1.20.1-20230612.114412-srg.jar%23577!/:?]
	at com.google.gson.internal.bind.TreeTypeAdapter.read(TreeTypeAdapter.java:76) ~[gson-2.10.jar%2372!/:?]
	at com.google.gson.internal.bind.TypeAdapterRuntimeTypeWrapper.read(TypeAdapterRuntimeTypeWrapper.java:40) ~[gson-2.10.jar%2372!/:?]
	at com.google.gson.internal.bind.ArrayTypeAdapter.read(ArrayTypeAdapter.java:72) ~[gson-2.10.jar%2372!/:?]
	at com.google.gson.Gson.fromJson(Gson.java:1214) ~[gson-2.10.jar%2372!/:?]
	at com.google.gson.Gson.fromJson(Gson.java:1319) ~[gson-2.10.jar%2372!/:?]
	at com.google.gson.Gson.fromJson(Gson.java:1290) ~[gson-2.10.jar%2372!/:?]
	at com.google.gson.internal.bind.TreeTypeAdapter$GsonContextImpl.deserialize(TreeTypeAdapter.java:179) ~[gson-2.10.jar%2372!/:?]
	at net.minecraft.util.GsonHelper.m_13808_(GsonHelper.java:463) ~[server-1.20.1-20230612.114412-srg.jar%23577!/:?]
	at net.minecraft.util.GsonHelper.m_13845_(GsonHelper.java:481) ~[server-1.20.1-20230612.114412-srg.jar%23577!/:?]
	at net.minecraft.world.level.storage.loot.LootTable$Serializer.deserialize(LootTable.java:294) ~[server-1.20.1-20230612.114412-srg.jar%23577!/:?]
	at net.minecraft.world.level.storage.loot.LootTable$Serializer.deserialize(LootTable.java:291) ~[server-1.20.1-20230612.114412-srg.jar%23577!/:?]
	at com.google.gson.internal.bind.TreeTypeAdapter.read(TreeTypeAdapter.java:76) ~[gson-2.10.jar%2372!/:?]
	at com.google.gson.Gson.fromJson(Gson.java:1214) ~[gson-2.10.jar%2372!/:?]
	at com.google.gson.Gson.fromJson(Gson.java:1319) ~[gson-2.10.jar%2372!/:?]
	at com.google.gson.Gson.fromJson(Gson.java:1261) ~[gson-2.10.jar%2372!/:?]
	at net.minecraftforge.common.ForgeHooks.loadLootTable(ForgeHooks.java:872) ~[forge-1.20.1-47.4.10-universal.jar%23582!/:?]
	at net.minecraftforge.common.ForgeHooks.lambda$getLootTableDeserializer$3(ForgeHooks.java:849) ~[forge-1.20.1-47.4.10-universal.jar%23582!/:?]
	at net.minecraft.world.level.storage.loot.LootDataType.deserialize(LootDataType.java:45) ~[server-1.20.1-20230612.114412-srg.jar%23577!/:?]
	at net.minecraft.world.level.storage.loot.LootDataManager.lambda$scheduleElementParse$4(LootDataManager.java:56) ~[server-1.20.1-20230612.114412-srg.jar%23577!/:?]
	at java.util.HashMap.forEach(HashMap.java:1421) ~[?:?]
	at net.minecraft.world.level.storage.loot.LootDataManager.m_278660_(LootDataManager.java:55) ~[server-1.20.1-20230612.114412-srg.jar%23577!/:?]
	at java.util.concurrent.CompletableFuture$AsyncRun.run(CompletableFuture.java:1804) ~[?:?]
	at java.util.concurrent.CompletableFuture$AsyncRun.exec(CompletableFuture.java:1796) ~[?:?]
	at java.util.concurrent.ForkJoinTask.doExec(ForkJoinTask.java:373) ~[?:?]
	at java.util.concurrent.ForkJoinPool$WorkQueue.topLevelExec(ForkJoinPool.java:1182) ~[?:?]
	at java.util.concurrent.ForkJoinPool.scan(ForkJoinPool.java:1655) ~[?:?]
	at java.util.concurrent.ForkJoinPool.runWorker(ForkJoinPool.java:1622) ~[?:?]
	at java.util.concurrent.ForkJoinWorkerThread.run(ForkJoinWorkerThread.java:165) ~[?:?]
[30Aug2026 18:39:39.642] [Worker-Main-1/ERROR] [net.minecraftforge.common.ForgeHooks/]: Couldn't parse element loot_tables:bygonenether:blocks/cracked_withered_blackstone_vertical_slab
com.google.gson.JsonSyntaxException: Expected name to be an item, was unknown string 'bygonenether:cracked_withered_blackstone_vertical_slab'
	at net.minecraft.util.GsonHelper.m_13866_(GsonHelper.java:145) ~[server-1.20.1-20230612.114412-srg.jar%23577!/:?]
	at java.util.Optional.orElseThrow(Optional.java:403) ~[?:?]
	at net.minecraft.util.GsonHelper.m_13874_(GsonHelper.java:145) ~[server-1.20.1-20230612.114412-srg.jar%23577!/:?]
	at net.minecraft.util.GsonHelper.m_13909_(GsonHelper.java:153) ~[server-1.20.1-20230612.114412-srg.jar%23577!/:?]
	at net.minecraft.world.level.storage.loot.entries.LootItem$Serializer.m_7267_(LootItem.java:55) ~[server-1.20.1-20230612.114412-srg.jar%23577!/:?]
	at net.minecraft.world.level.storage.loot.entries.LootItem$Serializer.m_7267_(LootItem.java:40) ~[server-1.20.1-20230612.114412-srg.jar%23577!/:?]
	at net.minecraft.world.level.storage.loot.entries.LootPoolSingletonContainer$Serializer.m_5921_(LootPoolSingletonContainer.java:151) ~[server-1.20.1-20230612.114412-srg.jar%23577!/:?]
	at net.minecraft.world.level.storage.loot.entries.LootPoolSingletonContainer$Serializer.m_5921_(LootPoolSingletonContainer.java:129) ~[server-1.20.1-20230612.114412-srg.jar%23577!/:?]
	at net.minecraft.world.level.storage.loot.entries.LootPoolEntryContainer$Serializer.m_7561_(LootPoolEntryContainer.java:86) ~[server-1.20.1-20230612.114412-srg.jar%23577!/:?]
	at net.minecraft.world.level.storage.loot.entries.LootPoolEntryContainer$Serializer.m_7561_(LootPoolEntryContainer.java:74) ~[server-1.20.1-20230612.114412-srg.jar%23577!/:?]
	at net.minecraft.world.level.storage.loot.GsonAdapterFactory$JsonAdapter.deserialize(GsonAdapterFactory.java:102) ~[server-1.20.1-20230612.114412-srg.jar%23577!/:?]
	at com.google.gson.internal.bind.TreeTypeAdapter.read(TreeTypeAdapter.java:76) ~[gson-2.10.jar%2372!/:?]
	at com.google.gson.internal.bind.TypeAdapterRuntimeTypeWrapper.read(TypeAdapterRuntimeTypeWrapper.java:40) ~[gson-2.10.jar%2372!/:?]
	at com.google.gson.internal.bind.ArrayTypeAdapter.read(ArrayTypeAdapter.java:72) ~[gson-2.10.jar%2372!/:?]
	at com.google.gson.Gson.fromJson(Gson.java:1214) ~[gson-2.10.jar%2372!/:?]
	at com.google.gson.Gson.fromJson(Gson.java:1319) ~[gson-2.10.jar%2372!/:?]
	at com.google.gson.Gson.fromJson(Gson.java:1290) ~[gson-2.10.jar%2372!/:?]
	at com.google.gson.internal.bind.TreeTypeAdapter$GsonContextImpl.deserialize(TreeTypeAdapter.java:179) ~[gson-2.10.jar%2372!/:?]
	at net.minecraft.util.GsonHelper.m_13808_(GsonHelper.java:463) ~[server-1.20.1-20230612.114412-srg.jar%23577!/:?]
	at net.minecraft.util.GsonHelper.m_13836_(GsonHelper.java:471) ~[server-1.20.1-20230612.114412-srg.jar%23577!/:?]
	at net.minecraft.world.level.storage.loot.LootPool$Serializer.deserialize(LootPool.java:192) ~[server-1.20.1-20230612.114412-srg.jar%23577!/:?]
	at net.minecraft.world.level.storage.loot.LootPool$Serializer.deserialize(LootPool.java:189) ~[server-1.20.1-20230612.114412-srg.jar%23577!/:?]
	at com.google.gson.internal.bind.TreeTypeAdapter.read(TreeTypeAdapter.java:76) ~[gson-2.10.jar%2372!/:?]
	at com.google.gson.internal.bind.TypeAdapterRuntimeTypeWrapper.read(TypeAdapterRuntimeTypeWrapper.java:40) ~[gson-2.10.jar%2372!/:?]
	at com.google.gson.internal.bind.ArrayTypeAdapter.read(ArrayTypeAdapter.java:72) ~[gson-2.10.jar%2372!/:?]
	at com.google.gson.Gson.fromJson(Gson.java:1214) ~[gson-2.10.jar%2372!/:?]
	at com.google.gson.Gson.fromJson(Gson.java:1319) ~[gson-2.10.jar%2372!/:?]
	at com.google.gson.Gson.fromJson(Gson.java:1290) ~[gson-2.10.jar%2372!/:?]
	at com.google.gson.internal.bind.TreeTypeAdapter$GsonContextImpl.deserialize(TreeTypeAdapter.java:179) ~[gson-2.10.jar%2372!/:?]
	at net.minecraft.util.GsonHelper.m_13808_(GsonHelper.java:463) ~[server-1.20.1-20230612.114412-srg.jar%23577!/:?]
	at net.minecraft.util.GsonHelper.m_13845_(GsonHelper.java:481) ~[server-1.20.1-20230612.114412-srg.jar%23577!/:?]
	at net.minecraft.world.level.storage.loot.LootTable$Serializer.deserialize(LootTable.java:294) ~[server-1.20.1-20230612.114412-srg.jar%23577!/:?]
	at net.minecraft.world.level.storage.loot.LootTable$Serializer.deserialize(LootTable.java:291) ~[server-1.20.1-20230612.114412-srg.jar%23577!/:?]
	at com.google.gson.internal.bind.TreeTypeAdapter.read(TreeTypeAdapter.java:76) ~[gson-2.10.jar%2372!/:?]
	at com.google.gson.Gson.fromJson(Gson.java:1214) ~[gson-2.10.jar%2372!/:?]
	at com.google.gson.Gson.fromJson(Gson.java:1319) ~[gson-2.10.jar%2372!/:?]
	at com.google.gson.Gson.fromJson(Gson.java:1261) ~[gson-2.10.jar%2372!/:?]
	at net.minecraftforge.common.ForgeHooks.loadLootTable(ForgeHooks.java:872) ~[forge-1.20.1-47.4.10-universal.jar%23582!/:?]
	at net.minecraftforge.common.ForgeHooks.lambda$getLootTableDeserializer$3(ForgeHooks.java:849) ~[forge-1.20.1-47.4.10-universal.jar%23582!/:?]
	at net.minecraft.world.level.storage.loot.LootDataType.deserialize(LootDataType.java:45) ~[server-1.20.1-20230612.114412-srg.jar%23577!/:?]
	at net.minecraft.world.level.storage.loot.LootDataManager.lambda$scheduleElementParse$4(LootDataManager.java:56) ~[server-1.20.1-20230612.114412-srg.jar%23577!/:?]
	at java.util.HashMap.forEach(HashMap.java:1421) ~[?:?]
	at net.minecraft.world.level.storage.loot.LootDataManager.m_278660_(LootDataManager.java:55) ~[server-1.20.1-20230612.114412-srg.jar%23577!/:?]
	at java.util.concurrent.CompletableFuture$AsyncRun.run(CompletableFuture.java:1804) ~[?:?]
	at java.util.concurrent.CompletableFuture$AsyncRun.exec(CompletableFuture.java:1796) ~[?:?]
	at java.util.concurrent.ForkJoinTask.doExec(ForkJoinTask.java:373) ~[?:?]
	at java.util.concurrent.ForkJoinPool$WorkQueue.topLevelExec(ForkJoinPool.java:1182) ~[?:?]
	at java.util.concurrent.ForkJoinPool.scan(ForkJoinPool.java:1655) ~[?:?]
	at java.util.concurrent.ForkJoinPool.runWorker(ForkJoinPool.java:1622) ~[?:?]
	at java.util.concurrent.ForkJoinWorkerThread.run(ForkJoinWorkerThread.java:165) ~[?:?]
[30Aug2026 18:39:40.220] [Worker-Main-1/ERROR] [net.minecraftforge.common.ForgeHooks/]: Couldn't parse element loot_tables:irons_spellbooks:chests/citadel/citadel_tomes
com.google.gson.JsonSyntaxException: Unknown type 'minecraft:set_written_book_pages'
	at net.minecraft.world.level.storage.loot.GsonAdapterFactory$JsonAdapter.deserialize(GsonAdapterFactory.java:99) ~[server-1.20.1-20230612.114412-srg.jar%23577!/:?]
	at com.google.gson.internal.bind.TreeTypeAdapter.read(TreeTypeAdapter.java:76) ~[gson-2.10.jar%2372!/:?]
	at com.google.gson.internal.bind.TypeAdapterRuntimeTypeWrapper.read(TypeAdapterRuntimeTypeWrapper.java:40) ~[gson-2.10.jar%2372!/:?]
	at com.google.gson.internal.bind.ArrayTypeAdapter.read(ArrayTypeAdapter.java:72) ~[gson-2.10.jar%2372!/:?]
	at com.google.gson.Gson.fromJson(Gson.java:1214) ~[gson-2.10.jar%2372!/:?]
	at com.google.gson.Gson.fromJson(Gson.java:1319) ~[gson-2.10.jar%2372!/:?]
	at com.google.gson.Gson.fromJson(Gson.java:1290) ~[gson-2.10.jar%2372!/:?]
	at com.google.gson.internal.bind.TreeTypeAdapter$GsonContextImpl.deserialize(TreeTypeAdapter.java:179) ~[gson-2.10.jar%2372!/:?]
	at net.minecraft.util.GsonHelper.m_13808_(GsonHelper.java:463) ~[server-1.20.1-20230612.114412-srg.jar%23577!/:?]
	at net.minecraft.util.GsonHelper.m_13845_(GsonHelper.java:481) ~[server-1.20.1-20230612.114412-srg.jar%23577!/:?]
	at net.minecraft.world.level.storage.loot.entries.LootPoolSingletonContainer$Serializer.m_5921_(LootPoolSingletonContainer.java:149) ~[server-1.20.1-20230612.114412-srg.jar%23577!/:?]
	at net.minecraft.world.level.storage.loot.entries.LootPoolSingletonContainer$Serializer.m_5921_(LootPoolSingletonContainer.java:129) ~[server-1.20.1-20230612.114412-srg.jar%23577!/:?]
	at net.minecraft.world.level.storage.loot.entries.LootPoolEntryContainer$Serializer.m_7561_(LootPoolEntryContainer.java:86) ~[server-1.20.1-20230612.114412-srg.jar%23577!/:?]
	at net.minecraft.world.level.storage.loot.entries.LootPoolEntryContainer$Serializer.m_7561_(LootPoolEntryContainer.java:74) ~[server-1.20.1-20230612.114412-srg.jar%23577!/:?]
	at net.minecraft.world.level.storage.loot.GsonAdapterFactory$JsonAdapter.deserialize(GsonAdapterFactory.java:102) ~[server-1.20.1-20230612.114412-srg.jar%23577!/:?]
	at com.google.gson.internal.bind.TreeTypeAdapter.read(TreeTypeAdapter.java:76) ~[gson-2.10.jar%2372!/:?]
	at com.google.gson.internal.bind.TypeAdapterRuntimeTypeWrapper.read(TypeAdapterRuntimeTypeWrapper.java:40) ~[gson-2.10.jar%2372!/:?]
	at com.google.gson.internal.bind.ArrayTypeAdapter.read(ArrayTypeAdapter.java:72) ~[gson-2.10.jar%2372!/:?]
	at com.google.gson.Gson.fromJson(Gson.java:1214) ~[gson-2.10.jar%2372!/:?]
	at com.google.gson.Gson.fromJson(Gson.java:1319) ~[gson-2.10.jar%2372!/:?]
	at com.google.gson.Gson.fromJson(Gson.java:1290) ~[gson-2.10.jar%2372!/:?]
	at com.google.gson.internal.bind.TreeTypeAdapter$GsonContextImpl.deserialize(TreeTypeAdapter.java:179) ~[gson-2.10.jar%2372!/:?]
	at net.minecraft.util.GsonHelper.m_13808_(GsonHelper.java:463) ~[server-1.20.1-20230612.114412-srg.jar%23577!/:?]
	at net.minecraft.util.GsonHelper.m_13836_(GsonHelper.java:471) ~[server-1.20.1-20230612.114412-srg.jar%23577!/:?]
	at net.minecraft.world.level.storage.loot.LootPool$Serializer.deserialize(LootPool.java:192) ~[server-1.20.1-20230612.114412-srg.jar%23577!/:?]
	at net.minecraft.world.level.storage.loot.LootPool$Serializer.deserialize(LootPool.java:189) ~[server-1.20.1-20230612.114412-srg.jar%23577!/:?]
	at com.google.gson.internal.bind.TreeTypeAdapter.read(TreeTypeAdapter.java:76) ~[gson-2.10.jar%2372!/:?]
	at com.google.gson.internal.bind.TypeAdapterRuntimeTypeWrapper.read(TypeAdapterRuntimeTypeWrapper.java:40) ~[gson-2.10.jar%2372!/:?]
	at com.google.gson.internal.bind.ArrayTypeAdapter.read(ArrayTypeAdapter.java:72) ~[gson-2.10.jar%2372!/:?]
	at com.google.gson.Gson.fromJson(Gson.java:1214) ~[gson-2.10.jar%2372!/:?]
	at com.google.gson.Gson.fromJson(Gson.java:1319) ~[gson-2.10.jar%2372!/:?]
	at com.google.gson.Gson.fromJson(Gson.java:1290) ~[gson-2.10.jar%2372!/:?]
	at com.google.gson.internal.bind.TreeTypeAdapter$GsonContextImpl.deserialize(TreeTypeAdapter.java:179) ~[gson-2.10.jar%2372!/:?]
	at net.minecraft.util.GsonHelper.m_13808_(GsonHelper.java:463) ~[server-1.20.1-20230612.114412-srg.jar%23577!/:?]
	at net.minecraft.util.GsonHelper.m_13845_(GsonHelper.java:481) ~[server-1.20.1-20230612.114412-srg.jar%23577!/:?]
	at net.minecraft.world.level.storage.loot.LootTable$Serializer.deserialize(LootTable.java:294) ~[server-1.20.1-20230612.114412-srg.jar%23577!/:?]
	at net.minecraft.world.level.storage.loot.LootTable$Serializer.deserialize(LootTable.java:291) ~[server-1.20.1-20230612.114412-srg.jar%23577!/:?]
	at com.google.gson.internal.bind.TreeTypeAdapter.read(TreeTypeAdapter.java:76) ~[gson-2.10.jar%2372!/:?]
	at com.google.gson.Gson.fromJson(Gson.java:1214) ~[gson-2.10.jar%2372!/:?]
	at com.google.gson.Gson.fromJson(Gson.java:1319) ~[gson-2.10.jar%2372!/:?]
	at com.google.gson.Gson.fromJson(Gson.java:1261) ~[gson-2.10.jar%2372!/:?]
	at net.minecraftforge.common.ForgeHooks.loadLootTable(ForgeHooks.java:872) ~[forge-1.20.1-47.4.10-universal.jar%23582!/:?]
	at net.minecraftforge.common.ForgeHooks.lambda$getLootTableDeserializer$3(ForgeHooks.java:849) ~[forge-1.20.1-47.4.10-universal.jar%23582!/:?]
	at net.minecraft.world.level.storage.loot.LootDataType.deserialize(LootDataType.java:45) ~[server-1.20.1-20230612.114412-srg.jar%23577!/:?]
	at net.minecraft.world.level.storage.loot.LootDataManager.lambda$scheduleElementParse$4(LootDataManager.java:56) ~[server-1.20.1-20230612.114412-srg.jar%23577!/:?]
	at java.util.HashMap.forEach(HashMap.java:1421) ~[?:?]
	at net.minecraft.world.level.storage.loot.LootDataManager.m_278660_(LootDataManager.java:55) ~[server-1.20.1-20230612.114412-srg.jar%23577!/:?]
	at java.util.concurrent.CompletableFuture$AsyncRun.run(CompletableFuture.java:1804) ~[?:?]
	at java.util.concurrent.CompletableFuture$AsyncRun.exec(CompletableFuture.java:1796) ~[?:?]
	at java.util.concurrent.ForkJoinTask.doExec(ForkJoinTask.java:373) ~[?:?]
	at java.util.concurrent.ForkJoinPool$WorkQueue.topLevelExec(ForkJoinPool.java:1182) ~[?:?]
	at java.util.concurrent.ForkJoinPool.scan(ForkJoinPool.java:1655) ~[?:?]
	at java.util.concurrent.ForkJoinPool.runWorker(ForkJoinPool.java:1622) ~[?:?]
	at java.util.concurrent.ForkJoinWorkerThread.run(ForkJoinWorkerThread.java:165) ~[?:?]
[30Aug2026 18:39:40.478] [Worker-Main-1/ERROR] [net.minecraftforge.common.ForgeHooks/]: Couldn't parse element loot_tables:bygonenether:blocks/warped_nether_brick_vertical_slab
java.lang.IllegalArgumentException: Can't find block bygonenether:warped_nether_brick_vertical_slab
	at net.minecraft.world.level.storage.loot.predicates.LootItemBlockStatePropertyCondition$Serializer.m_81802_(LootItemBlockStatePropertyCondition.java:79) ~[server-1.20.1-20230612.114412-srg.jar%23577!/:?]
	at java.util.Optional.orElseThrow(Optional.java:403) ~[?:?]
	at net.minecraft.world.level.storage.loot.predicates.LootItemBlockStatePropertyCondition$Serializer.m_7561_(LootItemBlockStatePropertyCondition.java:79) ~[server-1.20.1-20230612.114412-srg.jar%23577!/:?]
	at net.minecraft.world.level.storage.loot.predicates.LootItemBlockStatePropertyCondition$Serializer.m_7561_(LootItemBlockStatePropertyCondition.java:68) ~[server-1.20.1-20230612.114412-srg.jar%23577!/:?]
	at net.minecraft.world.level.storage.loot.GsonAdapterFactory$JsonAdapter.deserialize(GsonAdapterFactory.java:102) ~[server-1.20.1-20230612.114412-srg.jar%23577!/:?]
	at com.google.gson.internal.bind.TreeTypeAdapter.read(TreeTypeAdapter.java:76) ~[gson-2.10.jar%2372!/:?]
	at com.google.gson.internal.bind.TypeAdapterRuntimeTypeWrapper.read(TypeAdapterRuntimeTypeWrapper.java:40) ~[gson-2.10.jar%2372!/:?]
	at com.google.gson.internal.bind.ArrayTypeAdapter.read(ArrayTypeAdapter.java:72) ~[gson-2.10.jar%2372!/:?]
	at com.google.gson.Gson.fromJson(Gson.java:1214) ~[gson-2.10.jar%2372!/:?]
	at com.google.gson.Gson.fromJson(Gson.java:1319) ~[gson-2.10.jar%2372!/:?]
	at com.google.gson.Gson.fromJson(Gson.java:1290) ~[gson-2.10.jar%2372!/:?]
	at com.google.gson.internal.bind.TreeTypeAdapter$GsonContextImpl.deserialize(TreeTypeAdapter.java:179) ~[gson-2.10.jar%2372!/:?]
	at net.minecraft.util.GsonHelper.m_13808_(GsonHelper.java:463) ~[server-1.20.1-20230612.114412-srg.jar%23577!/:?]
	at net.minecraft.util.GsonHelper.m_13845_(GsonHelper.java:481) ~[server-1.20.1-20230612.114412-srg.jar%23577!/:?]
	at net.minecraft.world.level.storage.loot.functions.LootItemConditionalFunction$Serializer.m_7561_(LootItemConditionalFunction.java:98) ~[server-1.20.1-20230612.114412-srg.jar%23577!/:?]
	at net.minecraft.world.level.storage.loot.functions.LootItemConditionalFunction$Serializer.m_7561_(LootItemConditionalFunction.java:88) ~[server-1.20.1-20230612.114412-srg.jar%23577!/:?]
	at net.minecraft.world.level.storage.loot.GsonAdapterFactory$JsonAdapter.deserialize(GsonAdapterFactory.java:102) ~[server-1.20.1-20230612.114412-srg.jar%23577!/:?]
	at com.google.gson.internal.bind.TreeTypeAdapter.read(TreeTypeAdapter.java:76) ~[gson-2.10.jar%2372!/:?]
	at com.google.gson.internal.bind.TypeAdapterRuntimeTypeWrapper.read(TypeAdapterRuntimeTypeWrapper.java:40) ~[gson-2.10.jar%2372!/:?]
	at com.google.gson.internal.bind.ArrayTypeAdapter.read(ArrayTypeAdapter.java:72) ~[gson-2.10.jar%2372!/:?]
	at com.google.gson.Gson.fromJson(Gson.java:1214) ~[gson-2.10.jar%2372!/:?]
	at com.google.gson.Gson.fromJson(Gson.java:1319) ~[gson-2.10.jar%2372!/:?]
	at com.google.gson.Gson.fromJson(Gson.java:1290) ~[gson-2.10.jar%2372!/:?]
	at com.google.gson.internal.bind.TreeTypeAdapter$GsonContextImpl.deserialize(TreeTypeAdapter.java:179) ~[gson-2.10.jar%2372!/:?]
	at net.minecraft.util.GsonHelper.m_13808_(GsonHelper.java:463) ~[server-1.20.1-20230612.114412-srg.jar%23577!/:?]
	at net.minecraft.util.GsonHelper.m_13845_(GsonHelper.java:481) ~[server-1.20.1-20230612.114412-srg.jar%23577!/:?]
	at net.minecraft.world.level.storage.loot.entries.LootPoolSingletonContainer$Serializer.m_5921_(LootPoolSingletonContainer.java:149) ~[server-1.20.1-20230612.114412-srg.jar%23577!/:?]
	at net.minecraft.world.level.storage.loot.entries.LootPoolSingletonContainer$Serializer.m_5921_(LootPoolSingletonContainer.java:129) ~[server-1.20.1-20230612.114412-srg.jar%23577!/:?]
	at net.minecraft.world.level.storage.loot.entries.LootPoolEntryContainer$Serializer.m_7561_(LootPoolEntryContainer.java:86) ~[server-1.20.1-20230612.114412-srg.jar%23577!/:?]
	at net.minecraft.world.level.storage.loot.entries.LootPoolEntryContainer$Serializer.m_7561_(LootPoolEntryContainer.java:74) ~[server-1.20.1-20230612.114412-srg.jar%23577!/:?]
	at net.minecraft.world.level.storage.loot.GsonAdapterFactory$JsonAdapter.deserialize(GsonAdapterFactory.java:102) ~[server-1.20.1-20230612.114412-srg.jar%23577!/:?]
	at com.google.gson.internal.bind.TreeTypeAdapter.read(TreeTypeAdapter.java:76) ~[gson-2.10.jar%2372!/:?]
	at com.google.gson.internal.bind.TypeAdapterRuntimeTypeWrapper.read(TypeAdapterRuntimeTypeWrapper.java:40) ~[gson-2.10.jar%2372!/:?]
	at com.google.gson.internal.bind.ArrayTypeAdapter.read(ArrayTypeAdapter.java:72) ~[gson-2.10.jar%2372!/:?]
	at com.google.gson.Gson.fromJson(Gson.java:1214) ~[gson-2.10.jar%2372!/:?]
	at com.google.gson.Gson.fromJson(Gson.java:1319) ~[gson-2.10.jar%2372!/:?]
	at com.google.gson.Gson.fromJson(Gson.java:1290) ~[gson-2.10.jar%2372!/:?]
	at com.google.gson.internal.bind.TreeTypeAdapter$GsonContextImpl.deserialize(TreeTypeAdapter.java:179) ~[gson-2.10.jar%2372!/:?]
	at net.minecraft.util.GsonHelper.m_13808_(GsonHelper.java:463) ~[server-1.20.1-20230612.114412-srg.jar%23577!/:?]
	at net.minecraft.util.GsonHelper.m_13836_(GsonHelper.java:471) ~[server-1.20.1-20230612.114412-srg.jar%23577!/:?]
	at net.minecraft.world.level.storage.loot.LootPool$Serializer.deserialize(LootPool.java:192) ~[server-1.20.1-20230612.114412-srg.jar%23577!/:?]
	at net.minecraft.world.level.storage.loot.LootPool$Serializer.deserialize(LootPool.java:189) ~[server-1.20.1-20230612.114412-srg.jar%23577!/:?]
	at com.google.gson.internal.bind.TreeTypeAdapter.read(TreeTypeAdapter.java:76) ~[gson-2.10.jar%2372!/:?]
	at com.google.gson.internal.bind.TypeAdapterRuntimeTypeWrapper.read(TypeAdapterRuntimeTypeWrapper.java:40) ~[gson-2.10.jar%2372!/:?]
	at com.google.gson.internal.bind.ArrayTypeAdapter.read(ArrayTypeAdapter.java:72) ~[gson-2.10.jar%2372!/:?]
	at com.google.gson.Gson.fromJson(Gson.java:1214) ~[gson-2.10.jar%2372!/:?]
	at com.google.gson.Gson.fromJson(Gson.java:1319) ~[gson-2.10.jar%2372!/:?]
	at com.google.gson.Gson.fromJson(Gson.java:1290) ~[gson-2.10.jar%2372!/:?]
	at com.google.gson.internal.bind.TreeTypeAdapter$GsonContextImpl.deserialize(TreeTypeAdapter.java:179) ~[gson-2.10.jar%2372!/:?]
	at net.minecraft.util.GsonHelper.m_13808_(GsonHelper.java:463) ~[server-1.20.1-20230612.114412-srg.jar%23577!/:?]
	at net.minecraft.util.GsonHelper.m_13845_(GsonHelper.java:481) ~[server-1.20.1-20230612.114412-srg.jar%23577!/:?]
	at net.minecraft.world.level.storage.loot.LootTable$Serializer.deserialize(LootTable.java:294) ~[server-1.20.1-20230612.114412-srg.jar%23577!/:?]
	at net.minecraft.world.level.storage.loot.LootTable$Serializer.deserialize(LootTable.java:291) ~[server-1.20.1-20230612.114412-srg.jar%23577!/:?]
	at com.google.gson.internal.bind.TreeTypeAdapter.read(TreeTypeAdapter.java:76) ~[gson-2.10.jar%2372!/:?]
	at com.google.gson.Gson.fromJson(Gson.java:1214) ~[gson-2.10.jar%2372!/:?]
	at com.google.gson.Gson.fromJson(Gson.java:1319) ~[gson-2.10.jar%2372!/:?]
	at com.google.gson.Gson.fromJson(Gson.java:1261) ~[gson-2.10.jar%2372!/:?]
	at net.minecraftforge.common.ForgeHooks.loadLootTable(ForgeHooks.java:872) ~[forge-1.20.1-47.4.10-universal.jar%23582!/:?]
	at net.minecraftforge.common.ForgeHooks.lambda$getLootTableDeserializer$3(ForgeHooks.java:849) ~[forge-1.20.1-47.4.10-universal.jar%23582!/:?]
	at net.minecraft.world.level.storage.loot.LootDataType.deserialize(LootDataType.java:45) ~[server-1.20.1-20230612.114412-srg.jar%23577!/:?]
	at net.minecraft.world.level.storage.loot.LootDataManager.lambda$scheduleElementParse$4(LootDataManager.java:56) ~[server-1.20.1-20230612.114412-srg.jar%23577!/:?]
	at java.util.HashMap.forEach(HashMap.java:1421) ~[?:?]
	at net.minecraft.world.level.storage.loot.LootDataManager.m_278660_(LootDataManager.java:55) ~[server-1.20.1-20230612.114412-srg.jar%23577!/:?]
	at java.util.concurrent.CompletableFuture$AsyncRun.run(CompletableFuture.java:1804) ~[?:?]
	at java.util.concurrent.CompletableFuture$AsyncRun.exec(CompletableFuture.java:1796) ~[?:?]
	at java.util.concurrent.ForkJoinTask.doExec(ForkJoinTask.java:373) ~[?:?]
	at java.util.concurrent.ForkJoinPool$WorkQueue.topLevelExec(ForkJoinPool.java:1182) ~[?:?]
	at java.util.concurrent.ForkJoinPool.scan(ForkJoinPool.java:1655) ~[?:?]
	at java.util.concurrent.ForkJoinPool.runWorker(ForkJoinPool.java:1622) ~[?:?]
	at java.util.concurrent.ForkJoinWorkerThread.run(ForkJoinWorkerThread.java:165) ~[?:?]
[30Aug2026 18:39:41.371] [Worker-Main-1/INFO] [STDOUT/]: [earth.terrarium.botarium.common.energy.EnergyApi:finalizeItemRegistration:54]: Finalizing energy item registration
[30Aug2026 18:39:41.373] [Worker-Main-1/INFO] [STDOUT/]: [earth.terrarium.botarium.common.fluid.FluidApi:finalizeItemRegistration:55]: Finalizing fluid item registration
[30Aug2026 18:39:41.978] [Worker-Main-1/INFO] [sleys.sl.codex.SLMCodex/]: [Curios Codex Entry] Preparing Codex JSONs...
[30Aug2026 18:39:42.043] [Worker-Main-1/INFO] [sleys.efedp.ExtendedDatapacks/]: [Weapons Item Properties] Preparing Weapons Properties JSONs...
[30Aug2026 18:39:42.047] [Worker-Main-1/INFO] [sleys.efedp.ExtendedDatapacks/]: [Weapons Item Properties] No weapon properties files found...
[30Aug2026 18:39:42.048] [Worker-Main-1/INFO] [sleys.efedp.ExtendedDatapacks/]: [WoM Skill Configs] Preparing WoM Configs JSONs...
[30Aug2026 18:39:42.055] [Worker-Main-1/INFO] [sleys.efedp.ExtendedDatapacks/]: [WoM Skill Configs] A total of 4 skill config were registered!
[30Aug2026 18:39:42.258] [main/WARN] [net.minecraft.world.level.storage.loot.LootDataManager/]: Found loot table element validation problem in {loot_tables:minecraft:entities/polar_bear}.pools[0].entries[0].functions[1]: Parameters [<parameter minecraft:tool>] are not provided in this context
[30Aug2026 18:39:42.258] [main/WARN] [net.minecraft.world.level.storage.loot.LootDataManager/]: Found loot table element validation problem in {loot_tables:irons_spellbooks:chests/citadel/citadel_bookshelf}.pools[8].entries[0]: Unknown loot table called irons_spellbooks:chests/citadel/citadel_tomes
[30Aug2026 18:39:42.627] [main/INFO] [net.minecraft.world.item.crafting.RecipeManager/]: Skipping loading recipe potionring:ring_of_growing as it's serializer returned null
[30Aug2026 18:39:42.668] [main/INFO] [net.minecraft.world.item.crafting.RecipeManager/]: Skipping loading recipe expanded_combat:netherite_arrow_fletching as it's serializer returned null
[30Aug2026 18:39:42.685] [main/ERROR] [net.minecraft.world.item.crafting.RecipeManager/]: Parsing error loading recipe irons_restrictions:mythic_upgrade: com.google.gson.JsonSyntaxException: Unknown item 'forbidden_tiers:mythic_ink'
[30Aug2026 18:39:42.700] [main/INFO] [net.minecraft.world.item.crafting.RecipeManager/]: Skipping loading recipe expanded_combat:netherite_arrow_shaped as it's serializer returned null
[30Aug2026 18:39:42.703] [main/INFO] [net.minecraft.world.item.crafting.RecipeManager/]: Skipping loading recipe expanded_combat:diamond_arrow_120_smithing as it's serializer returned null
[30Aug2026 18:39:42.705] [main/INFO] [net.minecraft.world.item.crafting.RecipeManager/]: Skipping loading recipe potionring:ring_of_widening as it's serializer returned null
[30Aug2026 18:39:42.713] [main/INFO] [net.minecraft.world.item.crafting.RecipeManager/]: Skipping loading recipe expanded_combat:iron_crossbow_120_smithing as it's serializer returned null
[30Aug2026 18:39:42.721] [main/INFO] [net.minecraft.world.item.crafting.RecipeManager/]: Skipping loading recipe expanded_combat:diamond_crossbow_120_smithing as it's serializer returned null
[30Aug2026 18:39:42.745] [main/INFO] [net.minecraft.world.item.crafting.RecipeManager/]: Skipping loading recipe potionring:ring_of_shrinking as it's serializer returned null
[30Aug2026 18:39:42.750] [main/INFO] [net.minecraft.world.item.crafting.RecipeManager/]: Skipping loading recipe expanded_combat:iron_bow_120_smithing_singleton as it's serializer returned null
[30Aug2026 18:39:42.754] [main/ERROR] [net.minecraft.world.item.crafting.RecipeManager/]: Parsing error loading recipe ec_create_plugin:brass_arrow_fletching: com.google.gson.JsonSyntaxException: Expected addition to be a JsonObject, was an array ([{"i..."}])
[30Aug2026 18:39:42.769] [main/INFO] [net.minecraft.world.item.crafting.RecipeManager/]: Skipping loading recipe expanded_combat:diamond_arrow_variable_fletching as it's serializer returned null
[30Aug2026 18:39:42.772] [main/INFO] [net.minecraft.world.item.crafting.RecipeManager/]: Skipping loading recipe ec_create_plugin:brass_crossbow_120_smithing as it's serializer returned null
[30Aug2026 18:39:42.778] [main/INFO] [net.minecraft.world.item.crafting.RecipeManager/]: Skipping loading recipe expanded_combat:netherite_quiver_shaped as it's serializer returned null
[30Aug2026 18:39:42.784] [main/INFO] [net.minecraft.world.item.crafting.RecipeManager/]: Skipping loading recipe expanded_combat:netherite_crossbow_shaped as it's serializer returned null
[30Aug2026 18:39:42.797] [main/INFO] [net.minecraft.world.item.crafting.RecipeManager/]: Skipping loading recipe expanded_combat:iron_arrow_120_smithing as it's serializer returned null
[30Aug2026 18:39:42.801] [main/INFO] [net.minecraft.world.item.crafting.RecipeManager/]: Skipping loading recipe potionring:ring_of_thinning as it's serializer returned null
[30Aug2026 18:39:42.824] [main/INFO] [net.minecraft.world.item.crafting.RecipeManager/]: Skipping loading recipe ec_create_plugin:brass_bow_120_smithing_singleton as it's serializer returned null
[30Aug2026 18:39:42.825] [main/ERROR] [net.minecraft.world.item.crafting.RecipeManager/]: Parsing error loading recipe irons_restrictions:ancient_upgrade: com.google.gson.JsonSyntaxException: Unknown item 'forbidden_tiers:ancient_ink'
[30Aug2026 18:39:42.834] [main/INFO] [net.minecraft.world.item.crafting.RecipeManager/]: Skipping loading recipe expanded_combat:gold_crossbow_120_smithing as it's serializer returned null
[30Aug2026 18:39:42.844] [main/INFO] [net.minecraft.world.item.crafting.RecipeManager/]: Skipping loading recipe expanded_combat:netherite_gauntlet_shaped as it's serializer returned null
[30Aug2026 18:39:42.848] [main/INFO] [net.minecraft.world.item.crafting.RecipeManager/]: Skipping loading recipe ec_create_plugin:brass_arrow_variable_fletching as it's serializer returned null
[30Aug2026 18:39:42.860] [main/INFO] [net.minecraft.world.item.crafting.RecipeManager/]: Skipping loading recipe expanded_combat:diamond_bow_120_smithing_singleton as it's serializer returned null
[30Aug2026 18:39:42.861] [main/INFO] [net.minecraft.world.item.crafting.RecipeManager/]: Skipping loading recipe expanded_combat:netherite_bow_120_smithing as it's serializer returned null
[30Aug2026 18:39:42.861] [main/INFO] [net.minecraft.world.item.crafting.RecipeManager/]: Skipping loading recipe expanded_combat:iron_arrow_variable_fletching as it's serializer returned null
[30Aug2026 18:39:42.868] [main/INFO] [net.minecraft.world.item.crafting.RecipeManager/]: Skipping loading recipe ec_create_plugin:brass_arrow_120_smithing as it's serializer returned null
[30Aug2026 18:39:42.894] [main/INFO] [net.minecraft.world.item.crafting.RecipeManager/]: Skipping loading recipe expanded_combat:gold_bow_120_smithing_singleton as it's serializer returned null
[30Aug2026 18:39:42.909] [main/INFO] [net.minecraft.world.item.crafting.RecipeManager/]: Loaded 38 recipes
[30Aug2026 18:39:42.915] [main/ERROR] [net.minecraft.server.ServerFunctionLibrary/]: Failed to load function alignment:attribute_factory_reset
java.util.concurrent.CompletionException: java.lang.IllegalArgumentException: Whilst parsing command on line 1: Only one entity is allowed, but the provided selector allows more than one at position 0: <--[HERE]
	at java.util.concurrent.CompletableFuture.encodeThrowable(CompletableFuture.java:315) ~[?:?]
	at java.util.concurrent.CompletableFuture.completeThrowable(CompletableFuture.java:320) ~[?:?]
	at java.util.concurrent.CompletableFuture$AsyncSupply.run(CompletableFuture.java:1770) ~[?:?]
	at java.util.concurrent.CompletableFuture$AsyncSupply.exec(CompletableFuture.java:1760) ~[?:?]
	at java.util.concurrent.ForkJoinTask.doExec(ForkJoinTask.java:373) ~[?:?]
	at java.util.concurrent.ForkJoinPool$WorkQueue.topLevelExec(ForkJoinPool.java:1182) ~[?:?]
	at java.util.concurrent.ForkJoinPool.scan(ForkJoinPool.java:1655) ~[?:?]
	at java.util.concurrent.ForkJoinPool.runWorker(ForkJoinPool.java:1622) ~[?:?]
	at java.util.concurrent.ForkJoinWorkerThread.run(ForkJoinWorkerThread.java:165) ~[?:?]
Caused by: java.lang.IllegalArgumentException: Whilst parsing command on line 1: Only one entity is allowed, but the provided selector allows more than one at position 0: <--[HERE]
	at net.minecraft.commands.CommandFunction.m_77984_(CommandFunction.java:63) ~[server-1.20.1-20230612.114412-srg.jar%23577!/:?]
	at net.minecraft.server.ServerFunctionLibrary.m_214320_(ServerFunctionLibrary.java:83) ~[server-1.20.1-20230612.114412-srg.jar%23577!/:?]
	at java.util.concurrent.CompletableFuture$AsyncSupply.run(CompletableFuture.java:1768) ~[?:?]
	... 6 more
[30Aug2026 18:39:43.213] [main/ERROR] [net.minecraft.server.ServerAdvancementManager/]: Parsing error loading custom advancement legendary_monsters:defeat_ambusher: Expected item to be an item, was unknown string 'legendary_monsters:ancient_dripstone_shard'
[30Aug2026 18:39:43.288] [main/INFO] [net.minecraft.advancements.AdvancementList/]: Loaded 4235 advancements
[30Aug2026 18:39:43.299] [main/INFO] [placebo/]: Registered 0 additional recipes.
[30Aug2026 18:40:04.111] [main/INFO] [top.theillusivec4.curios.Curios/]: Loaded 17 curio slots
[30Aug2026 18:40:04.116] [main/INFO] [top.theillusivec4.curios.Curios/]: Loaded 11 curio entities
[30Aug2026 18:40:04.126] [main/WARN] [net.minecraftforge.common.loot.LootModifierManager/]: Could not decode GlobalLootModifier with json id bygonenether:soul_stone_from_block - error: Unknown registry key in ResourceKey[minecraft:root / forge:global_loot_modifier_serializers]: bygonenether:replace_item
[30Aug2026 18:40:04.126] [main/WARN] [net.minecraftforge.common.loot.LootModifierManager/]: Could not decode GlobalLootModifier with json id bygonenether:soul_stone_in_catacombs - error: Unknown registry key in ResourceKey[minecraft:root / forge:global_loot_modifier_serializers]: bygonenether:replace_item
[30Aug2026 18:40:04.159] [main/WARN] [io.github.apace100.apoli.Apoli/]: Power "alignment:base_powers/ice" will only be partially loaded: At Attribute: Identifier "traveloptics:aqua_spell_power" was not registered in registry "minecraft:attribute".
[30Aug2026 18:40:04.179] [main/WARN] [io.github.apace100.apoli.Apoli/]: Power "alignment:base_powers/fire" will only be partially loaded: At Attribute: Identifier "traveloptics:aqua_spell_power" was not registered in registry "minecraft:attribute".
[30Aug2026 18:40:04.209] [main/WARN] [io.github.apace100.apoli.Apoli/]: Power "alignment:base_powers/ender" will only be partially loaded: At Attribute: Identifier "traveloptics:aqua_spell_power" was not registered in registry "minecraft:attribute".
[30Aug2026 18:40:04.212] [main/WARN] [io.github.apace100.apoli.Apoli/]: Power "alignment:base_powers/holy" will only be partially loaded: At Attribute: Identifier "traveloptics:aqua_spell_power" was not registered in registry "minecraft:attribute".
[30Aug2026 18:40:04.213] [main/WARN] [io.github.apace100.apoli.Apoli/]: Power "alignment:base_powers/lightning" will only be partially loaded: At Attribute: Identifier "traveloptics:aqua_spell_power" was not registered in registry "minecraft:attribute".
[30Aug2026 18:40:04.214] [main/WARN] [io.github.apace100.apoli.Apoli/]: Power "alignment:base_powers/nature" will only be partially loaded: At Attribute: Identifier "traveloptics:aqua_spell_power" was not registered in registry "minecraft:attribute".
[30Aug2026 18:40:04.228] [main/ERROR] [io.github.apace100.apoli.Apoli/]: Error loading power "alignment:base_powers/aqua": At Attribute: Identifier "traveloptics:aqua_spell_power" was not registered in registry "minecraft:attribute".
[30Aug2026 18:40:04.228] [main/ERROR] [io.github.apace100.apoli.Apoli/]: Loading for all instances of power alignment:base_powers/aqua failed.
[30Aug2026 18:40:04.229] [main/WARN] [io.github.apace100.apoli.Apoli/]: Power "alignment:base_powers/eldritch" will only be partially loaded: At Attribute: Identifier "traveloptics:aqua_spell_power" was not registered in registry "minecraft:attribute".
[30Aug2026 18:40:04.230] [main/WARN] [io.github.apace100.apoli.Apoli/]: Power "alignment:base_powers/blood" will only be partially loaded: At Attribute: Identifier "traveloptics:aqua_spell_power" was not registered in registry "minecraft:attribute".
[30Aug2026 18:40:04.231] [main/WARN] [io.github.apace100.apoli.Apoli/]: Power "alignment:base_powers/evocation" will only be partially loaded: At Attribute: Identifier "traveloptics:aqua_spell_power" was not registered in registry "minecraft:attribute".
[30Aug2026 18:40:04.244] [main/ERROR] [io.github.apace100.origins.Origins/]: There was a problem reading Origin file alignment:base_alignments/aqua (skipping): At Item: Identifier "alexscaves:pearl" was not registered in registry "minecraft:item".
[30Aug2026 18:40:04.244] [main/ERROR] [io.github.apace100.origins.Origins/]: All instances of origin alignment:base_alignments/aqua failed to load. Skipped
[30Aug2026 18:40:04.290] [main/INFO] [com.github.nyuppo.MoreMobVariants/]: Reloading config...
[30Aug2026 18:40:04.383] [main/WARN] [com.cupboard.Cupboard/]: Config lootintegrations.json not found, recreating default
[30Aug2026 18:40:04.404] [main/INFO] [com.cupboard.Cupboard/]: Loaded config for: lootintegrations.json
[30Aug2026 18:40:04.516] [main/WARN] [com.cupboard.Cupboard/]: Config brutalbosses.json not found, recreating default
[30Aug2026 18:40:04.517] [main/INFO] [com.cupboard.Cupboard/]: Loaded config for: brutalbosses.json
[30Aug2026 18:40:04.522] [main/ERROR] [com.brutalbosses.BrutalBosses/]: Bad attribute id:minecraft:generic.jump_strength in:brutalbosses:rabbitboss
[30Aug2026 18:40:04.523] [main/INFO] [com.brutalbosses.BrutalBosses/]: Loaded boss variant for: minecraft:drowned
[30Aug2026 18:40:04.526] [main/INFO] [com.brutalbosses.BrutalBosses/]: Loaded boss variant for: minecraft:iron_golem
[30Aug2026 18:40:04.526] [main/INFO] [com.brutalbosses.BrutalBosses/]: Loaded boss variant for: minecraft:snow_golem
[30Aug2026 18:40:04.526] [main/INFO] [com.brutalbosses.BrutalBosses/]: Loaded boss variant for: minecraft:zombie
[30Aug2026 18:40:04.527] [main/INFO] [com.brutalbosses.BrutalBosses/]: Loaded boss variant for: minecraft:skeleton
[30Aug2026 18:40:04.527] [main/INFO] [com.brutalbosses.BrutalBosses/]: Loaded boss variant for: minecraft:pillager
[30Aug2026 18:40:04.528] [main/INFO] [com.brutalbosses.BrutalBosses/]: Loaded boss variant for: minecraft:vex
[30Aug2026 18:40:04.528] [main/INFO] [com.brutalbosses.BrutalBosses/]: Loaded boss variant for: minecraft:evoker
[30Aug2026 18:40:04.528] [main/INFO] [com.brutalbosses.BrutalBosses/]: Loaded boss variant for: minecraft:zombie
[30Aug2026 18:40:04.530] [main/INFO] [com.brutalbosses.BrutalBosses/]: Loaded boss variant for: minecraft:vindicator
[30Aug2026 18:40:04.531] [main/INFO] [com.brutalbosses.BrutalBosses/]: Loaded boss variant for: minecraft:wither_skeleton
[30Aug2026 18:40:04.531] [main/INFO] [com.brutalbosses.BrutalBosses/]: Loaded boss variant for: minecraft:wither_skeleton
[30Aug2026 18:40:04.532] [main/INFO] [com.brutalbosses.BrutalBosses/]: Loaded boss variant for: minecraft:cave_spider
[30Aug2026 18:40:04.532] [main/INFO] [com.brutalbosses.BrutalBosses/]: Loaded boss variant for: minecraft:zombie
[30Aug2026 18:40:04.532] [main/INFO] [com.brutalbosses.BrutalBosses/]: Loaded boss variant for: minecraft:husk
[30Aug2026 18:40:04.533] [main/INFO] [com.brutalbosses.BrutalBosses/]: Loaded boss variant for: minecraft:evoker
[30Aug2026 18:40:04.533] [main/INFO] [com.brutalbosses.BrutalBosses/]: Loaded boss variant for: minecraft:wandering_trader
[30Aug2026 18:40:04.533] [main/INFO] [com.brutalbosses.BrutalBosses/]: Loaded boss variant for: minecraft:guardian
[30Aug2026 18:40:04.533] [main/INFO] [com.brutalbosses.BrutalBosses/]: Loaded boss variant for: minecraft:vindicator
[30Aug2026 18:40:04.534] [main/INFO] [com.brutalbosses.BrutalBosses/]: Loaded boss variant for: minecraft:shulker
[30Aug2026 18:40:04.534] [main/INFO] [com.brutalbosses.BrutalBosses/]: Loaded boss variant for: minecraft:zoglin
[30Aug2026 18:40:04.535] [main/INFO] [com.brutalbosses.BrutalBosses/]: Loaded boss variant for: minecraft:chicken
[30Aug2026 18:40:04.535] [main/INFO] [com.brutalbosses.BrutalBosses/]: Loaded boss variant for: minecraft:blaze
[30Aug2026 18:40:04.535] [main/INFO] [com.brutalbosses.BrutalBosses/]: Loaded boss variant for: minecraft:witch
[30Aug2026 18:40:04.535] [main/INFO] [com.brutalbosses.BrutalBosses/]: Loaded boss variant for: minecraft:phantom
[30Aug2026 18:40:04.535] [main/INFO] [com.brutalbosses.BrutalBosses/]: Loaded boss variant for: minecraft:mooshroom
[30Aug2026 18:40:04.535] [main/INFO] [com.brutalbosses.BrutalBosses/]: Loaded boss variant for: minecraft:rabbit
[30Aug2026 18:40:04.536] [main/INFO] [com.brutalbosses.BrutalBosses/]: Loaded boss variant for: minecraft:piglin_brute
[30Aug2026 18:40:04.536] [main/INFO] [com.brutalbosses.BrutalBosses/]: Loaded boss variant for: minecraft:ghast
[30Aug2026 18:40:04.536] [main/INFO] [com.brutalbosses.BrutalBosses/]: Loaded boss variant for: minecraft:stray
[30Aug2026 18:40:04.586] [main/WARN] [epicfight/]: Skill efn:example doesn't exist in the registry.
[30Aug2026 18:40:04.591] [main/WARN] [epicfight/]: Skill cdmoveset:fatalslash doesn't exist in the registry.
[30Aug2026 18:40:04.592] [main/WARN] [epicfight/]: Skill cdmoveset:sstep doesn't exist in the registry.
[30Aug2026 18:40:04.598] [main/INFO] [com.asanginxst.epicfightx.EpicFightExtraMod/]: EFX: Replacing Epic Fight Weapon Types...
[30Aug2026 18:40:04.599] [main/INFO] [DualGreatswords/]: Registered item capabilities
[30Aug2026 18:40:04.627] [main/INFO] [sleys.efedp.ExtendedDatapacks/]: [Weapon Type Builder] Assigning the passive skill 'wom:demon_mark_passive' to the category 'simplyswords:soulrender'
[30Aug2026 18:40:04.627] [main/INFO] [sleys.efedp.ExtendedDatapacks/]: [Weapon Type Builder] Assigning zoom type 'CUSTOM' to category 'simplyswords:soulrender'
[30Aug2026 18:40:04.630] [main/INFO] [sleys.efedp.ExtendedDatapacks/]: [Weapon Type Builder] Assigning the passive skill 'wom:demon_mark_passive' to the category 'simplyswords:awakened_lichblade'
[30Aug2026 18:40:04.630] [main/INFO] [sleys.efedp.ExtendedDatapacks/]: [Weapon Type Builder] Assigning zoom type 'CUSTOM' to category 'simplyswords:awakened_lichblade'
[30Aug2026 18:40:04.631] [main/INFO] [sleys.efedp.ExtendedDatapacks/]: [Weapon Type Builder] Assigning the passive skill 'wom:solar_passive' to the category 'simplyswords:waking_lichblade'
[30Aug2026 18:40:04.635] [main/WARN] [epicfight/]: Can't find an animation named cdmoveset:biped/new/spear/spear_twohand_auto5 in simplyswords:magiscythe
[30Aug2026 18:40:04.639] [main/INFO] [sleys.efedp.ExtendedDatapacks/]: [Weapon Type Builder] Assigning the passive skill 'wom:demon_mark_passive' to the category 'simplyswords:magiscythe'
[30Aug2026 18:40:04.641] [main/INFO] [sleys.efedp.ExtendedDatapacks/]: [Weapon Type Builder] Assigning the passive skill 'wom:herrscher_passive' to the category 'simplyswords:runic_longsword'
[30Aug2026 18:40:04.680] [main/INFO] [sleys.efedp.ExtendedDatapacks/]: [Weapon Type Builder] Assigning the passive skill 'wom:torment_passive' to the category 'simplyswords:livyatan'
[30Aug2026 18:40:04.681] [main/INFO] [sleys.efedp.ExtendedDatapacks/]: [Weapon Type Builder] Assigning the passive skill 'wom:ruine_passive' to the category 'simplyswords:soulpyre'
[30Aug2026 18:40:04.686] [main/INFO] [sleys.efedp.ExtendedDatapacks/]: [Weapon Type Builder] Assigning the passive skill 'wom:satsujin_passive' to the category 'simplyswords:runic_katana'
[30Aug2026 18:40:04.698] [main/INFO] [sleys.efedp.ExtendedDatapacks/]: [Weapon Type Builder] Assigning the passive skill 'wom:solar_passive' to the category 'simplyswords:brimstone_claymore'
[30Aug2026 18:40:04.716] [main/WARN] [epicfight/]: wom:solar_cut is not a hit particle type in simplyswords:flamewind
[30Aug2026 18:40:04.717] [main/WARN] [epicfight/]: No animation named falchionmoveset:biped/falchion/falchion_idle
[30Aug2026 18:40:04.717] [main/INFO] [sleys.efedp.ExtendedDatapacks/]: [Weapon Type Builder] Assigning the passive skill 'wom:lunar_echo_passive' to the category 'simplyswords:stars_edge'
[30Aug2026 18:40:04.743] [main/WARN] [epicfight/]: Item Capability Exception: No item named efn:scythe
[30Aug2026 18:40:04.749] [main/INFO] [sleys.efedp.ExtendedDatapacks/]: [Weapon Type Builder] Assigning the passive skill 'wom:demon_mark_passive' to the category 'simplyswords:caelestis'
[30Aug2026 18:40:04.749] [main/INFO] [sleys.efedp.ExtendedDatapacks/]: [Weapon Type Builder] Assigning zoom type 'CUSTOM' to category 'simplyswords:caelestis'
[30Aug2026 18:40:04.751] [main/INFO] [sleys.efedp.ExtendedDatapacks/]: [Weapon Type Builder] Assigning the passive skill 'epicfight:battojutsu_passive' to the category 'simplyswords:katana'
[30Aug2026 18:40:04.753] [main/INFO] [sleys.efedp.ExtendedDatapacks/]: [Weapon Type Builder] Assigning the passive skill 'wom:lunar_echo_passive' to the category 'simplyswords:emberlash'
[30Aug2026 18:40:04.754] [main/WARN] [epicfight/]: Item Capability Exception: No item named epicfight:_diamond_greatsword
[30Aug2026 18:40:04.757] [main/INFO] [sleys.efedp.ExtendedDatapacks/]: [Weapon Type Builder] Assigning the passive skill 'wom:herrscher_passive' to the category 'simplyswords:righteous_relic'
[30Aug2026 18:40:04.758] [main/INFO] [sleys.efedp.ExtendedDatapacks/]: [Weapon Type Builder] Assigning the passive skill 'efn:yamato_passive' to the category 'simplyswords:runic_sai'
[30Aug2026 18:40:04.764] [main/INFO] [sleys.efedp.ExtendedDatapacks/]: [Weapon Type Builder] Assigning the passive skill 'epicfight:battojutsu_passive' to the category 'simplyswords:katana'
[30Aug2026 18:40:04.770] [main/WARN] [epicfight/]: epicfight:cut is not a hit particle type in simplyswords:tainted_relic
[30Aug2026 18:40:04.771] [main/INFO] [sleys.efedp.ExtendedDatapacks/]: [Weapon Type Builder] Assigning the passive skill 'epicfight:battojutsu_passive' to the category 'simplyswords:katana'
[30Aug2026 18:40:04.772] [main/WARN] [epicfight/]: wom:overblood_cut is not a hit particle type in simplyswords:ribboncleaver
[30Aug2026 18:40:04.774] [main/WARN] [epicfight/]: wom:solar_cut is not a hit particle type in simplyswords:molten_edge
[30Aug2026 18:40:04.775] [main/INFO] [sleys.efedp.ExtendedDatapacks/]: [Weapon Type Builder] Assigning the passive skill 'wom:demon_mark_passive' to the category 'simplyswords:runic_scythe'
[30Aug2026 18:40:04.788] [main/WARN] [epicfight/]: Item Capability Exception: No item named cdmoveset:t_yamato
[30Aug2026 18:40:04.802] [main/INFO] [sleys.efedp.ExtendedDatapacks/]: [Weapon Type Builder] Assigning the passive skill 'wom:herrscher_passive' to the category 'simplyswords:sunfire'
[30Aug2026 18:40:04.802] [main/WARN] [epicfight/]: Can't find a particle type epicfight:entity.hit.blunt in invincible:custom_combo_demo
[30Aug2026 18:40:04.806] [main/INFO] [sleys.efedp.ExtendedDatapacks/]: [Weapon Type Builder] Assigning the passive skill 'wom:satsujin_passive' to the category 'simplyswords:whisperwind'
[30Aug2026 18:40:04.810] [main/INFO] [sleys.efedp.ExtendedDatapacks/]: [Weapon Type Builder] Assigning the passive skill 'wom:ruine_passive' to the category 'simplyswords:harbinger'
[30Aug2026 18:40:04.811] [main/INFO] [sleys.efedp.ExtendedDatapacks/]: [Weapon Type Builder] Assigning the passive skill 'wom:torment_passive' to the category 'simplyswords:hearthflame'
[30Aug2026 18:40:04.812] [main/INFO] [sleys.efedp.ExtendedDatapacks/]: [Weapon Type Builder] Assigning the passive skill 'efn:yamato_passive' to the category 'simplyswords:shadowsting'
[30Aug2026 18:40:04.816] [main/INFO] [sleys.efedp.ExtendedDatapacks/]: [Weapon Type Builder] Assigning the passive skill 'epicfight:battojutsu_passive' to the category 'simplyswords:netherite_katana'
[30Aug2026 18:40:04.994] [main/INFO] [sleys.efedp.ExtendedDatapacks/]: [Weapons Item Properties] WoM Skill config simplyswords:soulrender added!
[30Aug2026 18:40:04.996] [main/INFO] [sleys.efedp.ExtendedDatapacks/]: [Weapons Item Properties] WoM Skill config simplyswords:awakened_lichblade added!
[30Aug2026 18:40:04.997] [main/INFO] [sleys.efedp.ExtendedDatapacks/]: [Weapons Item Properties] WoM Skill config simplyswords:waking_lichblade added!
[30Aug2026 18:40:04.997] [main/INFO] [sleys.efedp.ExtendedDatapacks/]: [Weapons Item Properties] WoM Skill config simplyswords:brimstone_claymore added!
[30Aug2026 18:40:05.000] [main/INFO] [placebo/]: Registered 0 gear_sets.
[30Aug2026 18:40:05.005] [main/INFO] [insane96mcp.insanelib.InsaneLib/]: Reloading InsaneLib JsonFeature Json
[30Aug2026 18:40:05.021] [main/INFO] [insane96mcp.progressivebosses.ProgressiveBosses/]: Loaded 2 Dragon Definition
[30Aug2026 18:40:05.039] [main/INFO] [insane96mcp.progressivebosses.ProgressiveBosses/]: Loaded 4 Wither Stats
[30Aug2026 18:40:05.043] [main/INFO] [insane96mcp.progressivebosses.ProgressiveBosses/]: Loaded 3 Elder Guardian Stats
[30Aug2026 18:40:05.206] [main/WARN] [ModernFix/]: Initial datapack load took 36.60 s
[30Aug2026 18:40:06.126] [Server thread/INFO] [net.minecraft.server.dedicated.DedicatedServer/]: Starting minecraft server version 1.20.1
[30Aug2026 18:40:06.126] [Server thread/INFO] [net.minecraft.server.dedicated.DedicatedServer/]: Loading properties
[30Aug2026 18:40:06.126] [Server thread/INFO] [net.minecraft.server.dedicated.DedicatedServer/]: Default game type: SURVIVAL
[30Aug2026 18:40:06.126] [Server thread/INFO] [net.minecraft.server.MinecraftServer/]: Generating keypair
[30Aug2026 18:40:06.500] [Server thread/INFO] [net.minecraft.server.dedicated.DedicatedServer/]: Starting Minecraft server on *:25565
[30Aug2026 18:40:06.619] [Server thread/INFO] [net.minecraft.server.network.ServerConnectionListener/]: Using epoll channel type
[30Aug2026 18:40:06.755] [Server thread/WARN] [net.minecraft.server.dedicated.DedicatedServer/]: **** SERVER IS RUNNING IN OFFLINE/INSECURE MODE!
[30Aug2026 18:40:06.755] [Server thread/WARN] [net.minecraft.server.dedicated.DedicatedServer/]: The server will make no attempt to authenticate usernames. Beware.
[30Aug2026 18:40:06.755] [Server thread/WARN] [net.minecraft.server.dedicated.DedicatedServer/]: While this makes the game possible to play without internet access, it also opens up the ability for hackers to connect with any username they choose.
[30Aug2026 18:40:06.756] [Server thread/WARN] [net.minecraft.server.dedicated.DedicatedServer/]: To change this, set "online-mode" to "true" in the server.properties file.
[30Aug2026 18:40:06.787] [Server thread/WARN] [net.minecraftforge.common.ForgeConfigSpec/CORE]: Configuration file /workspaces/RETRIEVAL-WATERCLIP/servidor_minecraft/config/easyanvils-server.toml is not correct. Correcting
[30Aug2026 18:40:06.791] [Server thread/WARN] [net.minecraftforge.common.ForgeConfigSpec/CORE]: Incorrect key miscellaneous was corrected from null to its default, SimpleCommentedConfig:{}. 
[30Aug2026 18:40:06.792] [Server thread/WARN] [net.minecraftforge.common.ForgeConfigSpec/CORE]: Incorrect key miscellaneous.anvil_break_chance was corrected from null to its default, 0.05. 
[30Aug2026 18:40:06.793] [Server thread/WARN] [net.minecraftforge.common.ForgeConfigSpec/CORE]: Incorrect key miscellaneous.risk_free_anvil_renaming was corrected from null to its default, true. 
[30Aug2026 18:40:06.793] [Server thread/WARN] [net.minecraftforge.common.ForgeConfigSpec/CORE]: Incorrect key miscellaneous.edit_name_tags_no_anvil was corrected from null to its default, true. 
[30Aug2026 18:40:06.796] [Server thread/WARN] [net.minecraftforge.common.ForgeConfigSpec/CORE]: Incorrect key miscellaneous.renaming_supports_formatting was corrected from null to its default, true. 
[30Aug2026 18:40:06.797] [Server thread/WARN] [net.minecraftforge.common.ForgeConfigSpec/CORE]: Incorrect key miscellaneous.anvil_repairing was corrected from null to its default, true. 
[30Aug2026 18:40:06.799] [Server thread/WARN] [net.minecraftforge.common.ForgeConfigSpec/CORE]: Incorrect key costs was corrected from null to its default, SimpleCommentedConfig:{}. 
[30Aug2026 18:40:06.799] [Server thread/WARN] [net.minecraftforge.common.ForgeConfigSpec/CORE]: Incorrect key costs.rare_enchantment_multiplier was corrected from null to its default, 4. 
[30Aug2026 18:40:06.799] [Server thread/WARN] [net.minecraftforge.common.ForgeConfigSpec/CORE]: Incorrect key costs.repair_with_other_item_cost was corrected from null to its default, 2. 
[30Aug2026 18:40:06.799] [Server thread/WARN] [net.minecraftforge.common.ForgeConfigSpec/CORE]: Incorrect key costs.common_enchantment_multiplier was corrected from null to its default, 1. 
[30Aug2026 18:40:06.801] [Server thread/WARN] [net.minecraftforge.common.ForgeConfigSpec/CORE]: Incorrect key costs.very_rare_enchantment_multiplier was corrected from null to its default, 8. 
[30Aug2026 18:40:06.801] [Server thread/WARN] [net.minecraftforge.common.ForgeConfigSpec/CORE]: Incorrect key costs.uncommon_enchantment_multiplier was corrected from null to its default, 2. 
[30Aug2026 18:40:06.802] [Server thread/WARN] [net.minecraftforge.common.ForgeConfigSpec/CORE]: Incorrect key costs.halved_book_costs was corrected from null to its default, true. 
[30Aug2026 18:40:06.806] [Server thread/WARN] [net.minecraftforge.common.ForgeConfigSpec/CORE]: Incorrect key costs.repair_with_material_unit_cost was corrected from null to its default, 1. 
[30Aug2026 18:40:06.806] [Server thread/WARN] [net.minecraftforge.common.ForgeConfigSpec/CORE]: Incorrect key costs.too_expensive_limit was corrected from null to its default, -1. 
[30Aug2026 18:40:06.806] [Server thread/WARN] [net.minecraftforge.common.ForgeConfigSpec/CORE]: Incorrect key costs.free_renames was corrected from null to its default, ALL_ITEMS. 
[30Aug2026 18:40:06.811] [Server thread/WARN] [net.minecraftforge.common.ForgeConfigSpec/CORE]: Incorrect key prior_work_penalty was corrected from null to its default, SimpleCommentedConfig:{}. 
[30Aug2026 18:40:06.812] [Server thread/WARN] [net.minecraftforge.common.ForgeConfigSpec/CORE]: Incorrect key prior_work_penalty.rename_and_repair_costs was corrected from null to its default, FIXED. 
[30Aug2026 18:40:06.812] [Server thread/WARN] [net.minecraftforge.common.ForgeConfigSpec/CORE]: Incorrect key prior_work_penalty.prior_work_penalty was corrected from null to its default, FIXED. 
[30Aug2026 18:40:06.814] [Server thread/WARN] [net.minecraftforge.common.ForgeConfigSpec/CORE]: Incorrect key prior_work_penalty.penalty_free_renames_and_repairs was corrected from null to its default, true. 
[30Aug2026 18:40:06.814] [Server thread/WARN] [net.minecraftforge.common.ForgeConfigSpec/CORE]: Incorrect key prior_work_penalty.prior_work_penalty_constant was corrected from null to its default, 4. 
[30Aug2026 18:40:06.823] [Server thread/INFO] [Puzzles Lib/]: Loading server config for easyanvils
[30Aug2026 18:40:06.827] [Server thread/WARN] [net.minecraftforge.common.ForgeConfigSpec/CORE]: Configuration file ./world/serverconfig/apoli-server.toml is not correct. Correcting
[30Aug2026 18:40:06.828] [Server thread/WARN] [net.minecraftforge.common.ForgeConfigSpec/CORE]: Incorrect key execute_command was corrected from null to its default, SimpleCommentedConfig:{}. 
[30Aug2026 18:40:06.831] [Server thread/WARN] [net.minecraftforge.common.ForgeConfigSpec/CORE]: Incorrect key execute_command.permission_level was corrected from null to its default, 2. 
[30Aug2026 18:40:06.831] [Server thread/WARN] [net.minecraftforge.common.ForgeConfigSpec/CORE]: Incorrect key execute_command.show_output was corrected from null to its default, false. 
[30Aug2026 18:40:06.832] [Server thread/WARN] [net.minecraftforge.common.ForgeConfigSpec/CORE]: Incorrect key prevent_usage was corrected from null to its default, SimpleCommentedConfig:{}. 
[30Aug2026 18:40:06.832] [Server thread/WARN] [net.minecraftforge.common.ForgeConfigSpec/CORE]: Incorrect key prevent_usage.enforce_food_restrictions was corrected from null to its default, true. 
[30Aug2026 18:40:06.838] [Server thread/WARN] [net.minecraftforge.common.ForgeConfigSpec/CORE]: Incorrect key modify_player_spawn was corrected from null to its default, SimpleCommentedConfig:{}. 
[30Aug2026 18:40:06.838] [Server thread/WARN] [net.minecraftforge.common.ForgeConfigSpec/CORE]: Incorrect key modify_player_spawn.separate_finding_thread was corrected from null to its default, true. 
[30Aug2026 18:40:06.847] [Server thread/WARN] [net.minecraftforge.common.ForgeConfigSpec/CORE]: Configuration file /workspaces/RETRIEVAL-WATERCLIP/servidor_minecraft/config/pickupnotifier/pickupnotifier-server.toml is not correct. Correcting
[30Aug2026 18:40:06.849] [Server thread/WARN] [net.minecraftforge.common.ForgeConfigSpec/CORE]: Incorrect key partial_pick_ups was corrected from null to its default, true. 
[30Aug2026 18:40:06.850] [Server thread/WARN] [net.minecraftforge.common.ForgeConfigSpec/CORE]: Incorrect key backpack_integration was corrected from null to its default, true. 
[30Aug2026 18:40:06.851] [Server thread/INFO] [Puzzles Lib/]: Loading server config for pickupnotifier
[30Aug2026 18:40:06.852] [Server thread/WARN] [net.minecraftforge.common.ForgeConfigSpec/CORE]: Configuration file ./world/serverconfig/curios-server.toml is not correct. Correcting
[30Aug2026 18:40:06.855] [Server thread/WARN] [net.minecraftforge.common.ForgeConfigSpec/CORE]: Incorrect key keepCurios was corrected from null to its default, DEFAULT. 
[30Aug2026 18:40:06.856] [Server thread/WARN] [net.minecraftforge.common.ForgeConfigSpec/CORE]: Incorrect key menu was corrected from null to its default, SimpleCommentedConfig:{}. 
[30Aug2026 18:40:06.857] [Server thread/WARN] [net.minecraftforge.common.ForgeConfigSpec/CORE]: Incorrect key menu.enableLegacyMenu was corrected from null to its default, false. 
[30Aug2026 18:40:06.857] [Server thread/WARN] [net.minecraftforge.common.ForgeConfigSpec/CORE]: Incorrect key menu.experimental was corrected from null to its default, SimpleCommentedConfig:{}. 
[30Aug2026 18:40:06.857] [Server thread/WARN] [net.minecraftforge.common.ForgeConfigSpec/CORE]: Incorrect key menu.experimental.minimumColumns was corrected from null to its default, 1. 
[30Aug2026 18:40:06.858] [Server thread/WARN] [net.minecraftforge.common.ForgeConfigSpec/CORE]: Incorrect key menu.experimental.maxSlotsPerPage was corrected from null to its default, 48. 
[30Aug2026 18:40:06.859] [Server thread/WARN] [net.minecraftforge.common.ForgeConfigSpec/CORE]: Configuration file ./world/serverconfig/jei-server.toml is not correct. Correcting
[30Aug2026 18:40:06.860] [Server thread/WARN] [net.minecraftforge.common.ForgeConfigSpec/CORE]: Incorrect key cheat mode was corrected from null to its default, SimpleCommentedConfig:{}. 
[30Aug2026 18:40:06.861] [Server thread/WARN] [net.minecraftforge.common.ForgeConfigSpec/CORE]: Incorrect key cheat mode.enableCheatModeForOp was corrected from null to its default, true. 
[30Aug2026 18:40:06.863] [Server thread/WARN] [net.minecraftforge.common.ForgeConfigSpec/CORE]: Incorrect key cheat mode.enableCheatModeForCreative was corrected from null to its default, true. 
[30Aug2026 18:40:06.863] [Server thread/WARN] [net.minecraftforge.common.ForgeConfigSpec/CORE]: Incorrect key cheat mode.enableCheatModeForGive was corrected from null to its default, false. 
[30Aug2026 18:40:06.864] [Server thread/WARN] [net.minecraftforge.common.ForgeConfigSpec/CORE]: Configuration file ./world/serverconfig/travelersbackpack-server.toml is not correct. Correcting
[30Aug2026 18:40:06.865] [Server thread/WARN] [net.minecraftforge.common.ForgeConfigSpec/CORE]: Incorrect key server was corrected from null to its default, SimpleCommentedConfig:{}. 
[30Aug2026 18:40:06.867] [Server thread/WARN] [net.minecraftforge.common.ForgeConfigSpec/CORE]: Incorrect key server.backpackSettings was corrected from null to its default, SimpleCommentedConfig:{}. 
[30Aug2026 18:40:06.867] [Server thread/WARN] [net.minecraftforge.common.ForgeConfigSpec/CORE]: Incorrect key server.backpackSettings.leatherTierBackpack was corrected from null to its default, SimpleCommentedConfig:{}. 
[30Aug2026 18:40:06.867] [Server thread/WARN] [net.minecraftforge.common.ForgeConfigSpec/CORE]: Incorrect key server.backpackSettings.leatherTierBackpack.inventorySlotCount was corrected from null to its default, 27. 
[30Aug2026 18:40:06.868] [Server thread/WARN] [net.minecraftforge.common.ForgeConfigSpec/CORE]: Incorrect key server.backpackSettings.leatherTierBackpack.upgradeSlotCount was corrected from null to its default, 2. 
[30Aug2026 18:40:06.868] [Server thread/WARN] [net.minecraftforge.common.ForgeConfigSpec/CORE]: Incorrect key server.backpackSettings.leatherTierBackpack.toolSlotCount was corrected from null to its default, 2. 
[30Aug2026 18:40:06.869] [Server thread/WARN] [net.minecraftforge.common.ForgeConfigSpec/CORE]: Incorrect key server.backpackSettings.leatherTierBackpack.tankCapacity was corrected from null to its default, 1000. 
[30Aug2026 18:40:06.869] [Server thread/WARN] [net.minecraftforge.common.ForgeConfigSpec/CORE]: Incorrect key server.backpackSettings.ironTierBackpack was corrected from null to its default, SimpleCommentedConfig:{}. 
[30Aug2026 18:40:06.870] [Server thread/WARN] [net.minecraftforge.common.ForgeConfigSpec/CORE]: Incorrect key server.backpackSettings.ironTierBackpack.inventorySlotCount was corrected from null to its default, 45. 
[30Aug2026 18:40:06.870] [Server thread/WARN] [net.minecraftforge.common.ForgeConfigSpec/CORE]: Incorrect key server.backpackSettings.ironTierBackpack.upgradeSlotCount was corrected from null to its default, 3. 
[30Aug2026 18:40:06.870] [Server thread/WARN] [net.minecraftforge.common.ForgeConfigSpec/CORE]: Incorrect key server.backpackSettings.ironTierBackpack.toolSlotCount was corrected from null to its default, 3. 
[30Aug2026 18:40:06.870] [Server thread/WARN] [net.minecraftforge.common.ForgeConfigSpec/CORE]: Incorrect key server.backpackSettings.ironTierBackpack.tankCapacity was corrected from null to its default, 1000. 
[30Aug2026 18:40:06.873] [Server thread/WARN] [net.minecraftforge.common.ForgeConfigSpec/CORE]: Incorrect key server.backpackSettings.goldTierBackpack was corrected from null to its default, SimpleCommentedConfig:{}. 
[30Aug2026 18:40:06.873] [Server thread/WARN] [net.minecraftforge.common.ForgeConfigSpec/CORE]: Incorrect key server.backpackSettings.goldTierBackpack.inventorySlotCount was corrected from null to its default, 63. 
[30Aug2026 18:40:06.874] [Server thread/WARN] [net.minecraftforge.common.ForgeConfigSpec/CORE]: Incorrect key server.backpackSettings.goldTierBackpack.upgradeSlotCount was corrected from null to its default, 4. 
[30Aug2026 18:40:06.875] [Server thread/WARN] [net.minecraftforge.common.ForgeConfigSpec/CORE]: Incorrect key server.backpackSettings.goldTierBackpack.toolSlotCount was corrected from null to its default, 4. 
[30Aug2026 18:40:06.876] [Server thread/WARN] [net.minecraftforge.common.ForgeConfigSpec/CORE]: Incorrect key server.backpackSettings.goldTierBackpack.tankCapacity was corrected from null to its default, 1000. 
[30Aug2026 18:40:06.876] [Server thread/WARN] [net.minecraftforge.common.ForgeConfigSpec/CORE]: Incorrect key server.backpackSettings.diamondTierBackpack was corrected from null to its default, SimpleCommentedConfig:{}. 
[30Aug2026 18:40:06.877] [Server thread/WARN] [net.minecraftforge.common.ForgeConfigSpec/CORE]: Incorrect key server.backpackSettings.diamondTierBackpack.inventorySlotCount was corrected from null to its default, 81. 
[30Aug2026 18:40:06.877] [Server thread/WARN] [net.minecraftforge.common.ForgeConfigSpec/CORE]: Incorrect key server.backpackSettings.diamondTierBackpack.upgradeSlotCount was corrected from null to its default, 5. 
[30Aug2026 18:40:06.879] [Server thread/WARN] [net.minecraftforge.common.ForgeConfigSpec/CORE]: Incorrect key server.backpackSettings.diamondTierBackpack.toolSlotCount was corrected from null to its default, 5. 
[30Aug2026 18:40:06.881] [Server thread/WARN] [net.minecraftforge.common.ForgeConfigSpec/CORE]: Incorrect key server.backpackSettings.diamondTierBackpack.tankCapacity was corrected from null to its default, 1000. 
[30Aug2026 18:40:06.881] [Server thread/WARN] [net.minecraftforge.common.ForgeConfigSpec/CORE]: Incorrect key server.backpackSettings.netheriteTierBackpack was corrected from null to its default, SimpleCommentedConfig:{}. 
[30Aug2026 18:40:06.881] [Server thread/WARN] [net.minecraftforge.common.ForgeConfigSpec/CORE]: Incorrect key server.backpackSettings.netheriteTierBackpack.inventorySlotCount was corrected from null to its default, 99. 
[30Aug2026 18:40:06.882] [Server thread/WARN] [net.minecraftforge.common.ForgeConfigSpec/CORE]: Incorrect key server.backpackSettings.netheriteTierBackpack.upgradeSlotCount was corrected from null to its default, 6. 
[30Aug2026 18:40:06.882] [Server thread/WARN] [net.minecraftforge.common.ForgeConfigSpec/CORE]: Incorrect key server.backpackSettings.netheriteTierBackpack.toolSlotCount was corrected from null to its default, 6. 
[30Aug2026 18:40:06.884] [Server thread/WARN] [net.minecraftforge.common.ForgeConfigSpec/CORE]: Incorrect key server.backpackSettings.netheriteTierBackpack.tankCapacity was corrected from null to its default, 1000. 
[30Aug2026 18:40:06.885] [Server thread/WARN] [net.minecraftforge.common.ForgeConfigSpec/CORE]: Incorrect key server.backpackSettings.rightClickEquip was corrected from null to its default, true. 
[30Aug2026 18:40:06.885] [Server thread/WARN] [net.minecraftforge.common.ForgeConfigSpec/CORE]: Incorrect key server.backpackSettings.rightClickUnequip was corrected from null to its default, false. 
[30Aug2026 18:40:06.885] [Server thread/WARN] [net.minecraftforge.common.ForgeConfigSpec/CORE]: Incorrect key server.backpackSettings.allowOnlyEquippedBackpack was corrected from null to its default, false. 
[30Aug2026 18:40:06.886] [Server thread/WARN] [net.minecraftforge.common.ForgeConfigSpec/CORE]: Incorrect key server.backpackSettings.allowOpeningFromSlot was corrected from null to its default, false. 
[30Aug2026 18:40:06.888] [Server thread/WARN] [net.minecraftforge.common.ForgeConfigSpec/CORE]: Incorrect key server.backpackSettings.preventMultiplePlayersAccess was corrected from null to its default, false. 
[30Aug2026 18:40:06.888] [Server thread/WARN] [net.minecraftforge.common.ForgeConfigSpec/CORE]: Incorrect key server.backpackSettings.invulnerableBackpack was corrected from null to its default, true. 
[30Aug2026 18:40:06.888] [Server thread/WARN] [net.minecraftforge.common.ForgeConfigSpec/CORE]: Incorrect key server.backpackSettings.allowToolSwapping was corrected from null to its default, true. 
[30Aug2026 18:40:06.889] [Server thread/WARN] [net.minecraftforge.common.ForgeConfigSpec/CORE]: Incorrect key server.backpackSettings.toolSlotsAcceptEverything was corrected from null to its default, false. 
[30Aug2026 18:40:06.890] [Server thread/WARN] [net.minecraftforge.common.ForgeConfigSpec/CORE]: Incorrect key server.backpackSettings.toolSlotsAcceptableItems was corrected from null to its default, []. 
[30Aug2026 18:40:06.890] [Server thread/WARN] [net.minecraftforge.common.ForgeConfigSpec/CORE]: Incorrect key server.backpackSettings.blacklistedItems was corrected from null to its default, []. 
[30Aug2026 18:40:06.890] [Server thread/WARN] [net.minecraftforge.common.ForgeConfigSpec/CORE]: Incorrect key server.backpackSettings.allowShulkerBoxes was corrected from null to its default, false. 
[30Aug2026 18:40:06.891] [Server thread/WARN] [net.minecraftforge.common.ForgeConfigSpec/CORE]: Incorrect key server.backpackSettings.voidProtection was corrected from null to its default, true. 
[30Aug2026 18:40:06.891] [Server thread/WARN] [net.minecraftforge.common.ForgeConfigSpec/CORE]: Incorrect key server.backpackSettings.backpackDeathPlace was corrected from null to its default, true. 
[30Aug2026 18:40:06.892] [Server thread/WARN] [net.minecraftforge.common.ForgeConfigSpec/CORE]: Incorrect key server.backpackSettings.backpackForceDeathPlace was corrected from null to its default, false. 
[30Aug2026 18:40:06.892] [Server thread/WARN] [net.minecraftforge.common.ForgeConfigSpec/CORE]: Incorrect key server.backpackSettings.quickSleepingBag was corrected from null to its default, true. 
[30Aug2026 18:40:06.894] [Server thread/WARN] [net.minecraftforge.common.ForgeConfigSpec/CORE]: Incorrect key server.backpackSettings.enableSleepingBagSpawnPoint was corrected from null to its default, false. 
[30Aug2026 18:40:06.894] [Server thread/WARN] [net.minecraftforge.common.ForgeConfigSpec/CORE]: Incorrect key server.backpackSettings.backSlotIntegration was corrected from null to its default, true. 
[30Aug2026 18:40:06.895] [Server thread/WARN] [net.minecraftforge.common.ForgeConfigSpec/CORE]: Incorrect key server.backpackUpgrades was corrected from null to its default, SimpleCommentedConfig:{}. 
[30Aug2026 18:40:06.899] [Server thread/WARN] [net.minecraftforge.common.ForgeConfigSpec/CORE]: Incorrect key server.backpackUpgrades.enableSleepingBag was corrected from null to its default, true. 
[30Aug2026 18:40:06.899] [Server thread/WARN] [net.minecraftforge.common.ForgeConfigSpec/CORE]: Incorrect key server.backpackUpgrades.enableTanksUpgrade was corrected from null to its default, true. 
[30Aug2026 18:40:06.899] [Server thread/WARN] [net.minecraftforge.common.ForgeConfigSpec/CORE]: Incorrect key server.backpackUpgrades.enableCraftingUpgrade was corrected from null to its default, true. 
[30Aug2026 18:40:06.900] [Server thread/WARN] [net.minecraftforge.common.ForgeConfigSpec/CORE]: Incorrect key server.backpackUpgrades.enableFurnaceUpgrade was corrected from null to its default, true. 
[30Aug2026 18:40:06.900] [Server thread/WARN] [net.minecraftforge.common.ForgeConfigSpec/CORE]: Incorrect key server.backpackUpgrades.enableSmokerUpgrade was corrected from null to its default, true. 
[30Aug2026 18:40:06.900] [Server thread/WARN] [net.minecraftforge.common.ForgeConfigSpec/CORE]: Incorrect key server.backpackUpgrades.enableBlastFurnaceUpgrade was corrected from null to its default, true. 
[30Aug2026 18:40:06.901] [Server thread/WARN] [net.minecraftforge.common.ForgeConfigSpec/CORE]: Incorrect key server.backpackUpgrades.pickupUpgradeSettings was corrected from null to its default, SimpleCommentedConfig:{}. 
[30Aug2026 18:40:06.901] [Server thread/WARN] [net.minecraftforge.common.ForgeConfigSpec/CORE]: Incorrect key server.backpackUpgrades.pickupUpgradeSettings.enablePickupUpgrade was corrected from null to its default, true. 
[30Aug2026 18:40:06.902] [Server thread/WARN] [net.minecraftforge.common.ForgeConfigSpec/CORE]: Incorrect key server.backpackUpgrades.pickupUpgradeSettings.filterSlotCount was corrected from null to its default, 9. 
[30Aug2026 18:40:06.902] [Server thread/WARN] [net.minecraftforge.common.ForgeConfigSpec/CORE]: Incorrect key server.backpackUpgrades.pickupUpgradeSettings.slotsInRow was corrected from null to its default, 3. 
[30Aug2026 18:40:06.903] [Server thread/WARN] [net.minecraftforge.common.ForgeConfigSpec/CORE]: Incorrect key server.backpackUpgrades.enableJukeboxUpgrade was corrected from null to its default, true. 
[30Aug2026 18:40:06.904] [Server thread/WARN] [net.minecraftforge.common.ForgeConfigSpec/CORE]: Incorrect key server.backpackUpgrades.magnetUpgradeSettings was corrected from null to its default, SimpleCommentedConfig:{}. 
[30Aug2026 18:40:06.904] [Server thread/WARN] [net.minecraftforge.common.ForgeConfigSpec/CORE]: Incorrect key server.backpackUpgrades.magnetUpgradeSettings.enableMagnetUpgrade was corrected from null to its default, true. 
[30Aug2026 18:40:06.904] [Server thread/WARN] [net.minecraftforge.common.ForgeConfigSpec/CORE]: Incorrect key server.backpackUpgrades.magnetUpgradeSettings.filterSlotCount was corrected from null to its default, 9. 
[30Aug2026 18:40:06.905] [Server thread/WARN] [net.minecraftforge.common.ForgeConfigSpec/CORE]: Incorrect key server.backpackUpgrades.magnetUpgradeSettings.slotsInRow was corrected from null to its default, 3. 
[30Aug2026 18:40:06.906] [Server thread/WARN] [net.minecraftforge.common.ForgeConfigSpec/CORE]: Incorrect key server.backpackUpgrades.magnetUpgradeSettings.pullRange was corrected from null to its default, 5. 
[30Aug2026 18:40:06.906] [Server thread/WARN] [net.minecraftforge.common.ForgeConfigSpec/CORE]: Incorrect key server.backpackUpgrades.magnetUpgradeSettings.tickRate was corrected from null to its default, 10. 
[30Aug2026 18:40:06.907] [Server thread/WARN] [net.minecraftforge.common.ForgeConfigSpec/CORE]: Incorrect key server.backpackUpgrades.feedingUpgradeSettings was corrected from null to its default, SimpleCommentedConfig:{}. 
[30Aug2026 18:40:06.907] [Server thread/WARN] [net.minecraftforge.common.ForgeConfigSpec/CORE]: Incorrect key server.backpackUpgrades.feedingUpgradeSettings.enableFeedingUpgrade was corrected from null to its default, true. 
[30Aug2026 18:40:06.908] [Server thread/WARN] [net.minecraftforge.common.ForgeConfigSpec/CORE]: Incorrect key server.backpackUpgrades.feedingUpgradeSettings.filterSlotCount was corrected from null to its default, 9. 
[30Aug2026 18:40:06.908] [Server thread/WARN] [net.minecraftforge.common.ForgeConfigSpec/CORE]: Incorrect key server.backpackUpgrades.feedingUpgradeSettings.slotsInRow was corrected from null to its default, 3. 
[30Aug2026 18:40:06.909] [Server thread/WARN] [net.minecraftforge.common.ForgeConfigSpec/CORE]: Incorrect key server.backpackUpgrades.feedingUpgradeSettings.tickRate was corrected from null to its default, 100. 
[30Aug2026 18:40:06.910] [Server thread/WARN] [net.minecraftforge.common.ForgeConfigSpec/CORE]: Incorrect key server.backpackUpgrades.refillUpgradeSettings was corrected from null to its default, SimpleCommentedConfig:{}. 
[30Aug2026 18:40:06.911] [Server thread/WARN] [net.minecraftforge.common.ForgeConfigSpec/CORE]: Incorrect key server.backpackUpgrades.refillUpgradeSettings.enableRefillUpgrade was corrected from null to its default, true. 
[30Aug2026 18:40:06.911] [Server thread/WARN] [net.minecraftforge.common.ForgeConfigSpec/CORE]: Incorrect key server.backpackUpgrades.refillUpgradeSettings.filterSlotCount was corrected from null to its default, 9. 
[30Aug2026 18:40:06.911] [Server thread/WARN] [net.minecraftforge.common.ForgeConfigSpec/CORE]: Incorrect key server.backpackUpgrades.refillUpgradeSettings.slotsInRow was corrected from null to its default, 3. 
[30Aug2026 18:40:06.911] [Server thread/WARN] [net.minecraftforge.common.ForgeConfigSpec/CORE]: Incorrect key server.backpackUpgrades.refillUpgradeSettings.tickRate was corrected from null to its default, 5. 
[30Aug2026 18:40:06.912] [Server thread/WARN] [net.minecraftforge.common.ForgeConfigSpec/CORE]: Incorrect key server.backpackUpgrades.voidUpgradeSettings was corrected from null to its default, SimpleCommentedConfig:{}. 
[30Aug2026 18:40:06.912] [Server thread/WARN] [net.minecraftforge.common.ForgeConfigSpec/CORE]: Incorrect key server.backpackUpgrades.voidUpgradeSettings.enableVoidUpgrade was corrected from null to its default, true. 
[30Aug2026 18:40:06.913] [Server thread/WARN] [net.minecraftforge.common.ForgeConfigSpec/CORE]: Incorrect key server.backpackUpgrades.voidUpgradeSettings.filterSlotCount was corrected from null to its default, 9. 
[30Aug2026 18:40:06.914] [Server thread/WARN] [net.minecraftforge.common.ForgeConfigSpec/CORE]: Incorrect key server.backpackUpgrades.voidUpgradeSettings.slotsInRow was corrected from null to its default, 3. 
[30Aug2026 18:40:06.915] [Server thread/WARN] [net.minecraftforge.common.ForgeConfigSpec/CORE]: Incorrect key server.world was corrected from null to its default, SimpleCommentedConfig:{}. 
[30Aug2026 18:40:06.915] [Server thread/WARN] [net.minecraftforge.common.ForgeConfigSpec/CORE]: Incorrect key server.world.spawnEntitiesWithBackpack was corrected from null to its default, true. 
[30Aug2026 18:40:06.916] [Server thread/WARN] [net.minecraftforge.common.ForgeConfigSpec/CORE]: Incorrect key server.world.chance was corrected from null to its default, 0.005. 
[30Aug2026 18:40:06.918] [Server thread/WARN] [net.minecraftforge.common.ForgeConfigSpec/CORE]: Incorrect key server.world.possibleOverworldEntityTypes was corrected from null to its default, [minecraft:zombie, minecraft:skeleton, minecraft:enderman]. 
[30Aug2026 18:40:06.919] [Server thread/WARN] [net.minecraftforge.common.ForgeConfigSpec/CORE]: Incorrect key server.world.possibleNetherEntityTypes was corrected from null to its default, [minecraft:wither_skeleton, minecraft:piglin]. 
[30Aug2026 18:40:06.919] [Server thread/WARN] [net.minecraftforge.common.ForgeConfigSpec/CORE]: Incorrect key server.world.overworldBackpacks was corrected from null to its default, [travelersbackpack:standard, travelersbackpack:diamond, travelersbackpack:gold, travelersbackpack:emerald, travelersbackpack:iron, travelersbackpack:lapis, travelersbackpack:redstone, travelersbackpack:coal, travelersbackpack:bookshelf, travelersbackpack:sandstone, travelersbackpack:snow, travelersbackpack:sponge, travelersbackpack:cake, travelersbackpack:cactus, travelersbackpack:hay, travelersbackpack:melon, travelersbackpack:pumpkin, travelersbackpack:creeper, travelersbackpack:enderman, travelersbackpack:skeleton, travelersbackpack:spider, travelersbackpack:bee, travelersbackpack:wolf, travelersbackpack:fox, travelersbackpack:ocelot, travelersbackpack:horse, travelersbackpack:cow, travelersbackpack:pig, travelersbackpack:sheep, travelersbackpack:chicken, travelersbackpack:squid]. 
[30Aug2026 18:40:06.919] [Server thread/WARN] [net.minecraftforge.common.ForgeConfigSpec/CORE]: Incorrect key server.world.netherBackpacks was corrected from null to its default, [travelersbackpack:quartz, travelersbackpack:nether, travelersbackpack:blaze, travelersbackpack:ghast, travelersbackpack:magma_cube, travelersbackpack:wither]. 
[30Aug2026 18:40:06.920] [Server thread/WARN] [net.minecraftforge.common.ForgeConfigSpec/CORE]: Incorrect key server.backpackAbilities was corrected from null to its default, SimpleCommentedConfig:{}. 
[30Aug2026 18:40:06.920] [Server thread/WARN] [net.minecraftforge.common.ForgeConfigSpec/CORE]: Incorrect key server.backpackAbilities.enableBackpackAbilities was corrected from null to its default, true. 
[30Aug2026 18:40:06.921] [Server thread/WARN] [net.minecraftforge.common.ForgeConfigSpec/CORE]: Incorrect key server.backpackAbilities.forceAbilityEnabled was corrected from null to its default, true. 
[30Aug2026 18:40:06.923] [Server thread/WARN] [net.minecraftforge.common.ForgeConfigSpec/CORE]: Incorrect key server.backpackAbilities.allowedAbilities was corrected from null to its default, [travelersbackpack:netherite, travelersbackpack:diamond, travelersbackpack:gold, travelersbackpack:emerald, travelersbackpack:iron, travelersbackpack:lapis, travelersbackpack:redstone, travelersbackpack:bookshelf, travelersbackpack:sponge, travelersbackpack:cake, travelersbackpack:cactus, travelersbackpack:melon, travelersbackpack:pumpkin, travelersbackpack:creeper, travelersbackpack:dragon, travelersbackpack:enderman, travelersbackpack:blaze, travelersbackpack:ghast, travelersbackpack:magma_cube, travelersbackpack:spider, travelersbackpack:wither, travelersbackpack:warden, travelersbackpack:bat, travelersbackpack:bee, travelersbackpack:ocelot, travelersbackpack:cow, travelersbackpack:chicken, travelersbackpack:squid, travelersbackpack:hay, travelersbackpack:fox]. 
[30Aug2026 18:40:06.924] [Server thread/WARN] [net.minecraftforge.common.ForgeConfigSpec/CORE]: Incorrect key server.backpackAbilities.backpackEffects was corrected from null to its default, [travelersbackpack:bat, minecraft:night_vision, 260, 300, 0, travelersbackpack:magma_cube, minecraft:fire_resistance, 260, 300, 0, travelersbackpack:squid, minecraft:water_breathing, 260, 300, 0, travelersbackpack:squid, minecraft:night_vision, 260, 300, 0, travelersbackpack:dragon, minecraft:regeneration, 260, 300, 0, travelersbackpack:dragon, minecraft:strength, 250, 290, 0, travelersbackpack:quartz, minecraft:haste, 260, 300, 0, travelersbackpack:fox, minecraft:jump_boost, 260, 300, 0]. 
[30Aug2026 18:40:06.924] [Server thread/WARN] [net.minecraftforge.common.ForgeConfigSpec/CORE]: Incorrect key server.backpackAbilities.cooldowns was corrected from null to its default, [travelersbackpack:creeper, 1200, 1800, travelersbackpack:cow, 480, 540, travelersbackpack:chicken, 360, 600, travelersbackpack:cake, 360, 480, travelersbackpack:melon, 120, 480]. 
[30Aug2026 18:40:06.925] [Server thread/WARN] [net.minecraftforge.common.ForgeConfigSpec/CORE]: Incorrect key server.slownessDebuff was corrected from null to its default, SimpleCommentedConfig:{}. 
[30Aug2026 18:40:06.925] [Server thread/WARN] [net.minecraftforge.common.ForgeConfigSpec/CORE]: Incorrect key server.slownessDebuff.tooManyBackpacksSlowness was corrected from null to its default, false. 
[30Aug2026 18:40:06.926] [Server thread/WARN] [net.minecraftforge.common.ForgeConfigSpec/CORE]: Incorrect key server.slownessDebuff.maxNumberOfBackpacks was corrected from null to its default, 3. 
[30Aug2026 18:40:06.926] [Server thread/WARN] [net.minecraftforge.common.ForgeConfigSpec/CORE]: Incorrect key server.slownessDebuff.slownessPerExcessedBackpack was corrected from null to its default, 1.0. 
[30Aug2026 18:40:06.957] [Server thread/WARN] [net.minecraftforge.common.ForgeConfigSpec/CORE]: Configuration file ./world/serverconfig/gravestone-server.toml is not correct. Correcting
[30Aug2026 18:40:06.958] [Server thread/WARN] [net.minecraftforge.common.ForgeConfigSpec/CORE]: Incorrect key enable_obituary was corrected from null to its default, true. 
[30Aug2026 18:40:06.959] [Server thread/WARN] [net.minecraftforge.common.ForgeConfigSpec/CORE]: Incorrect key replaceable_blocks was corrected from null to its default, [#gravestone:grave_replaceable]. 
[30Aug2026 18:40:06.962] [Server thread/WARN] [net.minecraftforge.common.ForgeConfigSpec/CORE]: Incorrect key remove_obituary was corrected from null to its default, false. 
[30Aug2026 18:40:06.964] [Server thread/WARN] [net.minecraftforge.common.ForgeConfigSpec/CORE]: Incorrect key only_owners_can_break was corrected from null to its default, false. 
[30Aug2026 18:40:06.965] [Server thread/WARN] [net.minecraftforge.common.ForgeConfigSpec/CORE]: Incorrect key spawn_ghost was corrected from null to its default, false. 
[30Aug2026 18:40:06.966] [Server thread/WARN] [net.minecraftforge.common.ForgeConfigSpec/CORE]: Incorrect key friendly_ghost was corrected from null to its default, true. 
[30Aug2026 18:40:06.967] [Server thread/WARN] [net.minecraftforge.common.ForgeConfigSpec/CORE]: Incorrect key sneak_pickup was corrected from null to its default, false. 
[30Aug2026 18:40:06.969] [Server thread/WARN] [net.minecraftforge.common.ForgeConfigSpec/CORE]: Incorrect key break_pickup was corrected from null to its default, true. 
[30Aug2026 18:40:06.970] [Server thread/WARN] [net.minecraftforge.common.ForgeConfigSpec/CORE]: Incorrect key strict_placement was corrected from null to its default, false. 
[30Aug2026 18:40:06.978] [Server thread/WARN] [net.minecraftforge.common.ForgeConfigSpec/CORE]: Configuration file ./world/serverconfig/pingy-server.toml is not correct. Correcting
[30Aug2026 18:40:06.979] [Server thread/WARN] [net.minecraftforge.common.ForgeConfigSpec/CORE]: Incorrect key enabled was corrected from null to its default, true. 
[30Aug2026 18:40:06.981] [Server thread/WARN] [net.minecraftforge.common.ForgeConfigSpec/CORE]: Incorrect key pingThreshold was corrected from null to its default, 150. 
[30Aug2026 18:40:06.983] [Server thread/WARN] [net.minecraftforge.common.ForgeConfigSpec/CORE]: Incorrect key pingCritical was corrected from null to its default, 300. 
[30Aug2026 18:40:06.986] [Server thread/WARN] [net.minecraftforge.common.ForgeConfigSpec/CORE]: Incorrect key minRangeMultiplier was corrected from null to its default, 0.25. 
[30Aug2026 18:40:06.989] [Server thread/WARN] [net.minecraftforge.common.ForgeConfigSpec/CORE]: Incorrect key minAbsoluteRange was corrected from null to its default, 32. 
[30Aug2026 18:40:06.991] [Server thread/WARN] [net.minecraftforge.common.ForgeConfigSpec/CORE]: Incorrect key checkIntervalTicks was corrected from null to its default, 20. 
[30Aug2026 18:40:06.994] [Server thread/WARN] [net.minecraftforge.common.ForgeConfigSpec/CORE]: Incorrect key smoothingFactor was corrected from null to its default, 0.3. 
[30Aug2026 18:40:06.996] [Server thread/WARN] [net.minecraftforge.common.ForgeConfigSpec/CORE]: Incorrect key notifyPlayer was corrected from null to its default, true. 
[30Aug2026 18:40:06.998] [Server thread/WARN] [net.minecraftforge.common.ForgeConfigSpec/CORE]: Incorrect key logChanges was corrected from null to its default, true. 
[30Aug2026 18:40:07.003] [Server thread/WARN] [net.minecraftforge.common.ForgeConfigSpec/CORE]: Configuration file ./world/serverconfig/ntrials-server.toml is not correct. Correcting
[30Aug2026 18:40:07.004] [Server thread/WARN] [net.minecraftforge.common.ForgeConfigSpec/CORE]: Incorrect key VaultSettings was corrected from null to its default, SimpleCommentedConfig:{}. 
[30Aug2026 18:40:07.004] [Server thread/WARN] [net.minecraftforge.common.ForgeConfigSpec/CORE]: Incorrect key VaultSettings.vault_unlocking_duration was corrected from null to its default, 10. 
[30Aug2026 18:40:07.005] [Server thread/WARN] [net.minecraftforge.common.ForgeConfigSpec/CORE]: Incorrect key VaultSettings.vault_ejecting_interval was corrected from null to its default, 20. 
[30Aug2026 18:40:07.005] [Server thread/WARN] [net.minecraftforge.common.ForgeConfigSpec/CORE]: Incorrect key VaultSettings.vault_close_delay was corrected from null to its default, 20. 
[30Aug2026 18:40:07.005] [Server thread/WARN] [net.minecraftforge.common.ForgeConfigSpec/CORE]: Incorrect key VaultSettings.vault_display_item_switch_interval was corrected from null to its default, 20. 
[30Aug2026 18:40:07.006] [Server thread/WARN] [net.minecraftforge.common.ForgeConfigSpec/CORE]: Incorrect key VaultSettings.vault_item_rotation_speed was corrected from null to its default, 2.0. 
[30Aug2026 18:40:07.007] [Server thread/WARN] [net.minecraftforge.common.ForgeConfigSpec/CORE]: Incorrect key SpawnerSettings was corrected from null to its default, SimpleCommentedConfig:{}. 
[30Aug2026 18:40:07.007] [Server thread/WARN] [net.minecraftforge.common.ForgeConfigSpec/CORE]: Incorrect key SpawnerSettings.spawner_cooldown_ominous was corrected from null to its default, 10. 
[30Aug2026 18:40:07.008] [Server thread/WARN] [net.minecraftforge.common.ForgeConfigSpec/CORE]: Incorrect key SpawnerSettings.spawner_loot_drop_interval was corrected from null to its default, 10. 
[30Aug2026 18:40:07.008] [Server thread/WARN] [net.minecraftforge.common.ForgeConfigSpec/CORE]: Incorrect key SpawnerSettings.spawner_default_base_mobs_per_wave was corrected from null to its default, 3. 
[30Aug2026 18:40:07.009] [Server thread/WARN] [net.minecraftforge.common.ForgeConfigSpec/CORE]: Incorrect key SpawnerSettings.spawner_default_base_total_mobs was corrected from null to its default, 6. 
[30Aug2026 18:40:07.010] [Server thread/WARN] [net.minecraftforge.common.ForgeConfigSpec/CORE]: Incorrect key SpawnerSettings.spawner_mobs_added_per_player was corrected from null to its default, 1. 
[30Aug2026 18:40:07.011] [Server thread/WARN] [net.minecraftforge.common.ForgeConfigSpec/CORE]: Incorrect key SpawnerSettings.spawner_total_added_per_player was corrected from null to its default, 2. 
[30Aug2026 18:40:07.012] [Server thread/WARN] [net.minecraftforge.common.ForgeConfigSpec/CORE]: Incorrect key SpawnerSettings.spawner_breeze_base_mobs_per_wave was corrected from null to its default, 1. 
[30Aug2026 18:40:07.013] [Server thread/WARN] [net.minecraftforge.common.ForgeConfigSpec/CORE]: Incorrect key SpawnerSettings.spawner_breeze_base_total_mobs was corrected from null to its default, 3. 
[30Aug2026 18:40:07.014] [Server thread/WARN] [net.minecraftforge.common.ForgeConfigSpec/CORE]: Incorrect key SpawnerSettings.breeze_spawner_mobs_added_per_player was corrected from null to its default, 1. 
[30Aug2026 18:40:07.014] [Server thread/WARN] [net.minecraftforge.common.ForgeConfigSpec/CORE]: Incorrect key SpawnerSettings.breeze_spawner_total_added_per_player was corrected from null to its default, 2. 
[30Aug2026 18:40:07.016] [Server thread/WARN] [net.minecraftforge.common.ForgeConfigSpec/CORE]: Incorrect key BossSpawnerSettings was corrected from null to its default, SimpleCommentedConfig:{}. 
[30Aug2026 18:40:07.016] [Server thread/WARN] [net.minecraftforge.common.ForgeConfigSpec/CORE]: Incorrect key BossSpawnerSettings.boss_spawner_spawn_delay was corrected from null to its default, 60. 
[30Aug2026 18:40:07.017] [Server thread/WARN] [net.minecraftforge.common.ForgeConfigSpec/CORE]: Incorrect key BossSpawnerSettings.boss_spawner_loot_drop_interval was corrected from null to its default, 10. 
[30Aug2026 18:40:07.018] [Server thread/WARN] [net.minecraftforge.common.ForgeConfigSpec/CORE]: Incorrect key BossSpawnerSettings.boss_spawner_base_boss_hp was corrected from null to its default, 200. 
[30Aug2026 18:40:07.019] [Server thread/WARN] [net.minecraftforge.common.ForgeConfigSpec/CORE]: Incorrect key BossSpawnerSettings.boss_spawner_hp_multiplier_per_player was corrected from null to its default, 1.5. 
[30Aug2026 18:40:07.019] [Server thread/WARN] [net.minecraftforge.common.ForgeConfigSpec/CORE]: Incorrect key BossSpawnerSettings.boss_spawner_max_cooldown_ticks was corrected from null to its default, 36000. 
[30Aug2026 18:40:07.025] [Server thread/WARN] [net.minecraftforge.common.ForgeConfigSpec/CORE]: Configuration file ./world/serverconfig/realseasons-server.toml is not correct. Correcting
[30Aug2026 18:40:07.026] [Server thread/WARN] [net.minecraftforge.common.ForgeConfigSpec/CORE]: Incorrect key season_duration was corrected from null to its default, 86400. 
[30Aug2026 18:40:07.029] [Server thread/WARN] [net.minecraftforge.common.ForgeConfigSpec/CORE]: Incorrect key start_midnight was corrected from null to its default, true. 
[30Aug2026 18:40:07.030] [Server thread/WARN] [net.minecraftforge.common.ForgeConfigSpec/CORE]: Incorrect key start_utc was corrected from null to its default, false. 
[30Aug2026 18:40:07.035] [Server thread/WARN] [net.minecraftforge.common.ForgeConfigSpec/CORE]: Configuration file ./world/serverconfig/create-server.toml is not correct. Correcting
[30Aug2026 18:40:07.037] [Server thread/WARN] [net.minecraftforge.common.ForgeConfigSpec/CORE]: Incorrect key infrastructure was corrected from null to its default, SimpleCommentedConfig:{}. 
[30Aug2026 18:40:07.038] [Server thread/WARN] [net.minecraftforge.common.ForgeConfigSpec/CORE]: Incorrect key infrastructure.tickrateSyncTimer was corrected from null to its default, 20. 
[30Aug2026 18:40:07.041] [Server thread/WARN] [net.minecraftforge.common.ForgeConfigSpec/CORE]: Incorrect key recipes was corrected from null to its default, SimpleCommentedConfig:{}. 
[30Aug2026 18:40:07.041] [Server thread/WARN] [net.minecraftforge.common.ForgeConfigSpec/CORE]: Incorrect key recipes.bulkPressing was corrected from null to its default, false. 
[30Aug2026 18:40:07.042] [Server thread/WARN] [net.minecraftforge.common.ForgeConfigSpec/CORE]: Incorrect key recipes.bulkCutting was corrected from null to its default, false. 
[30Aug2026 18:40:07.042] [Server thread/WARN] [net.minecraftforge.common.ForgeConfigSpec/CORE]: Incorrect key recipes.allowBrewingInMixer was corrected from null to its default, true. 
[30Aug2026 18:40:07.043] [Server thread/WARN] [net.minecraftforge.common.ForgeConfigSpec/CORE]: Incorrect key recipes.allowShapelessInMixer was corrected from null to its default, true. 
[30Aug2026 18:40:07.044] [Server thread/WARN] [net.minecraftforge.common.ForgeConfigSpec/CORE]: Incorrect key recipes.allowShapedSquareInPress was corrected from null to its default, true. 
[30Aug2026 18:40:07.045] [Server thread/WARN] [net.minecraftforge.common.ForgeConfigSpec/CORE]: Incorrect key recipes.allowRegularCraftingInCrafter was corrected from null to its default, true. 
[30Aug2026 18:40:07.045] [Server thread/WARN] [net.minecraftforge.common.ForgeConfigSpec/CORE]: Incorrect key recipes.maxFireworkIngredientsInCrafter was corrected from null to its default, 9. 
[30Aug2026 18:40:07.046] [Server thread/WARN] [net.minecraftforge.common.ForgeConfigSpec/CORE]: Incorrect key recipes.allowStonecuttingOnSaw was corrected from null to its default, true. 
[30Aug2026 18:40:07.047] [Server thread/WARN] [net.minecraftforge.common.ForgeConfigSpec/CORE]: Incorrect key recipes.allowCastingBySpout was corrected from null to its default, true. 
[30Aug2026 18:40:07.047] [Server thread/WARN] [net.minecraftforge.common.ForgeConfigSpec/CORE]: Incorrect key recipes.displayLogStrippingRecipes was corrected from null to its default, true. 
[30Aug2026 18:40:07.048] [Server thread/WARN] [net.minecraftforge.common.ForgeConfigSpec/CORE]: Incorrect key recipes.lightSourceCountForRefinedRadiance was corrected from null to its default, 10. 
[30Aug2026 18:40:07.049] [Server thread/WARN] [net.minecraftforge.common.ForgeConfigSpec/CORE]: Incorrect key recipes.enableRefinedRadianceRecipe was corrected from null to its default, true. 
[30Aug2026 18:40:07.049] [Server thread/WARN] [net.minecraftforge.common.ForgeConfigSpec/CORE]: Incorrect key recipes.enableShadowSteelRecipe was corrected from null to its default, true. 
[30Aug2026 18:40:07.054] [Server thread/WARN] [net.minecraftforge.common.ForgeConfigSpec/CORE]: Incorrect key kinetics was corrected from null to its default, SimpleCommentedConfig:{}. 
[30Aug2026 18:40:07.054] [Server thread/WARN] [net.minecraftforge.common.ForgeConfigSpec/CORE]: Incorrect key kinetics.disableStress was corrected from null to its default, false. 
[30Aug2026 18:40:07.055] [Server thread/WARN] [net.minecraftforge.common.ForgeConfigSpec/CORE]: Incorrect key kinetics.maxBeltLength was corrected from null to its default, 20. 
[30Aug2026 18:40:07.055] [Server thread/WARN] [net.minecraftforge.common.ForgeConfigSpec/CORE]: Incorrect key kinetics.maxChainConveyorLength was corrected from null to its default, 32. 
[30Aug2026 18:40:07.056] [Server thread/WARN] [net.minecraftforge.common.ForgeConfigSpec/CORE]: Incorrect key kinetics.maxChainConveyorConnections was corrected from null to its default, 4. 
[30Aug2026 18:40:07.056] [Server thread/WARN] [net.minecraftforge.common.ForgeConfigSpec/CORE]: Incorrect key kinetics.crushingDamage was corrected from null to its default, 4. 
[30Aug2026 18:40:07.058] [Server thread/WARN] [net.minecraftforge.common.ForgeConfigSpec/CORE]: Incorrect key kinetics.maxRotationSpeed was corrected from null to its default, 256. 
[30Aug2026 18:40:07.058] [Server thread/WARN] [net.minecraftforge.common.ForgeConfigSpec/CORE]: Incorrect key kinetics.ignoreDeployerAttacks was corrected from null to its default, CREEPERS. 
[30Aug2026 18:40:07.059] [Server thread/WARN] [net.minecraftforge.common.ForgeConfigSpec/CORE]: Incorrect key kinetics.kineticValidationFrequency was corrected from null to its default, 60. 
[30Aug2026 18:40:07.060] [Server thread/WARN] [net.minecraftforge.common.ForgeConfigSpec/CORE]: Incorrect key kinetics.crankHungerMultiplier was corrected from null to its default, 0.009999999776482582. 
[30Aug2026 18:40:07.060] [Server thread/WARN] [net.minecraftforge.common.ForgeConfigSpec/CORE]: Incorrect key kinetics.minimumWindmillSails was corrected from null to its default, 8. 
[30Aug2026 18:40:07.061] [Server thread/WARN] [net.minecraftforge.common.ForgeConfigSpec/CORE]: Incorrect key kinetics.windmillSailsPerRPM was corrected from null to its default, 8. 
[30Aug2026 18:40:07.062] [Server thread/WARN] [net.minecraftforge.common.ForgeConfigSpec/CORE]: Incorrect key kinetics.maxEjectorDistance was corrected from null to its default, 32. 
[30Aug2026 18:40:07.062] [Server thread/WARN] [net.minecraftforge.common.ForgeConfigSpec/CORE]: Incorrect key kinetics.ejectorScanInterval was corrected from null to its default, 120. 
[30Aug2026 18:40:07.063] [Server thread/WARN] [net.minecraftforge.common.ForgeConfigSpec/CORE]: Incorrect key kinetics.encasedFan was corrected from null to its default, SimpleCommentedConfig:{}. 
[30Aug2026 18:40:07.063] [Server thread/WARN] [net.minecraftforge.common.ForgeConfigSpec/CORE]: Incorrect key kinetics.encasedFan.fanPushDistance was corrected from null to its default, 20. 
[30Aug2026 18:40:07.063] [Server thread/WARN] [net.minecraftforge.common.ForgeConfigSpec/CORE]: Incorrect key kinetics.encasedFan.fanPullDistance was corrected from null to its default, 20. 
[30Aug2026 18:40:07.063] [Server thread/WARN] [net.minecraftforge.common.ForgeConfigSpec/CORE]: Incorrect key kinetics.encasedFan.fanBlockCheckRate was corrected from null to its default, 30. 
[30Aug2026 18:40:07.064] [Server thread/WARN] [net.minecraftforge.common.ForgeConfigSpec/CORE]: Incorrect key kinetics.encasedFan.fanRotationArgmax was corrected from null to its default, 256. 
[30Aug2026 18:40:07.065] [Server thread/WARN] [net.minecraftforge.common.ForgeConfigSpec/CORE]: Incorrect key kinetics.encasedFan.fanProcessingTime was corrected from null to its default, 150. 
[30Aug2026 18:40:07.066] [Server thread/WARN] [net.minecraftforge.common.ForgeConfigSpec/CORE]: Incorrect key kinetics.contraptions was corrected from null to its default, SimpleCommentedConfig:{}. 
[30Aug2026 18:40:07.067] [Server thread/WARN] [net.minecraftforge.common.ForgeConfigSpec/CORE]: Incorrect key kinetics.contraptions.maxBlocksMoved was corrected from null to its default, 2048. 
[30Aug2026 18:40:07.067] [Server thread/WARN] [net.minecraftforge.common.ForgeConfigSpec/CORE]: Incorrect key kinetics.contraptions.maxChassisRange was corrected from null to its default, 16. 
[30Aug2026 18:40:07.068] [Server thread/WARN] [net.minecraftforge.common.ForgeConfigSpec/CORE]: Incorrect key kinetics.contraptions.maxPistonPoles was corrected from null to its default, 64. 
[30Aug2026 18:40:07.068] [Server thread/WARN] [net.minecraftforge.common.ForgeConfigSpec/CORE]: Incorrect key kinetics.contraptions.maxRopeLength was corrected from null to its default, 384. 
[30Aug2026 18:40:07.068] [Server thread/WARN] [net.minecraftforge.common.ForgeConfigSpec/CORE]: Incorrect key kinetics.contraptions.maxCartCouplingLength was corrected from null to its default, 32. 
[30Aug2026 18:40:07.069] [Server thread/WARN] [net.minecraftforge.common.ForgeConfigSpec/CORE]: Incorrect key kinetics.contraptions.rollerFillDepth was corrected from null to its default, 12. 
[30Aug2026 18:40:07.069] [Server thread/WARN] [net.minecraftforge.common.ForgeConfigSpec/CORE]: Incorrect key kinetics.contraptions.survivalContraptionPickup was corrected from null to its default, true. 
[30Aug2026 18:40:07.071] [Server thread/WARN] [net.minecraftforge.common.ForgeConfigSpec/CORE]: Incorrect key kinetics.contraptions.movableSpawners was corrected from null to its default, NO_PICKUP. 
[30Aug2026 18:40:07.072] [Server thread/WARN] [net.minecraftforge.common.ForgeConfigSpec/CORE]: Incorrect key kinetics.contraptions.amethystMovement was corrected from null to its default, NO_PICKUP. 
[30Aug2026 18:40:07.074] [Server thread/WARN] [net.minecraftforge.common.ForgeConfigSpec/CORE]: Incorrect key kinetics.contraptions.movableObsidian was corrected from null to its default, UNMOVABLE. 
[30Aug2026 18:40:07.075] [Server thread/WARN] [net.minecraftforge.common.ForgeConfigSpec/CORE]: Incorrect key kinetics.contraptions.movableReinforcedDeepslate was corrected from null to its default, UNMOVABLE. 
[30Aug2026 18:40:07.075] [Server thread/WARN] [net.minecraftforge.common.ForgeConfigSpec/CORE]: Incorrect key kinetics.contraptions.moveItemsToStorage was corrected from null to its default, true. 
[30Aug2026 18:40:07.076] [Server thread/WARN] [net.minecraftforge.common.ForgeConfigSpec/CORE]: Incorrect key kinetics.contraptions.harvestPartiallyGrown was corrected from null to its default, false. 
[30Aug2026 18:40:07.077] [Server thread/WARN] [net.minecraftforge.common.ForgeConfigSpec/CORE]: Incorrect key kinetics.contraptions.harvesterReplants was corrected from null to its default, true. 
[30Aug2026 18:40:07.077] [Server thread/WARN] [net.minecraftforge.common.ForgeConfigSpec/CORE]: Incorrect key kinetics.contraptions.minecartContraptionInContainers was corrected from null to its default, false. 
[30Aug2026 18:40:07.078] [Server thread/WARN] [net.minecraftforge.common.ForgeConfigSpec/CORE]: Incorrect key kinetics.contraptions.stabiliseStableContraptions was corrected from null to its default, false. 
[30Aug2026 18:40:07.078] [Server thread/WARN] [net.minecraftforge.common.ForgeConfigSpec/CORE]: Incorrect key kinetics.contraptions.syncPlayerPickupHitboxWithContraptionHitbox was corrected from null to its default, false. 
[30Aug2026 18:40:07.078] [Server thread/WARN] [net.minecraftforge.common.ForgeConfigSpec/CORE]: Incorrect key kinetics.contraptions.noDropWhenContraptionReplaceBlocks was corrected from null to its default, false. 
[30Aug2026 18:40:07.078] [Server thread/WARN] [net.minecraftforge.common.ForgeConfigSpec/CORE]: Incorrect key kinetics.stats was corrected from null to its default, SimpleCommentedConfig:{}. 
[30Aug2026 18:40:07.079] [Server thread/WARN] [net.minecraftforge.common.ForgeConfigSpec/CORE]: Incorrect key kinetics.stats.mediumSpeed was corrected from null to its default, 30.0. 
[30Aug2026 18:40:07.080] [Server thread/WARN] [net.minecraftforge.common.ForgeConfigSpec/CORE]: Incorrect key kinetics.stats.fastSpeed was corrected from null to its default, 100.0. 
[30Aug2026 18:40:07.080] [Server thread/WARN] [net.minecraftforge.common.ForgeConfigSpec/CORE]: Incorrect key kinetics.stats.mediumStressImpact was corrected from null to its default, 4.0. 
[30Aug2026 18:40:07.081] [Server thread/WARN] [net.minecraftforge.common.ForgeConfigSpec/CORE]: Incorrect key kinetics.stats.highStressImpact was corrected from null to its default, 8.0. 
[30Aug2026 18:40:07.082] [Server thread/WARN] [net.minecraftforge.common.ForgeConfigSpec/CORE]: Incorrect key kinetics.stats.mediumCapacity was corrected from null to its default, 256.0. 
[30Aug2026 18:40:07.083] [Server thread/WARN] [net.minecraftforge.common.ForgeConfigSpec/CORE]: Incorrect key kinetics.stats.highCapacity was corrected from null to its default, 1024.0. 
[30Aug2026 18:40:07.084] [Server thread/WARN] [net.minecraftforge.common.ForgeConfigSpec/CORE]: Incorrect key kinetics.stressValues was corrected from null to its default, SimpleCommentedConfig:{}. 
[30Aug2026 18:40:07.085] [Server thread/WARN] [net.minecraftforge.common.ForgeConfigSpec/CORE]: Incorrect key kinetics.stressValues.v2 was corrected from null to its default, SimpleCommentedConfig:{}. 
[30Aug2026 18:40:07.085] [Server thread/WARN] [net.minecraftforge.common.ForgeConfigSpec/CORE]: Incorrect key kinetics.stressValues.v2.impact was corrected from null to its default, SimpleCommentedConfig:{}. 
[30Aug2026 18:40:07.086] [Server thread/WARN] [net.minecraftforge.common.ForgeConfigSpec/CORE]: Incorrect key kinetics.stressValues.v2.impact.brass_encased_shaft was corrected from null to its default, 0.0. 
[30Aug2026 18:40:07.087] [Server thread/WARN] [net.minecraftforge.common.ForgeConfigSpec/CORE]: Incorrect key kinetics.stressValues.v2.impact.turntable was corrected from null to its default, 4.0. 
[30Aug2026 18:40:07.087] [Server thread/WARN] [net.minecraftforge.common.ForgeConfigSpec/CORE]: Incorrect key kinetics.stressValues.v2.impact.clutch was corrected from null to its default, 0.0. 
[30Aug2026 18:40:07.087] [Server thread/WARN] [net.minecraftforge.common.ForgeConfigSpec/CORE]: Incorrect key kinetics.stressValues.v2.impact.mechanical_mixer was corrected from null to its default, 4.0. 
[30Aug2026 18:40:07.088] [Server thread/WARN] [net.minecraftforge.common.ForgeConfigSpec/CORE]: Incorrect key kinetics.stressValues.v2.impact.gearbox was corrected from null to its default, 0.0. 
[30Aug2026 18:40:07.088] [Server thread/WARN] [net.minecraftforge.common.ForgeConfigSpec/CORE]: Incorrect key kinetics.stressValues.v2.impact.mechanical_bearing was corrected from null to its default, 4.0. 
[30Aug2026 18:40:07.089] [Server thread/WARN] [net.minecraftforge.common.ForgeConfigSpec/CORE]: Incorrect key kinetics.stressValues.v2.impact.copper_backtank was corrected from null to its default, 4.0. 
[30Aug2026 18:40:07.090] [Server thread/WARN] [net.minecraftforge.common.ForgeConfigSpec/CORE]: Incorrect key kinetics.stressValues.v2.impact.hose_pulley was corrected from null to its default, 4.0. 
[30Aug2026 18:40:07.090] [Server thread/WARN] [net.minecraftforge.common.ForgeConfigSpec/CORE]: Incorrect key kinetics.stressValues.v2.impact.display_board was corrected from null to its default, 0.0. 
[30Aug2026 18:40:07.091] [Server thread/WARN] [net.minecraftforge.common.ForgeConfigSpec/CORE]: Incorrect key kinetics.stressValues.v2.impact.crushing_wheel was corrected from null to its default, 8.0. 
[30Aug2026 18:40:07.091] [Server thread/WARN] [net.minecraftforge.common.ForgeConfigSpec/CORE]: Incorrect key kinetics.stressValues.v2.impact.adjustable_chain_gearshift was corrected from null to its default, 0.0. 
[30Aug2026 18:40:07.092] [Server thread/WARN] [net.minecraftforge.common.ForgeConfigSpec/CORE]: Incorrect key kinetics.stressValues.v2.impact.millstone was corrected from null to its default, 4.0. 
[30Aug2026 18:40:07.092] [Server thread/WARN] [net.minecraftforge.common.ForgeConfigSpec/CORE]: Incorrect key kinetics.stressValues.v2.impact.rotation_speed_controller was corrected from null to its default, 0.0. 
[30Aug2026 18:40:07.093] [Server thread/WARN] [net.minecraftforge.common.ForgeConfigSpec/CORE]: Incorrect key kinetics.stressValues.v2.impact.sticky_mechanical_piston was corrected from null to its default, 4.0. 
[30Aug2026 18:40:07.093] [Server thread/WARN] [net.minecraftforge.common.ForgeConfigSpec/CORE]: Incorrect key kinetics.stressValues.v2.impact.mechanical_crafter was corrected from null to its default, 2.0. 
[30Aug2026 18:40:07.093] [Server thread/WARN] [net.minecraftforge.common.ForgeConfigSpec/CORE]: Incorrect key kinetics.stressValues.v2.impact.deployer was corrected from null to its default, 4.0. 
[30Aug2026 18:40:07.093] [Server thread/WARN] [net.minecraftforge.common.ForgeConfigSpec/CORE]: Incorrect key kinetics.stressValues.v2.impact.elevator_pulley was corrected from null to its default, 4.0. 
[30Aug2026 18:40:07.094] [Server thread/WARN] [net.minecraftforge.common.ForgeConfigSpec/CORE]: Incorrect key kinetics.stressValues.v2.impact.stressometer was corrected from null to its default, 0.0. 
[30Aug2026 18:40:07.094] [Server thread/WARN] [net.minecraftforge.common.ForgeConfigSpec/CORE]: Incorrect key kinetics.stressValues.v2.impact.cogwheel was corrected from null to its default, 0.0. 
[30Aug2026 18:40:07.094] [Server thread/WARN] [net.minecraftforge.common.ForgeConfigSpec/CORE]: Incorrect key kinetics.stressValues.v2.impact.encased_chain_drive was corrected from null to its default, 0.0. 
[30Aug2026 18:40:07.094] [Server thread/WARN] [net.minecraftforge.common.ForgeConfigSpec/CORE]: Incorrect key kinetics.stressValues.v2.impact.belt was corrected from null to its default, 0.0. 
[30Aug2026 18:40:07.094] [Server thread/WARN] [net.minecraftforge.common.ForgeConfigSpec/CORE]: Incorrect key kinetics.stressValues.v2.impact.brass_encased_large_cogwheel was corrected from null to its default, 0.0. 
[30Aug2026 18:40:07.096] [Server thread/WARN] [net.minecraftforge.common.ForgeConfigSpec/CORE]: Incorrect key kinetics.stressValues.v2.impact.weighted_ejector was corrected from null to its default, 2.0. 
[30Aug2026 18:40:07.097] [Server thread/WARN] [net.minecraftforge.common.ForgeConfigSpec/CORE]: Incorrect key kinetics.stressValues.v2.impact.chain_conveyor was corrected from null to its default, 1.0. 
[30Aug2026 18:40:07.098] [Server thread/WARN] [net.minecraftforge.common.ForgeConfigSpec/CORE]: Incorrect key kinetics.stressValues.v2.impact.mechanical_saw was corrected from null to its default, 4.0. 
[30Aug2026 18:40:07.098] [Server thread/WARN] [net.minecraftforge.common.ForgeConfigSpec/CORE]: Incorrect key kinetics.stressValues.v2.impact.flywheel was corrected from null to its default, 0.0. 
[30Aug2026 18:40:07.098] [Server thread/WARN] [net.minecraftforge.common.ForgeConfigSpec/CORE]: Incorrect key kinetics.stressValues.v2.impact.mechanical_piston was corrected from null to its default, 4.0. 
[30Aug2026 18:40:07.099] [Server thread/WARN] [net.minecraftforge.common.ForgeConfigSpec/CORE]: Incorrect key kinetics.stressValues.v2.impact.speedometer was corrected from null to its default, 0.0. 
[30Aug2026 18:40:07.099] [Server thread/WARN] [net.minecraftforge.common.ForgeConfigSpec/CORE]: Incorrect key kinetics.stressValues.v2.impact.brass_encased_cogwheel was corrected from null to its default, 0.0. 
[30Aug2026 18:40:07.099] [Server thread/WARN] [net.minecraftforge.common.ForgeConfigSpec/CORE]: Incorrect key kinetics.stressValues.v2.impact.clockwork_bearing was corrected from null to its default, 4.0. 
[30Aug2026 18:40:07.099] [Server thread/WARN] [net.minecraftforge.common.ForgeConfigSpec/CORE]: Incorrect key kinetics.stressValues.v2.impact.mechanical_press was corrected from null to its default, 8.0. 
[30Aug2026 18:40:07.099] [Server thread/WARN] [net.minecraftforge.common.ForgeConfigSpec/CORE]: Incorrect key kinetics.stressValues.v2.impact.mechanical_drill was corrected from null to its default, 4.0. 
[30Aug2026 18:40:07.099] [Server thread/WARN] [net.minecraftforge.common.ForgeConfigSpec/CORE]: Incorrect key kinetics.stressValues.v2.impact.andesite_encased_shaft was corrected from null to its default, 0.0. 
[30Aug2026 18:40:07.101] [Server thread/WARN] [net.minecraftforge.common.ForgeConfigSpec/CORE]: Incorrect key kinetics.stressValues.v2.impact.netherite_backtank was corrected from null to its default, 4.0. 
[30Aug2026 18:40:07.102] [Server thread/WARN] [net.minecraftforge.common.ForgeConfigSpec/CORE]: Incorrect key kinetics.stressValues.v2.impact.mechanical_arm was corrected from null to its default, 2.0. 
[30Aug2026 18:40:07.102] [Server thread/WARN] [net.minecraftforge.common.ForgeConfigSpec/CORE]: Incorrect key kinetics.stressValues.v2.impact.sequenced_gearshift was corrected from null to its default, 0.0. 
[30Aug2026 18:40:07.102] [Server thread/WARN] [net.minecraftforge.common.ForgeConfigSpec/CORE]: Incorrect key kinetics.stressValues.v2.impact.andesite_encased_large_cogwheel was corrected from null to its default, 0.0. 
[30Aug2026 18:40:07.102] [Server thread/WARN] [net.minecraftforge.common.ForgeConfigSpec/CORE]: Incorrect key kinetics.stressValues.v2.impact.shaft was corrected from null to its default, 0.0. 
[30Aug2026 18:40:07.103] [Server thread/WARN] [net.minecraftforge.common.ForgeConfigSpec/CORE]: Incorrect key kinetics.stressValues.v2.impact.cuckoo_clock was corrected from null to its default, 1.0. 
[30Aug2026 18:40:07.104] [Server thread/WARN] [net.minecraftforge.common.ForgeConfigSpec/CORE]: Incorrect key kinetics.stressValues.v2.impact.gearshift was corrected from null to its default, 0.0. 
[30Aug2026 18:40:07.105] [Server thread/WARN] [net.minecraftforge.common.ForgeConfigSpec/CORE]: Incorrect key kinetics.stressValues.v2.impact.rope_pulley was corrected from null to its default, 4.0. 
[30Aug2026 18:40:07.105] [Server thread/WARN] [net.minecraftforge.common.ForgeConfigSpec/CORE]: Incorrect key kinetics.stressValues.v2.impact.andesite_encased_cogwheel was corrected from null to its default, 0.0. 
[30Aug2026 18:40:07.107] [Server thread/WARN] [net.minecraftforge.common.ForgeConfigSpec/CORE]: Incorrect key kinetics.stressValues.v2.impact.large_cogwheel was corrected from null to its default, 0.0. 
[30Aug2026 18:40:07.107] [Server thread/WARN] [net.minecraftforge.common.ForgeConfigSpec/CORE]: Incorrect key kinetics.stressValues.v2.impact.encased_fan was corrected from null to its default, 2.0. 
[30Aug2026 18:40:07.108] [Server thread/WARN] [net.minecraftforge.common.ForgeConfigSpec/CORE]: Incorrect key kinetics.stressValues.v2.impact.mysterious_cuckoo_clock was corrected from null to its default, 1.0. 
[30Aug2026 18:40:07.108] [Server thread/WARN] [net.minecraftforge.common.ForgeConfigSpec/CORE]: Incorrect key kinetics.stressValues.v2.impact.gantry_shaft was corrected from null to its default, 0.0. 
[30Aug2026 18:40:07.110] [Server thread/WARN] [net.minecraftforge.common.ForgeConfigSpec/CORE]: Incorrect key kinetics.stressValues.v2.impact.mechanical_pump was corrected from null to its default, 4.0. 
[30Aug2026 18:40:07.111] [Server thread/WARN] [net.minecraftforge.common.ForgeConfigSpec/CORE]: Incorrect key kinetics.stressValues.v2.capacity was corrected from null to its default, SimpleCommentedConfig:{}. 
[30Aug2026 18:40:07.112] [Server thread/WARN] [net.minecraftforge.common.ForgeConfigSpec/CORE]: Incorrect key kinetics.stressValues.v2.capacity.steam_engine was corrected from null to its default, 1024.0. 
[30Aug2026 18:40:07.112] [Server thread/WARN] [net.minecraftforge.common.ForgeConfigSpec/CORE]: Incorrect key kinetics.stressValues.v2.capacity.water_wheel was corrected from null to its default, 32.0. 
[30Aug2026 18:40:07.113] [Server thread/WARN] [net.minecraftforge.common.ForgeConfigSpec/CORE]: Incorrect key kinetics.stressValues.v2.capacity.copper_valve_handle was corrected from null to its default, 8.0. 
[30Aug2026 18:40:07.113] [Server thread/WARN] [net.minecraftforge.common.ForgeConfigSpec/CORE]: Incorrect key kinetics.stressValues.v2.capacity.hand_crank was corrected from null to its default, 8.0. 
[30Aug2026 18:40:07.114] [Server thread/WARN] [net.minecraftforge.common.ForgeConfigSpec/CORE]: Incorrect key kinetics.stressValues.v2.capacity.creative_motor was corrected from null to its default, 16384.0. 
[30Aug2026 18:40:07.114] [Server thread/WARN] [net.minecraftforge.common.ForgeConfigSpec/CORE]: Incorrect key kinetics.stressValues.v2.capacity.large_water_wheel was corrected from null to its default, 128.0. 
[30Aug2026 18:40:07.114] [Server thread/WARN] [net.minecraftforge.common.ForgeConfigSpec/CORE]: Incorrect key kinetics.stressValues.v2.capacity.windmill_bearing was corrected from null to its default, 512.0. 
[30Aug2026 18:40:07.118] [Server thread/WARN] [net.minecraftforge.common.ForgeConfigSpec/CORE]: Incorrect key fluids was corrected from null to its default, SimpleCommentedConfig:{}. 
[30Aug2026 18:40:07.118] [Server thread/WARN] [net.minecraftforge.common.ForgeConfigSpec/CORE]: Incorrect key fluids.fluidTankCapacity was corrected from null to its default, 8. 
[30Aug2026 18:40:07.119] [Server thread/WARN] [net.minecraftforge.common.ForgeConfigSpec/CORE]: Incorrect key fluids.fluidTankMaxHeight was corrected from null to its default, 32. 
[30Aug2026 18:40:07.119] [Server thread/WARN] [net.minecraftforge.common.ForgeConfigSpec/CORE]: Incorrect key fluids.mechanicalPumpRange was corrected from null to its default, 16. 
[30Aug2026 18:40:07.120] [Server thread/WARN] [net.minecraftforge.common.ForgeConfigSpec/CORE]: Incorrect key fluids.hosePulleyRange was corrected from null to its default, 128. 
[30Aug2026 18:40:07.120] [Server thread/WARN] [net.minecraftforge.common.ForgeConfigSpec/CORE]: Incorrect key fluids.hosePulleyBlockThreshold was corrected from null to its default, 10000. 
[30Aug2026 18:40:07.121] [Server thread/WARN] [net.minecraftforge.common.ForgeConfigSpec/CORE]: Incorrect key fluids.fillInfinite was corrected from null to its default, false. 
[30Aug2026 18:40:07.121] [Server thread/WARN] [net.minecraftforge.common.ForgeConfigSpec/CORE]: Incorrect key fluids.bottomlessFluidMode was corrected from null to its default, ALLOW_BY_TAG. 
[30Aug2026 18:40:07.122] [Server thread/WARN] [net.minecraftforge.common.ForgeConfigSpec/CORE]: Incorrect key fluids.fluidFillPlaceFluidSourceBlocks was corrected from null to its default, true. 
[30Aug2026 18:40:07.122] [Server thread/WARN] [net.minecraftforge.common.ForgeConfigSpec/CORE]: Incorrect key fluids.pipesPlaceFluidSourceBlocks was corrected from null to its default, true. 
[30Aug2026 18:40:07.126] [Server thread/WARN] [net.minecraftforge.common.ForgeConfigSpec/CORE]: Incorrect key logistics was corrected from null to its default, SimpleCommentedConfig:{}. 
[30Aug2026 18:40:07.127] [Server thread/WARN] [net.minecraftforge.common.ForgeConfigSpec/CORE]: Incorrect key logistics.defaultExtractionTimer was corrected from null to its default, 8. 
[30Aug2026 18:40:07.128] [Server thread/WARN] [net.minecraftforge.common.ForgeConfigSpec/CORE]: Incorrect key logistics.psiTimeout was corrected from null to its default, 60. 
[30Aug2026 18:40:07.128] [Server thread/WARN] [net.minecraftforge.common.ForgeConfigSpec/CORE]: Incorrect key logistics.mechanicalArmRange was corrected from null to its default, 5. 
[30Aug2026 18:40:07.128] [Server thread/WARN] [net.minecraftforge.common.ForgeConfigSpec/CORE]: Incorrect key logistics.packagePortRange was corrected from null to its default, 5. 
[30Aug2026 18:40:07.129] [Server thread/WARN] [net.minecraftforge.common.ForgeConfigSpec/CORE]: Incorrect key logistics.linkRange was corrected from null to its default, 256. 
[30Aug2026 18:40:07.129] [Server thread/WARN] [net.minecraftforge.common.ForgeConfigSpec/CORE]: Incorrect key logistics.displayLinkRange was corrected from null to its default, 64. 
[30Aug2026 18:40:07.130] [Server thread/WARN] [net.minecraftforge.common.ForgeConfigSpec/CORE]: Incorrect key logistics.vaultCapacity was corrected from null to its default, 20. 
[30Aug2026 18:40:07.131] [Server thread/WARN] [net.minecraftforge.common.ForgeConfigSpec/CORE]: Incorrect key logistics.chainConveyorCapacity was corrected from null to its default, 20. 
[30Aug2026 18:40:07.131] [Server thread/WARN] [net.minecraftforge.common.ForgeConfigSpec/CORE]: Incorrect key logistics.brassTunnelTimer was corrected from null to its default, 10. 
[30Aug2026 18:40:07.131] [Server thread/WARN] [net.minecraftforge.common.ForgeConfigSpec/CORE]: Incorrect key logistics.factoryGaugeTimer was corrected from null to its default, 100. 
[30Aug2026 18:40:07.133] [Server thread/WARN] [net.minecraftforge.common.ForgeConfigSpec/CORE]: Incorrect key logistics.seatHostileMobs was corrected from null to its default, true. 
[30Aug2026 18:40:07.138] [Server thread/WARN] [net.minecraftforge.common.ForgeConfigSpec/CORE]: Incorrect key schematics was corrected from null to its default, SimpleCommentedConfig:{}. 
[30Aug2026 18:40:07.139] [Server thread/WARN] [net.minecraftforge.common.ForgeConfigSpec/CORE]: Incorrect key schematics.creativePrintIncludesAir was corrected from null to its default, false. 
[30Aug2026 18:40:07.140] [Server thread/WARN] [net.minecraftforge.common.ForgeConfigSpec/CORE]: Incorrect key schematics.maxSchematics was corrected from null to its default, 10. 
[30Aug2026 18:40:07.141] [Server thread/WARN] [net.minecraftforge.common.ForgeConfigSpec/CORE]: Incorrect key schematics.maxTotalSchematicSize was corrected from null to its default, 256. 
[30Aug2026 18:40:07.141] [Server thread/WARN] [net.minecraftforge.common.ForgeConfigSpec/CORE]: Incorrect key schematics.maxSchematicPacketSize was corrected from null to its default, 1024. 
[30Aug2026 18:40:07.141] [Server thread/WARN] [net.minecraftforge.common.ForgeConfigSpec/CORE]: Incorrect key schematics.schematicIdleTimeout was corrected from null to its default, 600. 
[30Aug2026 18:40:07.141] [Server thread/WARN] [net.minecraftforge.common.ForgeConfigSpec/CORE]: Incorrect key schematics.schematicannon was corrected from null to its default, SimpleCommentedConfig:{}. 
[30Aug2026 18:40:07.141] [Server thread/WARN] [net.minecraftforge.common.ForgeConfigSpec/CORE]: Incorrect key schematics.schematicannon.schematicannonDelay was corrected from null to its default, 10. 
[30Aug2026 18:40:07.142] [Server thread/WARN] [net.minecraftforge.common.ForgeConfigSpec/CORE]: Incorrect key schematics.schematicannon.schematicannonShotsPerGunpowder was corrected from null to its default, 400. 
[30Aug2026 18:40:07.146] [Server thread/WARN] [net.minecraftforge.common.ForgeConfigSpec/CORE]: Incorrect key equipment was corrected from null to its default, SimpleCommentedConfig:{}. 
[30Aug2026 18:40:07.146] [Server thread/WARN] [net.minecraftforge.common.ForgeConfigSpec/CORE]: Incorrect key equipment.maxSymmetryWandRange was corrected from null to its default, 50. 
[30Aug2026 18:40:07.147] [Server thread/WARN] [net.minecraftforge.common.ForgeConfigSpec/CORE]: Incorrect key equipment.placementAssistRange was corrected from null to its default, 12. 
[30Aug2026 18:40:07.147] [Server thread/WARN] [net.minecraftforge.common.ForgeConfigSpec/CORE]: Incorrect key equipment.toolboxRange was corrected from null to its default, 10. 
[30Aug2026 18:40:07.147] [Server thread/WARN] [net.minecraftforge.common.ForgeConfigSpec/CORE]: Incorrect key equipment.airInBacktank was corrected from null to its default, 900. 
[30Aug2026 18:40:07.148] [Server thread/WARN] [net.minecraftforge.common.ForgeConfigSpec/CORE]: Incorrect key equipment.enchantedBacktankCapacity was corrected from null to its default, 300. 
[30Aug2026 18:40:07.148] [Server thread/WARN] [net.minecraftforge.common.ForgeConfigSpec/CORE]: Incorrect key equipment.maxExtendoGripActions was corrected from null to its default, 1000. 
[30Aug2026 18:40:07.148] [Server thread/WARN] [net.minecraftforge.common.ForgeConfigSpec/CORE]: Incorrect key equipment.maxPotatoCannonShots was corrected from null to its default, 200. 
[30Aug2026 18:40:07.155] [Server thread/WARN] [net.minecraftforge.common.ForgeConfigSpec/CORE]: Incorrect key trains was corrected from null to its default, SimpleCommentedConfig:{}. 
[30Aug2026 18:40:07.156] [Server thread/WARN] [net.minecraftforge.common.ForgeConfigSpec/CORE]: Incorrect key trains.trainsCauseDamage was corrected from null to its default, true. 
[30Aug2026 18:40:07.158] [Server thread/WARN] [net.minecraftforge.common.ForgeConfigSpec/CORE]: Incorrect key trains.maxTrackPlacementLength was corrected from null to its default, 32. 
[30Aug2026 18:40:07.159] [Server thread/WARN] [net.minecraftforge.common.ForgeConfigSpec/CORE]: Incorrect key trains.maxAssemblyLength was corrected from null to its default, 128. 
[30Aug2026 18:40:07.159] [Server thread/WARN] [net.minecraftforge.common.ForgeConfigSpec/CORE]: Incorrect key trains.maxBogeyCount was corrected from null to its default, 20. 
[30Aug2026 18:40:07.159] [Server thread/WARN] [net.minecraftforge.common.ForgeConfigSpec/CORE]: Incorrect key trains.manualTrainSpeedModifier was corrected from null to its default, 0.75. 
[30Aug2026 18:40:07.160] [Server thread/WARN] [net.minecraftforge.common.ForgeConfigSpec/CORE]: Incorrect key trains.trainStats was corrected from null to its default, SimpleCommentedConfig:{}. 
[30Aug2026 18:40:07.161] [Server thread/WARN] [net.minecraftforge.common.ForgeConfigSpec/CORE]: Incorrect key trains.trainStats.trainTopSpeed was corrected from null to its default, 28.0. 
[30Aug2026 18:40:07.162] [Server thread/WARN] [net.minecraftforge.common.ForgeConfigSpec/CORE]: Incorrect key trains.trainStats.trainTurningTopSpeed was corrected from null to its default, 14.0. 
[30Aug2026 18:40:07.162] [Server thread/WARN] [net.minecraftforge.common.ForgeConfigSpec/CORE]: Incorrect key trains.trainStats.trainAcceleration was corrected from null to its default, 3.0. 
[30Aug2026 18:40:07.163] [Server thread/WARN] [net.minecraftforge.common.ForgeConfigSpec/CORE]: Incorrect key trains.poweredTrainStats was corrected from null to its default, SimpleCommentedConfig:{}. 
[30Aug2026 18:40:07.163] [Server thread/WARN] [net.minecraftforge.common.ForgeConfigSpec/CORE]: Incorrect key trains.poweredTrainStats.poweredTrainTopSpeed was corrected from null to its default, 40.0. 
[30Aug2026 18:40:07.164] [Server thread/WARN] [net.minecraftforge.common.ForgeConfigSpec/CORE]: Incorrect key trains.poweredTrainStats.poweredTrainTurningTopSpeed was corrected from null to its default, 20.0. 
[30Aug2026 18:40:07.164] [Server thread/WARN] [net.minecraftforge.common.ForgeConfigSpec/CORE]: Incorrect key trains.poweredTrainStats.poweredTrainAcceleration was corrected from null to its default, 3.0. 
[30Aug2026 18:40:07.170] [Server thread/WARN] [net.minecraftforge.common.ForgeConfigSpec/CORE]: Configuration file ./world/serverconfig/weaponthrow-server.toml is not correct. Correcting
[30Aug2026 18:40:07.171] [Server thread/WARN] [net.minecraftforge.common.ForgeConfigSpec/CORE]: Incorrect key general was corrected from null to its default, SimpleCommentedConfig:{}. 
[30Aug2026 18:40:07.171] [Server thread/WARN] [net.minecraftforge.common.ForgeConfigSpec/CORE]: Incorrect key general.Enable Custom Values was corrected from null to its default, true. 
[30Aug2026 18:40:07.172] [Server thread/WARN] [net.minecraftforge.common.ForgeConfigSpec/CORE]: Incorrect key general.Not Throw If Cooldown was corrected from null to its default, false. 
[30Aug2026 18:40:07.172] [Server thread/WARN] [net.minecraftforge.common.ForgeConfigSpec/CORE]: Incorrect key general.No Roll Items was corrected from null to its default, [minecraft:trident{Damage:0}]. 
[30Aug2026 18:40:07.172] [Server thread/WARN] [net.minecraftforge.common.ForgeConfigSpec/CORE]: Incorrect key general.Default Roll Angle was corrected from null to its default, 90.0. 
[30Aug2026 18:40:07.173] [Server thread/WARN] [net.minecraftforge.common.ForgeConfigSpec/CORE]: Incorrect key default was corrected from null to its default, SimpleCommentedConfig:{}. 
[30Aug2026 18:40:07.175] [Server thread/WARN] [net.minecraftforge.common.ForgeConfigSpec/CORE]: Incorrect key default.Default Base Damage was corrected from null to its default, 1.0. 
[30Aug2026 18:40:07.175] [Server thread/WARN] [net.minecraftforge.common.ForgeConfigSpec/CORE]: Incorrect key default.Default Base Velocity was corrected from null to its default, 2.0. 
[30Aug2026 18:40:07.177] [Server thread/WARN] [net.minecraftforge.common.ForgeConfigSpec/CORE]: Incorrect key enchantments was corrected from null to its default, SimpleCommentedConfig:{}. 
[30Aug2026 18:40:07.178] [Server thread/WARN] [net.minecraftforge.common.ForgeConfigSpec/CORE]: Incorrect key enchantments.Enchant All was corrected from null to its default, false. 
[30Aug2026 18:40:07.178] [Server thread/WARN] [net.minecraftforge.common.ForgeConfigSpec/CORE]: Incorrect key enchantments.Enable Throw Enchantment was corrected from null to its default, true. 
[30Aug2026 18:40:07.178] [Server thread/WARN] [net.minecraftforge.common.ForgeConfigSpec/CORE]: Incorrect key enchantments.Enable Conccusion Enchantment was corrected from null to its default, true. 
[30Aug2026 18:40:07.179] [Server thread/WARN] [net.minecraftforge.common.ForgeConfigSpec/CORE]: Incorrect key enchantments.Enable Grounded Edge Enchantment was corrected from null to its default, true. 
[30Aug2026 18:40:07.179] [Server thread/WARN] [net.minecraftforge.common.ForgeConfigSpec/CORE]: Incorrect key enchantments.Enable Gravity Enchantment was corrected from null to its default, true. 
[30Aug2026 18:40:07.180] [Server thread/WARN] [net.minecraftforge.common.ForgeConfigSpec/CORE]: Incorrect key enchantments.Gravity Drop was corrected from null to its default, false. 
[30Aug2026 18:40:07.180] [Server thread/WARN] [net.minecraftforge.common.ForgeConfigSpec/CORE]: Incorrect key enchantments.Enable Return Enchantment was corrected from null to its default, true. 
[30Aug2026 18:40:07.181] [Server thread/WARN] [net.minecraftforge.common.ForgeConfigSpec/CORE]: Incorrect key experimental was corrected from null to its default, SimpleCommentedConfig:{}. 
[30Aug2026 18:40:07.181] [Server thread/WARN] [net.minecraftforge.common.ForgeConfigSpec/CORE]: Incorrect key experimental.Throw all items was corrected from null to its default, false. 
[30Aug2026 18:40:07.184] [Server thread/WARN] [net.minecraftforge.common.ForgeConfigSpec/CORE]: Incorrect key interactions was corrected from null to its default, SimpleCommentedConfig:{}. 
[30Aug2026 18:40:07.184] [Server thread/WARN] [net.minecraftforge.common.ForgeConfigSpec/CORE]: Incorrect key interactions.Break Blocks was corrected from null to its default, true. 
[30Aug2026 18:40:07.184] [Server thread/WARN] [net.minecraftforge.common.ForgeConfigSpec/CORE]: Incorrect key multipliers was corrected from null to its default, SimpleCommentedConfig:{}. 
[30Aug2026 18:40:07.185] [Server thread/WARN] [net.minecraftforge.common.ForgeConfigSpec/CORE]: Incorrect key multipliers.tools was corrected from null to its default, SimpleCommentedConfig:{}. 
[30Aug2026 18:40:07.185] [Server thread/WARN] [net.minecraftforge.common.ForgeConfigSpec/CORE]: Incorrect key multipliers.tools.Pickaxe Multiplier was corrected from null to its default, 0.8. 
[30Aug2026 18:40:07.186] [Server thread/WARN] [net.minecraftforge.common.ForgeConfigSpec/CORE]: Incorrect key multipliers.tools.Axe Multiplier was corrected from null to its default, 1.2. 
[30Aug2026 18:40:07.186] [Server thread/WARN] [net.minecraftforge.common.ForgeConfigSpec/CORE]: Incorrect key multipliers.tools.Sword Multiplier was corrected from null to its default, 1.0. 
[30Aug2026 18:40:07.186] [Server thread/WARN] [net.minecraftforge.common.ForgeConfigSpec/CORE]: Incorrect key multipliers.tools.Hoe Multiplier was corrected from null to its default, 1.3. 
[30Aug2026 18:40:07.187] [Server thread/WARN] [net.minecraftforge.common.ForgeConfigSpec/CORE]: Incorrect key multipliers.tools.Shovel Multiplier was corrected from null to its default, 0.9. 
[30Aug2026 18:40:07.187] [Server thread/WARN] [net.minecraftforge.common.ForgeConfigSpec/CORE]: Incorrect key multipliers.damage was corrected from null to its default, SimpleCommentedConfig:{}. 
[30Aug2026 18:40:07.188] [Server thread/WARN] [net.minecraftforge.common.ForgeConfigSpec/CORE]: Incorrect key multipliers.damage.Base Damage Multiplier was corrected from null to its default, 0.25. 
[30Aug2026 18:40:07.188] [Server thread/WARN] [net.minecraftforge.common.ForgeConfigSpec/CORE]: Incorrect key multipliers.damage.Stack Size Damage Multiplier was corrected from null to its default, 0.0. 
[30Aug2026 18:40:07.189] [Server thread/WARN] [net.minecraftforge.common.ForgeConfigSpec/CORE]: Incorrect key multipliers.damage.Modified Damage Multiplier was corrected from null to its default, 0.5. 
[30Aug2026 18:40:07.189] [Server thread/WARN] [net.minecraftforge.common.ForgeConfigSpec/CORE]: Incorrect key multipliers.velocity was corrected from null to its default, SimpleCommentedConfig:{}. 
[30Aug2026 18:40:07.189] [Server thread/WARN] [net.minecraftforge.common.ForgeConfigSpec/CORE]: Incorrect key multipliers.velocity.Base Velocity Multiplier was corrected from null to its default, 0.25. 
[30Aug2026 18:40:07.189] [Server thread/WARN] [net.minecraftforge.common.ForgeConfigSpec/CORE]: Incorrect key multipliers.velocity.Stack Size Velocity Multiplier was corrected from null to its default, 0.005. 
[30Aug2026 18:40:07.190] [Server thread/WARN] [net.minecraftforge.common.ForgeConfigSpec/CORE]: Incorrect key multipliers.velocity.Modified Velocity Multiplier was corrected from null to its default, 0.4. 
[30Aug2026 18:40:07.191] [Server thread/WARN] [net.minecraftforge.common.ForgeConfigSpec/CORE]: Incorrect key multipliers.exhaustion was corrected from null to its default, SimpleCommentedConfig:{}. 
[30Aug2026 18:40:07.192] [Server thread/WARN] [net.minecraftforge.common.ForgeConfigSpec/CORE]: Incorrect key multipliers.exhaustion.Base Exhaustion Multiplier was corrected from null to its default, 0.075. 
[30Aug2026 18:40:07.193] [Server thread/WARN] [net.minecraftforge.common.ForgeConfigSpec/CORE]: Incorrect key multipliers.exhaustion.Stack Size Exhaustion Multiplier was corrected from null to its default, 0.01. 
[30Aug2026 18:40:07.193] [Server thread/WARN] [net.minecraftforge.common.ForgeConfigSpec/CORE]: Incorrect key multipliers.exhaustion.Modified Exhaustion Multiplier was corrected from null to its default, 2.0. 
[30Aug2026 18:40:07.194] [Server thread/WARN] [net.minecraftforge.common.ForgeConfigSpec/CORE]: Incorrect key pmmo was corrected from null to its default, SimpleCommentedConfig:{}. 
[30Aug2026 18:40:07.194] [Server thread/WARN] [net.minecraftforge.common.ForgeConfigSpec/CORE]: Incorrect key pmmo.Enable PMMO Integration was corrected from null to its default, true. 
[30Aug2026 18:40:07.194] [Server thread/WARN] [net.minecraftforge.common.ForgeConfigSpec/CORE]: Incorrect key pmmo.Loyalty Requirement was corrected from null to its default, 10. 
[30Aug2026 18:40:07.197] [Server thread/WARN] [net.minecraftforge.common.ForgeConfigSpec/CORE]: Incorrect key time was corrected from null to its default, SimpleCommentedConfig:{}. 
[30Aug2026 18:40:07.197] [Server thread/WARN] [net.minecraftforge.common.ForgeConfigSpec/CORE]: Incorrect key time.Despawn Time was corrected from null to its default, 1200. 
[30Aug2026 18:40:07.198] [Server thread/WARN] [net.minecraftforge.common.ForgeConfigSpec/CORE]: Incorrect key time.Charging Multiplier was corrected from null to its default, 3.0. 
[30Aug2026 18:40:07.198] [Server thread/WARN] [net.minecraftforge.common.ForgeConfigSpec/CORE]: Incorrect key time.Lose Owner Time was corrected from null to its default, 140. 
[30Aug2026 18:40:07.203] [Server thread/WARN] [net.minecraftforge.common.ForgeConfigSpec/CORE]: Incorrect key whitelist-items was corrected from null to its default, SimpleCommentedConfig:{}. 
[30Aug2026 18:40:07.204] [Server thread/WARN] [net.minecraftforge.common.ForgeConfigSpec/CORE]: Incorrect key whitelist-items.Whitelisted items was corrected from null to its default, [minecraft:brick, minecraft:glass]. 
[30Aug2026 18:40:07.207] [Server thread/WARN] [net.minecraftforge.common.ForgeConfigSpec/CORE]: Incorrect key blacklist-blocks was corrected from null to its default, SimpleCommentedConfig:{}. 
[30Aug2026 18:40:07.207] [Server thread/WARN] [net.minecraftforge.common.ForgeConfigSpec/CORE]: Incorrect key blacklist-blocks.Blacklisted blocks was corrected from null to its default, [minecraft:brick, minecraft:bedrock]. 
[30Aug2026 18:40:07.212] [Server thread/WARN] [net.minecraftforge.common.ForgeConfigSpec/CORE]: Configuration file ./world/serverconfig/morevanillashields-server.toml is not correct. Correcting
[30Aug2026 18:40:07.213] [Server thread/WARN] [net.minecraftforge.common.ForgeConfigSpec/CORE]: Incorrect key Config for More Vanilla Shields! was corrected from null to its default, SimpleCommentedConfig:{}. 
[30Aug2026 18:40:07.213] [Server thread/WARN] [net.minecraftforge.common.ForgeConfigSpec/CORE]: Incorrect key Config for More Vanilla Shields!.enableTooltips was corrected from null to its default, true. 
[30Aug2026 18:40:07.214] [Server thread/WARN] [net.minecraftforge.common.ForgeConfigSpec/CORE]: Incorrect key Config for More Vanilla Shields!.enableMagmaBurn was corrected from null to its default, true. 
[30Aug2026 18:40:07.214] [Server thread/WARN] [net.minecraftforge.common.ForgeConfigSpec/CORE]: Incorrect key Config for More Vanilla Shields!.enableTeleportation was corrected from null to its default, true. 
[30Aug2026 18:40:07.214] [Server thread/WARN] [net.minecraftforge.common.ForgeConfigSpec/CORE]: Incorrect key Config for More Vanilla Shields!.enableThunder was corrected from null to its default, true. 
[30Aug2026 18:40:07.214] [Server thread/WARN] [net.minecraftforge.common.ForgeConfigSpec/CORE]: Incorrect key Config for More Vanilla Shields!.enableExplosion was corrected from null to its default, true. 
[30Aug2026 18:40:07.215] [Server thread/WARN] [net.minecraftforge.common.ForgeConfigSpec/CORE]: Incorrect key Config for More Vanilla Shields!.explosionDestroyBlocks was corrected from null to its default, false. 
[30Aug2026 18:40:07.215] [Server thread/WARN] [net.minecraftforge.common.ForgeConfigSpec/CORE]: Incorrect key Config for More Vanilla Shields!.enableParticles was corrected from null to its default, true. 
[30Aug2026 18:40:07.215] [Server thread/WARN] [net.minecraftforge.common.ForgeConfigSpec/CORE]: Incorrect key Config for More Vanilla Shields!.redstoneShieldDensity was corrected from null to its default, 1. 
[30Aug2026 18:40:07.215] [Server thread/WARN] [net.minecraftforge.common.ForgeConfigSpec/CORE]: Incorrect key Config for More Vanilla Shields!.magmaShieldDensity was corrected from null to its default, 1. 
[30Aug2026 18:40:07.216] [Server thread/WARN] [net.minecraftforge.common.ForgeConfigSpec/CORE]: Incorrect key Config for More Vanilla Shields!.leatherShieldDurability was corrected from null to its default, 196. 
[30Aug2026 18:40:07.216] [Server thread/WARN] [net.minecraftforge.common.ForgeConfigSpec/CORE]: Incorrect key Config for More Vanilla Shields!.goldShieldDurability was corrected from null to its default, 322. 
[30Aug2026 18:40:07.216] [Server thread/WARN] [net.minecraftforge.common.ForgeConfigSpec/CORE]: Incorrect key Config for More Vanilla Shields!.diamondShieldDurability was corrected from null to its default, 512. 
[30Aug2026 18:40:07.216] [Server thread/WARN] [net.minecraftforge.common.ForgeConfigSpec/CORE]: Incorrect key Config for More Vanilla Shields!.glassShieldDurability was corrected from null to its default, 300. 
[30Aug2026 18:40:07.217] [Server thread/WARN] [net.minecraftforge.common.ForgeConfigSpec/CORE]: Incorrect key Config for More Vanilla Shields!.tintedGlassShieldDurability was corrected from null to its default, 300. 
[30Aug2026 18:40:07.217] [Server thread/WARN] [net.minecraftforge.common.ForgeConfigSpec/CORE]: Incorrect key Config for More Vanilla Shields!.brownStainedGlassShieldDurability was corrected from null to its default, 300. 
[30Aug2026 18:40:07.217] [Server thread/WARN] [net.minecraftforge.common.ForgeConfigSpec/CORE]: Incorrect key Config for More Vanilla Shields!.blueStainedGlassShieldDurability was corrected from null to its default, 300. 
[30Aug2026 18:40:07.218] [Server thread/WARN] [net.minecraftforge.common.ForgeConfigSpec/CORE]: Incorrect key Config for More Vanilla Shields!.cyanStainedGlassShieldDurability was corrected from null to its default, 300. 
[30Aug2026 18:40:07.219] [Server thread/WARN] [net.minecraftforge.common.ForgeConfigSpec/CORE]: Incorrect key Config for More Vanilla Shields!.lightBlueStainedGlassShieldDurability was corrected from null to its default, 300. 
[30Aug2026 18:40:07.219] [Server thread/WARN] [net.minecraftforge.common.ForgeConfigSpec/CORE]: Incorrect key Config for More Vanilla Shields!.greenStainedGlassShieldDurability was corrected from null to its default, 300. 
[30Aug2026 18:40:07.219] [Server thread/WARN] [net.minecraftforge.common.ForgeConfigSpec/CORE]: Incorrect key Config for More Vanilla Shields!.limeStainedGlassShieldDurability was corrected from null to its default, 300. 
[30Aug2026 18:40:07.220] [Server thread/WARN] [net.minecraftforge.common.ForgeConfigSpec/CORE]: Incorrect key Config for More Vanilla Shields!.yellowStainedGlassShieldDurability was corrected from null to its default, 300. 
[30Aug2026 18:40:07.220] [Server thread/WARN] [net.minecraftforge.common.ForgeConfigSpec/CORE]: Incorrect key Config for More Vanilla Shields!.pinkStainedGlassShieldDurability was corrected from null to its default, 300. 
[30Aug2026 18:40:07.220] [Server thread/WARN] [net.minecraftforge.common.ForgeConfigSpec/CORE]: Incorrect key Config for More Vanilla Shields!.orangeStainedGlassShieldDurability was corrected from null to its default, 300. 
[30Aug2026 18:40:07.221] [Server thread/WARN] [net.minecraftforge.common.ForgeConfigSpec/CORE]: Incorrect key Config for More Vanilla Shields!.redStainedGlassShieldDurability was corrected from null to its default, 300. 
[30Aug2026 18:40:07.221] [Server thread/WARN] [net.minecraftforge.common.ForgeConfigSpec/CORE]: Incorrect key Config for More Vanilla Shields!.netheriteShieldDurability was corrected from null to its default, 2042. 
[30Aug2026 18:40:07.222] [Server thread/WARN] [net.minecraftforge.common.ForgeConfigSpec/CORE]: Incorrect key Config for More Vanilla Shields!.emeraldShieldDurability was corrected from null to its default, 512. 
[30Aug2026 18:40:07.222] [Server thread/WARN] [net.minecraftforge.common.ForgeConfigSpec/CORE]: Incorrect key Config for More Vanilla Shields!.amethystShieldDurability was corrected from null to its default, 432. 
[30Aug2026 18:40:07.223] [Server thread/WARN] [net.minecraftforge.common.ForgeConfigSpec/CORE]: Incorrect key Config for More Vanilla Shields!.redstoneShieldDurability was corrected from null to its default, 250. 
[30Aug2026 18:40:07.224] [Server thread/WARN] [net.minecraftforge.common.ForgeConfigSpec/CORE]: Incorrect key Config for More Vanilla Shields!.copperShieldDurability was corrected from null to its default, 325. 
[30Aug2026 18:40:07.225] [Server thread/WARN] [net.minecraftforge.common.ForgeConfigSpec/CORE]: Incorrect key Config for More Vanilla Shields!.magmaShieldDurability was corrected from null to its default, 255. 
[30Aug2026 18:40:07.225] [Server thread/WARN] [net.minecraftforge.common.ForgeConfigSpec/CORE]: Incorrect key Config for More Vanilla Shields!.obsidianShieldDurability was corrected from null to its default, 610. 
[30Aug2026 18:40:07.226] [Server thread/WARN] [net.minecraftforge.common.ForgeConfigSpec/CORE]: Incorrect key Config for More Vanilla Shields!.coalShieldDurability was corrected from null to its default, 268. 
[30Aug2026 18:40:07.227] [Server thread/WARN] [net.minecraftforge.common.ForgeConfigSpec/CORE]: Incorrect key Config for More Vanilla Shields!.endCrystalShieldDurability was corrected from null to its default, 750. 
[30Aug2026 18:40:07.229] [Server thread/WARN] [net.minecraftforge.common.ForgeConfigSpec/CORE]: Incorrect key Config for More Vanilla Shields!.enderPearlShieldDurability was corrected from null to its default, 187. 
[30Aug2026 18:40:07.234] [Server thread/WARN] [net.minecraftforge.common.ForgeConfigSpec/CORE]: Configuration file ./world/serverconfig/irons_spellbooks-server.toml is not correct. Correcting
[30Aug2026 18:40:07.235] [Server thread/WARN] [net.minecraftforge.common.ForgeConfigSpec/CORE]: Incorrect key Blocks was corrected from null to its default, SimpleCommentedConfig:{}. 
[30Aug2026 18:40:07.235] [Server thread/WARN] [net.minecraftforge.common.ForgeConfigSpec/CORE]: Incorrect key Blocks.portalFrameRestrictDye was corrected from null to its default, true. 
[30Aug2026 18:40:07.236] [Server thread/WARN] [net.minecraftforge.common.ForgeConfigSpec/CORE]: Incorrect key Blocks.portalFrameRestrictBreaking was corrected from null to its default, false. 
[30Aug2026 18:40:07.239] [Server thread/WARN] [net.minecraftforge.common.ForgeConfigSpec/CORE]: Incorrect key Misc was corrected from null to its default, SimpleCommentedConfig:{}. 
[30Aug2026 18:40:07.240] [Server thread/WARN] [net.minecraftforge.common.ForgeConfigSpec/CORE]: Incorrect key Misc.rarityConfig was corrected from null to its default, [0.3, 0.25, 0.2, 0.15, 0.1]. 
[30Aug2026 18:40:07.240] [Server thread/WARN] [net.minecraftforge.common.ForgeConfigSpec/CORE]: Incorrect key Misc.swordsConsumeMana was corrected from null to its default, true. 
[30Aug2026 18:40:07.241] [Server thread/WARN] [net.minecraftforge.common.ForgeConfigSpec/CORE]: Incorrect key Misc.swordsCooldownMultiplier was corrected from null to its default, 0.5. 
[30Aug2026 18:40:07.242] [Server thread/WARN] [net.minecraftforge.common.ForgeConfigSpec/CORE]: Incorrect key Misc.canAttackOwnSummons was corrected from null to its default, false. 
[30Aug2026 18:40:07.242] [Server thread/WARN] [net.minecraftforge.common.ForgeConfigSpec/CORE]: Incorrect key Misc.maxUpgrades was corrected from null to its default, 3. 
[30Aug2026 18:40:07.243] [Server thread/WARN] [net.minecraftforge.common.ForgeConfigSpec/CORE]: Incorrect key Misc.manaSpawnPercent was corrected from null to its default, 0.0. 
[30Aug2026 18:40:07.243] [Server thread/WARN] [net.minecraftforge.common.ForgeConfigSpec/CORE]: Incorrect key Misc.scrollRecycleChance was corrected from null to its default, 0.5. 
[30Aug2026 18:40:07.244] [Server thread/WARN] [net.minecraftforge.common.ForgeConfigSpec/CORE]: Incorrect key Misc.allowCauldronBrewing was corrected from null to its default, true. 
[30Aug2026 18:40:07.244] [Server thread/WARN] [net.minecraftforge.common.ForgeConfigSpec/CORE]: Incorrect key Misc.furledMapSkipsExistingChunks was corrected from null to its default, true. 
[30Aug2026 18:40:07.244] [Server thread/WARN] [net.minecraftforge.common.ForgeConfigSpec/CORE]: Incorrect key Misc.applyAllMultihandAttributes was corrected from null to its default, true. 
[30Aug2026 18:40:07.244] [Server thread/WARN] [net.minecraftforge.common.ForgeConfigSpec/CORE]: Incorrect key Misc.betterCreeperThunderHit was corrected from null to its default, true. 
[30Aug2026 18:40:07.245] [Server thread/WARN] [net.minecraftforge.common.ForgeConfigSpec/CORE]: Incorrect key Misc.spellGriefing was corrected from null to its default, false. 
[30Aug2026 18:40:07.245] [Server thread/WARN] [net.minecraftforge.common.ForgeConfigSpec/CORE]: Incorrect key Misc.additionalWanderingTraderTrades was corrected from null to its default, true. 
[30Aug2026 18:40:07.247] [Server thread/WARN] [net.minecraftforge.common.ForgeConfigSpec/CORE]: Incorrect key Misc.disableAdventureModeCasting was corrected from null to its default, false. 
[30Aug2026 18:40:07.247] [Server thread/WARN] [net.minecraftforge.common.ForgeConfigSpec/CORE]: Incorrect key Misc.hoglinOffspringProtection was corrected from null to its default, true. 
[30Aug2026 18:40:07.247] [Server thread/WARN] [net.minecraftforge.common.ForgeConfigSpec/CORE]: Incorrect key Misc.manaRegenMultiplier was corrected from null to its default, 1.0. 
[30Aug2026 18:40:07.248] [Server thread/WARN] [net.minecraftforge.common.ForgeConfigSpec/CORE]: Incorrect key Misc.scrollMerging was corrected from null to its default, true. 
[30Aug2026 18:40:07.248] [Server thread/WARN] [net.minecraftforge.common.ForgeConfigSpec/CORE]: Incorrect key Misc.creativeMana was corrected from null to its default, false. 
[30Aug2026 18:40:07.248] [Server thread/WARN] [net.minecraftforge.common.ForgeConfigSpec/CORE]: Incorrect key Misc.creativeCooldowns was corrected from null to its default, false. 
[30Aug2026 18:40:07.249] [Server thread/WARN] [net.minecraftforge.common.ForgeConfigSpec/CORE]: Incorrect key Upgrade Overrides was corrected from null to its default, SimpleCommentedConfig:{}. 
[30Aug2026 18:40:07.249] [Server thread/WARN] [net.minecraftforge.common.ForgeConfigSpec/CORE]: Incorrect key Upgrade Overrides.upgradeWhitelist was corrected from null to its default, []. 
[30Aug2026 18:40:07.251] [Server thread/WARN] [net.minecraftforge.common.ForgeConfigSpec/CORE]: Incorrect key Upgrade Overrides.upgradeBlacklist was corrected from null to its default, []. 
[30Aug2026 18:40:07.252] [Server thread/WARN] [net.minecraftforge.common.ForgeConfigSpec/CORE]: Incorrect key Imbue Overrides was corrected from null to its default, SimpleCommentedConfig:{}. 
[30Aug2026 18:40:07.253] [Server thread/WARN] [net.minecraftforge.common.ForgeConfigSpec/CORE]: Incorrect key Imbue Overrides.imbueWhitelist was corrected from null to its default, []. 
[30Aug2026 18:40:07.254] [Server thread/WARN] [net.minecraftforge.common.ForgeConfigSpec/CORE]: Incorrect key Imbue Overrides.imbueBlacklist was corrected from null to its default, []. 
[30Aug2026 18:40:07.261] [Server thread/WARN] [net.minecraftforge.common.ForgeConfigSpec/CORE]: Incorrect key Worldgen was corrected from null to its default, SimpleCommentedConfig:{}. 
[30Aug2026 18:40:07.261] [Server thread/WARN] [net.minecraftforge.common.ForgeConfigSpec/CORE]: Incorrect key Worldgen.priestHouseWeight was corrected from null to its default, 4. 
[30Aug2026 18:40:07.261] [Server thread/WARN] [net.minecraftforge.common.ForgeConfigSpec/CORE]: Incorrect key Worldgen.aquiferDetection was corrected from null to its default, true. 
[30Aug2026 18:40:07.262] [Server thread/WARN] [net.minecraftforge.common.ForgeConfigSpec/CORE]: Incorrect key Worldgen.iceSpiderPatrols was corrected from null to its default, true. 
[30Aug2026 18:40:07.264] [Server thread/WARN] [net.minecraftforge.common.ForgeConfigSpec/CORE]: Incorrect key Boss Config was corrected from null to its default, SimpleCommentedConfig:{}. 
[30Aug2026 18:40:07.265] [Server thread/WARN] [net.minecraftforge.common.ForgeConfigSpec/CORE]: Incorrect key Boss Config.Tyros was corrected from null to its default, SimpleCommentedConfig:{}. 
[30Aug2026 18:40:07.266] [Server thread/WARN] [net.minecraftforge.common.ForgeConfigSpec/CORE]: Incorrect key Boss Config.Tyros.additionalHealth was corrected from null to its default, 0.0. 
[30Aug2026 18:40:07.267] [Server thread/WARN] [net.minecraftforge.common.ForgeConfigSpec/CORE]: Incorrect key Boss Config.Tyros.additionalAttackDamage was corrected from null to its default, 0.0. 
[30Aug2026 18:40:07.268] [Server thread/WARN] [net.minecraftforge.common.ForgeConfigSpec/CORE]: Incorrect key Boss Config.Tyros.additionalSpellPower was corrected from null to its default, 0.0. 
[30Aug2026 18:40:07.268] [Server thread/WARN] [net.minecraftforge.common.ForgeConfigSpec/CORE]: Incorrect key Boss Config.Tyros.tyrosOminousEnabled was corrected from null to its default, false. 
[30Aug2026 18:40:07.268] [Server thread/WARN] [net.minecraftforge.common.ForgeConfigSpec/CORE]: Incorrect key Boss Config.Dead King was corrected from null to its default, SimpleCommentedConfig:{}. 
[30Aug2026 18:40:07.269] [Server thread/WARN] [net.minecraftforge.common.ForgeConfigSpec/CORE]: Incorrect key Boss Config.Dead King.additionalHealth was corrected from null to its default, 0.0. 
[30Aug2026 18:40:07.269] [Server thread/WARN] [net.minecraftforge.common.ForgeConfigSpec/CORE]: Incorrect key Boss Config.Dead King.additionalAttackDamage was corrected from null to its default, 0.0. 
[30Aug2026 18:40:07.270] [Server thread/WARN] [net.minecraftforge.common.ForgeConfigSpec/CORE]: Incorrect key Boss Config.Dead King.additionalSpellPower was corrected from null to its default, 0.0. 
[30Aug2026 18:40:07.276] [Server thread/WARN] [net.minecraftforge.common.ForgeConfigSpec/CORE]: Configuration file ./world/serverconfig/wind_spellbooks-server.toml is not correct. Correcting
[30Aug2026 18:40:07.277] [Server thread/WARN] [net.minecraftforge.common.ForgeConfigSpec/CORE]: Incorrect key Worldgen was corrected from null to its default, SimpleCommentedConfig:{}. 
[30Aug2026 18:40:07.278] [Server thread/WARN] [net.minecraftforge.common.ForgeConfigSpec/CORE]: Incorrect key Worldgen.tavernWeight was corrected from null to its default, 4. 
[30Aug2026 18:40:07.280] [Server thread/WARN] [net.minecraftforge.common.ForgeConfigSpec/CORE]: Configuration file ./world/serverconfig/voicespells-server.toml is not correct. Correcting
[30Aug2026 18:40:07.281] [Server thread/WARN] [net.minecraftforge.common.ForgeConfigSpec/CORE]: Incorrect key casting was corrected from null to its default, SimpleCommentedConfig:{}. 
[30Aug2026 18:40:07.281] [Server thread/WARN] [net.minecraftforge.common.ForgeConfigSpec/CORE]: Incorrect key casting.castMode was corrected from null to its default, CURIO_SPELLBOOK. 
[30Aug2026 18:40:07.281] [Server thread/WARN] [net.minecraftforge.common.ForgeConfigSpec/CORE]: Incorrect key casting.maxCastsPerSecond was corrected from null to its default, 5. 
[30Aug2026 18:40:07.282] [Server thread/WARN] [net.minecraftforge.common.ForgeConfigSpec/CORE]: Incorrect key casting.serverBlockedSpells was corrected from null to its default, []. 
[30Aug2026 18:40:07.282] [Server thread/WARN] [net.minecraftforge.common.ForgeConfigSpec/CORE]: Incorrect key casting.voiceAllowedPlayers was corrected from null to its default, []. 
[30Aug2026 18:40:07.283] [Server thread/WARN] [net.minecraftforge.common.ForgeConfigSpec/CORE]: Incorrect key casting.logVoiceCasts was corrected from null to its default, false. 
[30Aug2026 18:40:07.283] [Server thread/WARN] [net.minecraftforge.common.ForgeConfigSpec/CORE]: Incorrect key casting.voiceVolumeScaling was corrected from null to its default, false. 
[30Aug2026 18:40:07.283] [Server thread/WARN] [net.minecraftforge.common.ForgeConfigSpec/CORE]: Incorrect key casting.broadcastVoiceCasts was corrected from null to its default, false. 
[30Aug2026 18:40:07.284] [Server thread/WARN] [net.minecraftforge.common.ForgeConfigSpec/CORE]: Incorrect key casting.broadcastRadius was corrected from null to its default, 16. 
[30Aug2026 18:40:07.286] [Server thread/WARN] [net.minecraftforge.common.ForgeConfigSpec/CORE]: Configuration file ./world/serverconfig/epicfight-server.toml is not correct. Correcting
[30Aug2026 18:40:07.286] [Server thread/WARN] [net.minecraftforge.common.ForgeConfigSpec/CORE]: Incorrect key allow_custom_animations was corrected from null to its default, false. 
[30Aug2026 18:40:07.560] [Server thread/INFO] [org.merlin204.leonidas.util.DimensionResourceCopier/]: 菠萝科技： 从 epicfight_leonidas/rockwind_ruins/region/r.9.9.mca 复制到 /workspaces/RETRIEVAL-WATERCLIP/servidor_minecraft/world/dimensions/epicfight_leonidas/rockwind_ruins/region/r.9.9.mca 
[30Aug2026 18:40:07.560] [Server thread/INFO] [org.merlin204.leonidas.util.DimensionResourceCopier/]: 菠萝科技： 从 epicfight_leonidas/rockwind_ruins/region/r.9.8.mca 复制到 /workspaces/RETRIEVAL-WATERCLIP/servidor_minecraft/world/dimensions/epicfight_leonidas/rockwind_ruins/region/r.9.8.mca 
[30Aug2026 18:40:07.561] [Server thread/INFO] [org.merlin204.leonidas.util.DimensionResourceCopier/]: 菠萝科技： 从 epicfight_leonidas/rockwind_ruins/region/r.9.7.mca 复制到 /workspaces/RETRIEVAL-WATERCLIP/servidor_minecraft/world/dimensions/epicfight_leonidas/rockwind_ruins/region/r.9.7.mca 
[30Aug2026 18:40:07.561] [Server thread/INFO] [org.merlin204.leonidas.util.DimensionResourceCopier/]: 菠萝科技： 从 epicfight_leonidas/rockwind_ruins/region/r.9.6.mca 复制到 /workspaces/RETRIEVAL-WATERCLIP/servidor_minecraft/world/dimensions/epicfight_leonidas/rockwind_ruins/region/r.9.6.mca 
[30Aug2026 18:40:07.562] [Server thread/INFO] [org.merlin204.leonidas.util.DimensionResourceCopier/]: 菠萝科技： 从 epicfight_leonidas/rockwind_ruins/region/r.9.5.mca 复制到 /workspaces/RETRIEVAL-WATERCLIP/servidor_minecraft/world/dimensions/epicfight_leonidas/rockwind_ruins/region/r.9.5.mca 
[30Aug2026 18:40:07.562] [Server thread/INFO] [org.merlin204.leonidas.util.DimensionResourceCopier/]: 菠萝科技： 从 epicfight_leonidas/rockwind_ruins/region/r.9.4.mca 复制到 /workspaces/RETRIEVAL-WATERCLIP/servidor_minecraft/world/dimensions/epicfight_leonidas/rockwind_ruins/region/r.9.4.mca 
[30Aug2026 18:40:07.562] [Server thread/INFO] [org.merlin204.leonidas.util.DimensionResourceCopier/]: 菠萝科技： 从 epicfight_leonidas/rockwind_ruins/region/r.9.3.mca 复制到 /workspaces/RETRIEVAL-WATERCLIP/servidor_minecraft/world/dimensions/epicfight_leonidas/rockwind_ruins/region/r.9.3.mca 
[30Aug2026 18:40:07.562] [Server thread/INFO] [org.merlin204.leonidas.util.DimensionResourceCopier/]: 菠萝科技： 从 epicfight_leonidas/rockwind_ruins/region/r.9.2.mca 复制到 /workspaces/RETRIEVAL-WATERCLIP/servidor_minecraft/world/dimensions/epicfight_leonidas/rockwind_ruins/region/r.9.2.mca 
[30Aug2026 18:40:07.563] [Server thread/INFO] [org.merlin204.leonidas.util.DimensionResourceCopier/]: 菠萝科技： 从 epicfight_leonidas/rockwind_ruins/region/r.9.1.mca 复制到 /workspaces/RETRIEVAL-WATERCLIP/servidor_minecraft/world/dimensions/epicfight_leonidas/rockwind_ruins/region/r.9.1.mca 
[30Aug2026 18:40:07.563] [Server thread/INFO] [org.merlin204.leonidas.util.DimensionResourceCopier/]: 菠萝科技： 从 epicfight_leonidas/rockwind_ruins/region/r.9.0.mca 复制到 /workspaces/RETRIEVAL-WATERCLIP/servidor_minecraft/world/dimensions/epicfight_leonidas/rockwind_ruins/region/r.9.0.mca 
[30Aug2026 18:40:07.563] [Server thread/INFO] [org.merlin204.leonidas.util.DimensionResourceCopier/]: 菠萝科技： 从 epicfight_leonidas/rockwind_ruins/region/r.9.-9.mca 复制到 /workspaces/RETRIEVAL-WATERCLIP/servidor_minecraft/world/dimensions/epicfight_leonidas/rockwind_ruins/region/r.9.-9.mca 
[30Aug2026 18:40:07.564] [Server thread/INFO] [org.merlin204.leonidas.util.DimensionResourceCopier/]: 菠萝科技： 从 epicfight_leonidas/rockwind_ruins/region/r.9.-8.mca 复制到 /workspaces/RETRIEVAL-WATERCLIP/servidor_minecraft/world/dimensions/epicfight_leonidas/rockwind_ruins/region/r.9.-8.mca 
[30Aug2026 18:40:07.564] [Server thread/INFO] [org.merlin204.leonidas.util.DimensionResourceCopier/]: 菠萝科技： 从 epicfight_leonidas/rockwind_ruins/region/r.9.-7.mca 复制到 /workspaces/RETRIEVAL-WATERCLIP/servidor_minecraft/world/dimensions/epicfight_leonidas/rockwind_ruins/region/r.9.-7.mca 
[30Aug2026 18:40:07.564] [Server thread/INFO] [org.merlin204.leonidas.util.DimensionResourceCopier/]: 菠萝科技： 从 epicfight_leonidas/rockwind_ruins/region/r.9.-6.mca 复制到 /workspaces/RETRIEVAL-WATERCLIP/servidor_minecraft/world/dimensions/epicfight_leonidas/rockwind_ruins/region/r.9.-6.mca 
[30Aug2026 18:40:07.565] [Server thread/INFO] [org.merlin204.leonidas.util.DimensionResourceCopier/]: 菠萝科技： 从 epicfight_leonidas/rockwind_ruins/region/r.9.-5.mca 复制到 /workspaces/RETRIEVAL-WATERCLIP/servidor_minecraft/world/dimensions/epicfight_leonidas/rockwind_ruins/region/r.9.-5.mca 
[30Aug2026 18:40:07.565] [Server thread/INFO] [org.merlin204.leonidas.util.DimensionResourceCopier/]: 菠萝科技： 从 epicfight_leonidas/rockwind_ruins/region/r.9.-4.mca 复制到 /workspaces/RETRIEVAL-WATERCLIP/servidor_minecraft/world/dimensions/epicfight_leonidas/rockwind_ruins/region/r.9.-4.mca 
[30Aug2026 18:40:07.566] [Server thread/INFO] [org.merlin204.leonidas.util.DimensionResourceCopier/]: 菠萝科技： 从 epicfight_leonidas/rockwind_ruins/region/r.9.-3.mca 复制到 /workspaces/RETRIEVAL-WATERCLIP/servidor_minecraft/world/dimensions/epicfight_leonidas/rockwind_ruins/region/r.9.-3.mca 
[30Aug2026 18:40:07.566] [Server thread/INFO] [org.merlin204.leonidas.util.DimensionResourceCopier/]: 菠萝科技： 从 epicfight_leonidas/rockwind_ruins/region/r.9.-2.mca 复制到 /workspaces/RETRIEVAL-WATERCLIP/servidor_minecraft/world/dimensions/epicfight_leonidas/rockwind_ruins/region/r.9.-2.mca 
[30Aug2026 18:40:07.567] [Server thread/INFO] [org.merlin204.leonidas.util.DimensionResourceCopier/]: 菠萝科技： 从 epicfight_leonidas/rockwind_ruins/region/r.9.-1.mca 复制到 /workspaces/RETRIEVAL-WATERCLIP/servidor_minecraft/world/dimensions/epicfight_leonidas/rockwind_ruins/region/r.9.-1.mca 
[30Aug2026 18:40:07.567] [Server thread/INFO] [org.merlin204.leonidas.util.DimensionResourceCopier/]: 菠萝科技： 从 epicfight_leonidas/rockwind_ruins/region/r.8.9.mca 复制到 /workspaces/RETRIEVAL-WATERCLIP/servidor_minecraft/world/dimensions/epicfight_leonidas/rockwind_ruins/region/r.8.9.mca 
[30Aug2026 18:40:07.567] [Server thread/INFO] [org.merlin204.leonidas.util.DimensionResourceCopier/]: 菠萝科技： 从 epicfight_leonidas/rockwind_ruins/region/r.8.8.mca 复制到 /workspaces/RETRIEVAL-WATERCLIP/servidor_minecraft/world/dimensions/epicfight_leonidas/rockwind_ruins/region/r.8.8.mca 
[30Aug2026 18:40:07.568] [Server thread/INFO] [org.merlin204.leonidas.util.DimensionResourceCopier/]: 菠萝科技： 从 epicfight_leonidas/rockwind_ruins/region/r.8.7.mca 复制到 /workspaces/RETRIEVAL-WATERCLIP/servidor_minecraft/world/dimensions/epicfight_leonidas/rockwind_ruins/region/r.8.7.mca 
[30Aug2026 18:40:07.568] [Server thread/INFO] [org.merlin204.leonidas.util.DimensionResourceCopier/]: 菠萝科技： 从 epicfight_leonidas/rockwind_ruins/region/r.8.6.mca 复制到 /workspaces/RETRIEVAL-WATERCLIP/servidor_minecraft/world/dimensions/epicfight_leonidas/rockwind_ruins/region/r.8.6.mca 
[30Aug2026 18:40:07.569] [Server thread/INFO] [org.merlin204.leonidas.util.DimensionResourceCopier/]: 菠萝科技： 从 epicfight_leonidas/rockwind_ruins/region/r.8.5.mca 复制到 /workspaces/RETRIEVAL-WATERCLIP/servidor_minecraft/world/dimensions/epicfight_leonidas/rockwind_ruins/region/r.8.5.mca 
[30Aug2026 18:40:07.569] [Server thread/INFO] [org.merlin204.leonidas.util.DimensionResourceCopier/]: 菠萝科技： 从 epicfight_leonidas/rockwind_ruins/region/r.8.4.mca 复制到 /workspaces/RETRIEVAL-WATERCLIP/servidor_minecraft/world/dimensions/epicfight_leonidas/rockwind_ruins/region/r.8.4.mca 
[30Aug2026 18:40:07.570] [Server thread/INFO] [org.merlin204.leonidas.util.DimensionResourceCopier/]: 菠萝科技： 从 epicfight_leonidas/rockwind_ruins/region/r.8.3.mca 复制到 /workspaces/RETRIEVAL-WATERCLIP/servidor_minecraft/world/dimensions/epicfight_leonidas/rockwind_ruins/region/r.8.3.mca 
[30Aug2026 18:40:07.570] [Server thread/INFO] [org.merlin204.leonidas.util.DimensionResourceCopier/]: 菠萝科技： 从 epicfight_leonidas/rockwind_ruins/region/r.8.2.mca 复制到 /workspaces/RETRIEVAL-WATERCLIP/servidor_minecraft/world/dimensions/epicfight_leonidas/rockwind_ruins/region/r.8.2.mca 
[30Aug2026 18:40:07.570] [Server thread/INFO] [org.merlin204.leonidas.util.DimensionResourceCopier/]: 菠萝科技： 从 epicfight_leonidas/rockwind_ruins/region/r.8.1.mca 复制到 /workspaces/RETRIEVAL-WATERCLIP/servidor_minecraft/world/dimensions/epicfight_leonidas/rockwind_ruins/region/r.8.1.mca 
[30Aug2026 18:40:07.570] [Server thread/INFO] [org.merlin204.leonidas.util.DimensionResourceCopier/]: 菠萝科技： 从 epicfight_leonidas/rockwind_ruins/region/r.8.0.mca 复制到 /workspaces/RETRIEVAL-WATERCLIP/servidor_minecraft/world/dimensions/epicfight_leonidas/rockwind_ruins/region/r.8.0.mca 
[30Aug2026 18:40:07.571] [Server thread/INFO] [org.merlin204.leonidas.util.DimensionResourceCopier/]: 菠萝科技： 从 epicfight_leonidas/rockwind_ruins/region/r.8.-9.mca 复制到 /workspaces/RETRIEVAL-WATERCLIP/servidor_minecraft/world/dimensions/epicfight_leonidas/rockwind_ruins/region/r.8.-9.mca 
[30Aug2026 18:40:07.571] [Server thread/INFO] [org.merlin204.leonidas.util.DimensionResourceCopier/]: 菠萝科技： 从 epicfight_leonidas/rockwind_ruins/region/r.8.-8.mca 复制到 /workspaces/RETRIEVAL-WATERCLIP/servidor_minecraft/world/dimensions/epicfight_leonidas/rockwind_ruins/region/r.8.-8.mca 
[30Aug2026 18:40:07.572] [Server thread/INFO] [org.merlin204.leonidas.util.DimensionResourceCopier/]: 菠萝科技： 从 epicfight_leonidas/rockwind_ruins/region/r.8.-7.mca 复制到 /workspaces/RETRIEVAL-WATERCLIP/servidor_minecraft/world/dimensions/epicfight_leonidas/rockwind_ruins/region/r.8.-7.mca 
[30Aug2026 18:40:07.572] [Server thread/INFO] [org.merlin204.leonidas.util.DimensionResourceCopier/]: 菠萝科技： 从 epicfight_leonidas/rockwind_ruins/region/r.8.-6.mca 复制到 /workspaces/RETRIEVAL-WATERCLIP/servidor_minecraft/world/dimensions/epicfight_leonidas/rockwind_ruins/region/r.8.-6.mca 
[30Aug2026 18:40:07.573] [Server thread/INFO] [org.merlin204.leonidas.util.DimensionResourceCopier/]: 菠萝科技： 从 epicfight_leonidas/rockwind_ruins/region/r.8.-5.mca 复制到 /workspaces/RETRIEVAL-WATERCLIP/servidor_minecraft/world/dimensions/epicfight_leonidas/rockwind_ruins/region/r.8.-5.mca 
[30Aug2026 18:40:07.573] [Server thread/INFO] [org.merlin204.leonidas.util.DimensionResourceCopier/]: 菠萝科技： 从 epicfight_leonidas/rockwind_ruins/region/r.8.-4.mca 复制到 /workspaces/RETRIEVAL-WATERCLIP/servidor_minecraft/world/dimensions/epicfight_leonidas/rockwind_ruins/region/r.8.-4.mca 
[30Aug2026 18:40:07.574] [Server thread/INFO] [org.merlin204.leonidas.util.DimensionResourceCopier/]: 菠萝科技： 从 epicfight_leonidas/rockwind_ruins/region/r.8.-3.mca 复制到 /workspaces/RETRIEVAL-WATERCLIP/servidor_minecraft/world/dimensions/epicfight_leonidas/rockwind_ruins/region/r.8.-3.mca 
[30Aug2026 18:40:07.574] [Server thread/INFO] [org.merlin204.leonidas.util.DimensionResourceCopier/]: 菠萝科技： 从 epicfight_leonidas/rockwind_ruins/region/r.8.-2.mca 复制到 /workspaces/RETRIEVAL-WATERCLIP/servidor_minecraft/world/dimensions/epicfight_leonidas/rockwind_ruins/region/r.8.-2.mca 
[30Aug2026 18:40:07.574] [Server thread/INFO] [org.merlin204.leonidas.util.DimensionResourceCopier/]: 菠萝科技： 从 epicfight_leonidas/rockwind_ruins/region/r.8.-1.mca 复制到 /workspaces/RETRIEVAL-WATERCLIP/servidor_minecraft/world/dimensions/epicfight_leonidas/rockwind_ruins/region/r.8.-1.mca 
[30Aug2026 18:40:07.575] [Server thread/INFO] [org.merlin204.leonidas.util.DimensionResourceCopier/]: 菠萝科技： 从 epicfight_leonidas/rockwind_ruins/region/r.7.9.mca 复制到 /workspaces/RETRIEVAL-WATERCLIP/servidor_minecraft/world/dimensions/epicfight_leonidas/rockwind_ruins/region/r.7.9.mca 
[30Aug2026 18:40:07.575] [Server thread/INFO] [org.merlin204.leonidas.util.DimensionResourceCopier/]: 菠萝科技： 从 epicfight_leonidas/rockwind_ruins/region/r.7.8.mca 复制到 /workspaces/RETRIEVAL-WATERCLIP/servidor_minecraft/world/dimensions/epicfight_leonidas/rockwind_ruins/region/r.7.8.mca 
[30Aug2026 18:40:07.575] [Server thread/INFO] [org.merlin204.leonidas.util.DimensionResourceCopier/]: 菠萝科技： 从 epicfight_leonidas/rockwind_ruins/region/r.7.7.mca 复制到 /workspaces/RETRIEVAL-WATERCLIP/servidor_minecraft/world/dimensions/epicfight_leonidas/rockwind_ruins/region/r.7.7.mca 
[30Aug2026 18:40:07.575] [Server thread/INFO] [org.merlin204.leonidas.util.DimensionResourceCopier/]: 菠萝科技： 从 epicfight_leonidas/rockwind_ruins/region/r.7.6.mca 复制到 /workspaces/RETRIEVAL-WATERCLIP/servidor_minecraft/world/dimensions/epicfight_leonidas/rockwind_ruins/region/r.7.6.mca 
[30Aug2026 18:40:07.576] [Server thread/INFO] [org.merlin204.leonidas.util.DimensionResourceCopier/]: 菠萝科技： 从 epicfight_leonidas/rockwind_ruins/region/r.7.5.mca 复制到 /workspaces/RETRIEVAL-WATERCLIP/servidor_minecraft/world/dimensions/epicfight_leonidas/rockwind_ruins/region/r.7.5.mca 
[30Aug2026 18:40:07.576] [Server thread/INFO] [org.merlin204.leonidas.util.DimensionResourceCopier/]: 菠萝科技： 从 epicfight_leonidas/rockwind_ruins/region/r.7.4.mca 复制到 /workspaces/RETRIEVAL-WATERCLIP/servidor_minecraft/world/dimensions/epicfight_leonidas/rockwind_ruins/region/r.7.4.mca 
[30Aug2026 18:40:07.576] [Server thread/INFO] [org.merlin204.leonidas.util.DimensionResourceCopier/]: 菠萝科技： 从 epicfight_leonidas/rockwind_ruins/region/r.7.3.mca 复制到 /workspaces/RETRIEVAL-WATERCLIP/servidor_minecraft/world/dimensions/epicfight_leonidas/rockwind_ruins/region/r.7.3.mca 
[30Aug2026 18:40:07.576] [Server thread/INFO] [org.merlin204.leonidas.util.DimensionResourceCopier/]: 菠萝科技： 从 epicfight_leonidas/rockwind_ruins/region/r.7.2.mca 复制到 /workspaces/RETRIEVAL-WATERCLIP/servidor_minecraft/world/dimensions/epicfight_leonidas/rockwind_ruins/region/r.7.2.mca 
[30Aug2026 18:40:07.577] [Server thread/INFO] [org.merlin204.leonidas.util.DimensionResourceCopier/]: 菠萝科技： 从 epicfight_leonidas/rockwind_ruins/region/r.7.1.mca 复制到 /workspaces/RETRIEVAL-WATERCLIP/servidor_minecraft/world/dimensions/epicfight_leonidas/rockwind_ruins/region/r.7.1.mca 
[30Aug2026 18:40:07.577] [Server thread/INFO] [org.merlin204.leonidas.util.DimensionResourceCopier/]: 菠萝科技： 从 epicfight_leonidas/rockwind_ruins/region/r.7.0.mca 复制到 /workspaces/RETRIEVAL-WATERCLIP/servidor_minecraft/world/dimensions/epicfight_leonidas/rockwind_ruins/region/r.7.0.mca 
[30Aug2026 18:40:07.577] [Server thread/INFO] [org.merlin204.leonidas.util.DimensionResourceCopier/]: 菠萝科技： 从 epicfight_leonidas/rockwind_ruins/region/r.7.-9.mca 复制到 /workspaces/RETRIEVAL-WATERCLIP/servidor_minecraft/world/dimensions/epicfight_leonidas/rockwind_ruins/region/r.7.-9.mca 
[30Aug2026 18:40:07.577] [Server thread/INFO] [org.merlin204.leonidas.util.DimensionResourceCopier/]: 菠萝科技： 从 epicfight_leonidas/rockwind_ruins/region/r.7.-8.mca 复制到 /workspaces/RETRIEVAL-WATERCLIP/servidor_minecraft/world/dimensions/epicfight_leonidas/rockwind_ruins/region/r.7.-8.mca 
[30Aug2026 18:40:07.578] [Server thread/INFO] [org.merlin204.leonidas.util.DimensionResourceCopier/]: 菠萝科技： 从 epicfight_leonidas/rockwind_ruins/region/r.7.-7.mca 复制到 /workspaces/RETRIEVAL-WATERCLIP/servidor_minecraft/world/dimensions/epicfight_leonidas/rockwind_ruins/region/r.7.-7.mca 
[30Aug2026 18:40:07.578] [Server thread/INFO] [org.merlin204.leonidas.util.DimensionResourceCopier/]: 菠萝科技： 从 epicfight_leonidas/rockwind_ruins/region/r.7.-6.mca 复制到 /workspaces/RETRIEVAL-WATERCLIP/servidor_minecraft/world/dimensions/epicfight_leonidas/rockwind_ruins/region/r.7.-6.mca 
[30Aug2026 18:40:07.578] [Server thread/INFO] [org.merlin204.leonidas.util.DimensionResourceCopier/]: 菠萝科技： 从 epicfight_leonidas/rockwind_ruins/region/r.7.-5.mca 复制到 /workspaces/RETRIEVAL-WATERCLIP/servidor_minecraft/world/dimensions/epicfight_leonidas/rockwind_ruins/region/r.7.-5.mca 
[30Aug2026 18:40:07.578] [Server thread/INFO] [org.merlin204.leonidas.util.DimensionResourceCopier/]: 菠萝科技： 从 epicfight_leonidas/rockwind_ruins/region/r.7.-4.mca 复制到 /workspaces/RETRIEVAL-WATERCLIP/servidor_minecraft/world/dimensions/epicfight_leonidas/rockwind_ruins/region/r.7.-4.mca 
[30Aug2026 18:40:07.579] [Server thread/INFO] [org.merlin204.leonidas.util.DimensionResourceCopier/]: 菠萝科技： 从 epicfight_leonidas/rockwind_ruins/region/r.7.-3.mca 复制到 /workspaces/RETRIEVAL-WATERCLIP/servidor_minecraft/world/dimensions/epicfight_leonidas/rockwind_ruins/region/r.7.-3.mca 
[30Aug2026 18:40:07.579] [Server thread/INFO] [org.merlin204.leonidas.util.DimensionResourceCopier/]: 菠萝科技： 从 epicfight_leonidas/rockwind_ruins/region/r.7.-2.mca 复制到 /workspaces/RETRIEVAL-WATERCLIP/servidor_minecraft/world/dimensions/epicfight_leonidas/rockwind_ruins/region/r.7.-2.mca 
[30Aug2026 18:40:07.579] [Server thread/INFO] [org.merlin204.leonidas.util.DimensionResourceCopier/]: 菠萝科技： 从 epicfight_leonidas/rockwind_ruins/region/r.7.-1.mca 复制到 /workspaces/RETRIEVAL-WATERCLIP/servidor_minecraft/world/dimensions/epicfight_leonidas/rockwind_ruins/region/r.7.-1.mca 
[30Aug2026 18:40:07.579] [Server thread/INFO] [org.merlin204.leonidas.util.DimensionResourceCopier/]: 菠萝科技： 从 epicfight_leonidas/rockwind_ruins/region/r.6.9.mca 复制到 /workspaces/RETRIEVAL-WATERCLIP/servidor_minecraft/world/dimensions/epicfight_leonidas/rockwind_ruins/region/r.6.9.mca 
[30Aug2026 18:40:07.580] [Server thread/INFO] [org.merlin204.leonidas.util.DimensionResourceCopier/]: 菠萝科技： 从 epicfight_leonidas/rockwind_ruins/region/r.6.8.mca 复制到 /workspaces/RETRIEVAL-WATERCLIP/servidor_minecraft/world/dimensions/epicfight_leonidas/rockwind_ruins/region/r.6.8.mca 
[30Aug2026 18:40:07.580] [Server thread/INFO] [org.merlin204.leonidas.util.DimensionResourceCopier/]: 菠萝科技： 从 epicfight_leonidas/rockwind_ruins/region/r.6.7.mca 复制到 /workspaces/RETRIEVAL-WATERCLIP/servidor_minecraft/world/dimensions/epicfight_leonidas/rockwind_ruins/region/r.6.7.mca 
[30Aug2026 18:40:07.580] [Server thread/INFO] [org.merlin204.leonidas.util.DimensionResourceCopier/]: 菠萝科技： 从 epicfight_leonidas/rockwind_ruins/region/r.6.6.mca 复制到 /workspaces/RETRIEVAL-WATERCLIP/servidor_minecraft/world/dimensions/epicfight_leonidas/rockwind_ruins/region/r.6.6.mca 
[30Aug2026 18:40:07.581] [Server thread/INFO] [org.merlin204.leonidas.util.DimensionResourceCopier/]: 菠萝科技： 从 epicfight_leonidas/rockwind_ruins/region/r.6.5.mca 复制到 /workspaces/RETRIEVAL-WATERCLIP/servidor_minecraft/world/dimensions/epicfight_leonidas/rockwind_ruins/region/r.6.5.mca 
[30Aug2026 18:40:07.581] [Server thread/INFO] [org.merlin204.leonidas.util.DimensionResourceCopier/]: 菠萝科技： 从 epicfight_leonidas/rockwind_ruins/region/r.6.4.mca 复制到 /workspaces/RETRIEVAL-WATERCLIP/servidor_minecraft/world/dimensions/epicfight_leonidas/rockwind_ruins/region/r.6.4.mca 
[30Aug2026 18:40:07.581] [Server thread/INFO] [org.merlin204.leonidas.util.DimensionResourceCopier/]: 菠萝科技： 从 epicfight_leonidas/rockwind_ruins/region/r.6.3.mca 复制到 /workspaces/RETRIEVAL-WATERCLIP/servidor_minecraft/world/dimensions/epicfight_leonidas/rockwind_ruins/region/r.6.3.mca 
[30Aug2026 18:40:07.582] [Server thread/INFO] [org.merlin204.leonidas.util.DimensionResourceCopier/]: 菠萝科技： 从 epicfight_leonidas/rockwind_ruins/region/r.6.2.mca 复制到 /workspaces/RETRIEVAL-WATERCLIP/servidor_minecraft/world/dimensions/epicfight_leonidas/rockwind_ruins/region/r.6.2.mca 
[30Aug2026 18:40:07.582] [Server thread/INFO] [org.merlin204.leonidas.util.DimensionResourceCopier/]: 菠萝科技： 从 epicfight_leonidas/rockwind_ruins/region/r.6.1.mca 复制到 /workspaces/RETRIEVAL-WATERCLIP/servidor_minecraft/world/dimensions/epicfight_leonidas/rockwind_ruins/region/r.6.1.mca 
[30Aug2026 18:40:07.582] [Server thread/INFO] [org.merlin204.leonidas.util.DimensionResourceCopier/]: 菠萝科技： 从 epicfight_leonidas/rockwind_ruins/region/r.6.0.mca 复制到 /workspaces/RETRIEVAL-WATERCLIP/servidor_minecraft/world/dimensions/epicfight_leonidas/rockwind_ruins/region/r.6.0.mca 
[30Aug2026 18:40:07.583] [Server thread/INFO] [org.merlin204.leonidas.util.DimensionResourceCopier/]: 菠萝科技： 从 epicfight_leonidas/rockwind_ruins/region/r.6.-9.mca 复制到 /workspaces/RETRIEVAL-WATERCLIP/servidor_minecraft/world/dimensions/epicfight_leonidas/rockwind_ruins/region/r.6.-9.mca 
[30Aug2026 18:40:07.583] [Server thread/INFO] [org.merlin204.leonidas.util.DimensionResourceCopier/]: 菠萝科技： 从 epicfight_leonidas/rockwind_ruins/region/r.6.-8.mca 复制到 /workspaces/RETRIEVAL-WATERCLIP/servidor_minecraft/world/dimensions/epicfight_leonidas/rockwind_ruins/region/r.6.-8.mca 
[30Aug2026 18:40:07.583] [Server thread/INFO] [org.merlin204.leonidas.util.DimensionResourceCopier/]: 菠萝科技： 从 epicfight_leonidas/rockwind_ruins/region/r.6.-7.mca 复制到 /workspaces/RETRIEVAL-WATERCLIP/servidor_minecraft/world/dimensions/epicfight_leonidas/rockwind_ruins/region/r.6.-7.mca 
[30Aug2026 18:40:07.584] [Server thread/INFO] [org.merlin204.leonidas.util.DimensionResourceCopier/]: 菠萝科技： 从 epicfight_leonidas/rockwind_ruins/region/r.6.-6.mca 复制到 /workspaces/RETRIEVAL-WATERCLIP/servidor_minecraft/world/dimensions/epicfight_leonidas/rockwind_ruins/region/r.6.-6.mca 
[30Aug2026 18:40:07.584] [Server thread/INFO] [org.merlin204.leonidas.util.DimensionResourceCopier/]: 菠萝科技： 从 epicfight_leonidas/rockwind_ruins/region/r.6.-5.mca 复制到 /workspaces/RETRIEVAL-WATERCLIP/servidor_minecraft/world/dimensions/epicfight_leonidas/rockwind_ruins/region/r.6.-5.mca 
[30Aug2026 18:40:07.584] [Server thread/INFO] [org.merlin204.leonidas.util.DimensionResourceCopier/]: 菠萝科技： 从 epicfight_leonidas/rockwind_ruins/region/r.6.-4.mca 复制到 /workspaces/RETRIEVAL-WATERCLIP/servidor_minecraft/world/dimensions/epicfight_leonidas/rockwind_ruins/region/r.6.-4.mca 
[30Aug2026 18:40:07.585] [Server thread/INFO] [org.merlin204.leonidas.util.DimensionResourceCopier/]: 菠萝科技： 从 epicfight_leonidas/rockwind_ruins/region/r.6.-3.mca 复制到 /workspaces/RETRIEVAL-WATERCLIP/servidor_minecraft/world/dimensions/epicfight_leonidas/rockwind_ruins/region/r.6.-3.mca 
[30Aug2026 18:40:07.585] [Server thread/INFO] [org.merlin204.leonidas.util.DimensionResourceCopier/]: 菠萝科技： 从 epicfight_leonidas/rockwind_ruins/region/r.6.-2.mca 复制到 /workspaces/RETRIEVAL-WATERCLIP/servidor_minecraft/world/dimensions/epicfight_leonidas/rockwind_ruins/region/r.6.-2.mca 
[30Aug2026 18:40:07.586] [Server thread/INFO] [org.merlin204.leonidas.util.DimensionResourceCopier/]: 菠萝科技： 从 epicfight_leonidas/rockwind_ruins/region/r.6.-1.mca 复制到 /workspaces/RETRIEVAL-WATERCLIP/servidor_minecraft/world/dimensions/epicfight_leonidas/rockwind_ruins/region/r.6.-1.mca 
[30Aug2026 18:40:07.586] [Server thread/INFO] [org.merlin204.leonidas.util.DimensionResourceCopier/]: 菠萝科技： 从 epicfight_leonidas/rockwind_ruins/region/r.5.9.mca 复制到 /workspaces/RETRIEVAL-WATERCLIP/servidor_minecraft/world/dimensions/epicfight_leonidas/rockwind_ruins/region/r.5.9.mca 
[30Aug2026 18:40:07.586] [Server thread/INFO] [org.merlin204.leonidas.util.DimensionResourceCopier/]: 菠萝科技： 从 epicfight_leonidas/rockwind_ruins/region/r.5.8.mca 复制到 /workspaces/RETRIEVAL-WATERCLIP/servidor_minecraft/world/dimensions/epicfight_leonidas/rockwind_ruins/region/r.5.8.mca 
[30Aug2026 18:40:07.586] [Server thread/INFO] [org.merlin204.leonidas.util.DimensionResourceCopier/]: 菠萝科技： 从 epicfight_leonidas/rockwind_ruins/region/r.5.7.mca 复制到 /workspaces/RETRIEVAL-WATERCLIP/servidor_minecraft/world/dimensions/epicfight_leonidas/rockwind_ruins/region/r.5.7.mca 
[30Aug2026 18:40:07.587] [Server thread/INFO] [org.merlin204.leonidas.util.DimensionResourceCopier/]: 菠萝科技： 从 epicfight_leonidas/rockwind_ruins/region/r.5.6.mca 复制到 /workspaces/RETRIEVAL-WATERCLIP/servidor_minecraft/world/dimensions/epicfight_leonidas/rockwind_ruins/region/r.5.6.mca 
[30Aug2026 18:40:07.587] [Server thread/INFO] [org.merlin204.leonidas.util.DimensionResourceCopier/]: 菠萝科技： 从 epicfight_leonidas/rockwind_ruins/region/r.5.5.mca 复制到 /workspaces/RETRIEVAL-WATERCLIP/servidor_minecraft/world/dimensions/epicfight_leonidas/rockwind_ruins/region/r.5.5.mca 
[30Aug2026 18:40:07.587] [Server thread/INFO] [org.merlin204.leonidas.util.DimensionResourceCopier/]: 菠萝科技： 从 epicfight_leonidas/rockwind_ruins/region/r.5.4.mca 复制到 /workspaces/RETRIEVAL-WATERCLIP/servidor_minecraft/world/dimensions/epicfight_leonidas/rockwind_ruins/region/r.5.4.mca 
[30Aug2026 18:40:07.588] [Server thread/INFO] [org.merlin204.leonidas.util.DimensionResourceCopier/]: 菠萝科技： 从 epicfight_leonidas/rockwind_ruins/region/r.5.3.mca 复制到 /workspaces/RETRIEVAL-WATERCLIP/servidor_minecraft/world/dimensions/epicfight_leonidas/rockwind_ruins/region/r.5.3.mca 
[30Aug2026 18:40:07.588] [Server thread/INFO] [org.merlin204.leonidas.util.DimensionResourceCopier/]: 菠萝科技： 从 epicfight_leonidas/rockwind_ruins/region/r.5.2.mca 复制到 /workspaces/RETRIEVAL-WATERCLIP/servidor_minecraft/world/dimensions/epicfight_leonidas/rockwind_ruins/region/r.5.2.mca 
[30Aug2026 18:40:07.588] [Server thread/INFO] [org.merlin204.leonidas.util.DimensionResourceCopier/]: 菠萝科技： 从 epicfight_leonidas/rockwind_ruins/region/r.5.1.mca 复制到 /workspaces/RETRIEVAL-WATERCLIP/servidor_minecraft/world/dimensions/epicfight_leonidas/rockwind_ruins/region/r.5.1.mca 
[30Aug2026 18:40:07.589] [Server thread/INFO] [org.merlin204.leonidas.util.DimensionResourceCopier/]: 菠萝科技： 从 epicfight_leonidas/rockwind_ruins/region/r.5.0.mca 复制到 /workspaces/RETRIEVAL-WATERCLIP/servidor_minecraft/world/dimensions/epicfight_leonidas/rockwind_ruins/region/r.5.0.mca 
[30Aug2026 18:40:07.589] [Server thread/INFO] [org.merlin204.leonidas.util.DimensionResourceCopier/]: 菠萝科技： 从 epicfight_leonidas/rockwind_ruins/region/r.5.-9.mca 复制到 /workspaces/RETRIEVAL-WATERCLIP/servidor_minecraft/world/dimensions/epicfight_leonidas/rockwind_ruins/region/r.5.-9.mca 
[30Aug2026 18:40:07.589] [Server thread/INFO] [org.merlin204.leonidas.util.DimensionResourceCopier/]: 菠萝科技： 从 epicfight_leonidas/rockwind_ruins/region/r.5.-8.mca 复制到 /workspaces/RETRIEVAL-WATERCLIP/servidor_minecraft/world/dimensions/epicfight_leonidas/rockwind_ruins/region/r.5.-8.mca 
[30Aug2026 18:40:07.589] [Server thread/INFO] [org.merlin204.leonidas.util.DimensionResourceCopier/]: 菠萝科技： 从 epicfight_leonidas/rockwind_ruins/region/r.5.-7.mca 复制到 /workspaces/RETRIEVAL-WATERCLIP/servidor_minecraft/world/dimensions/epicfight_leonidas/rockwind_ruins/region/r.5.-7.mca 
[30Aug2026 18:40:07.590] [Server thread/INFO] [org.merlin204.leonidas.util.DimensionResourceCopier/]: 菠萝科技： 从 epicfight_leonidas/rockwind_ruins/region/r.5.-6.mca 复制到 /workspaces/RETRIEVAL-WATERCLIP/servidor_minecraft/world/dimensions/epicfight_leonidas/rockwind_ruins/region/r.5.-6.mca 
[30Aug2026 18:40:07.590] [Server thread/INFO] [org.merlin204.leonidas.util.DimensionResourceCopier/]: 菠萝科技： 从 epicfight_leonidas/rockwind_ruins/region/r.5.-5.mca 复制到 /workspaces/RETRIEVAL-WATERCLIP/servidor_minecraft/world/dimensions/epicfight_leonidas/rockwind_ruins/region/r.5.-5.mca 
[30Aug2026 18:40:07.590] [Server thread/INFO] [org.merlin204.leonidas.util.DimensionResourceCopier/]: 菠萝科技： 从 epicfight_leonidas/rockwind_ruins/region/r.5.-4.mca 复制到 /workspaces/RETRIEVAL-WATERCLIP/servidor_minecraft/world/dimensions/epicfight_leonidas/rockwind_ruins/region/r.5.-4.mca 
[30Aug2026 18:40:07.591] [Server thread/INFO] [org.merlin204.leonidas.util.DimensionResourceCopier/]: 菠萝科技： 从 epicfight_leonidas/rockwind_ruins/region/r.5.-3.mca 复制到 /workspaces/RETRIEVAL-WATERCLIP/servidor_minecraft/world/dimensions/epicfight_leonidas/rockwind_ruins/region/r.5.-3.mca 
[30Aug2026 18:40:07.591] [Server thread/INFO] [org.merlin204.leonidas.util.DimensionResourceCopier/]: 菠萝科技： 从 epicfight_leonidas/rockwind_ruins/region/r.5.-2.mca 复制到 /workspaces/RETRIEVAL-WATERCLIP/servidor_minecraft/world/dimensions/epicfight_leonidas/rockwind_ruins/region/r.5.-2.mca 
[30Aug2026 18:40:07.591] [Server thread/INFO] [org.merlin204.leonidas.util.DimensionResourceCopier/]: 菠萝科技： 从 epicfight_leonidas/rockwind_ruins/region/r.5.-1.mca 复制到 /workspaces/RETRIEVAL-WATERCLIP/servidor_minecraft/world/dimensions/epicfight_leonidas/rockwind_ruins/region/r.5.-1.mca 
[30Aug2026 18:40:07.592] [Server thread/INFO] [org.merlin204.leonidas.util.DimensionResourceCopier/]: 菠萝科技： 从 epicfight_leonidas/rockwind_ruins/region/r.4.9.mca 复制到 /workspaces/RETRIEVAL-WATERCLIP/servidor_minecraft/world/dimensions/epicfight_leonidas/rockwind_ruins/region/r.4.9.mca 
[30Aug2026 18:40:07.592] [Server thread/INFO] [org.merlin204.leonidas.util.DimensionResourceCopier/]: 菠萝科技： 从 epicfight_leonidas/rockwind_ruins/region/r.4.8.mca 复制到 /workspaces/RETRIEVAL-WATERCLIP/servidor_minecraft/world/dimensions/epicfight_leonidas/rockwind_ruins/region/r.4.8.mca 
[30Aug2026 18:40:07.592] [Server thread/INFO] [org.merlin204.leonidas.util.DimensionResourceCopier/]: 菠萝科技： 从 epicfight_leonidas/rockwind_ruins/region/r.4.7.mca 复制到 /workspaces/RETRIEVAL-WATERCLIP/servidor_minecraft/world/dimensions/epicfight_leonidas/rockwind_ruins/region/r.4.7.mca 
[30Aug2026 18:40:07.592] [Server thread/INFO] [org.merlin204.leonidas.util.DimensionResourceCopier/]: 菠萝科技： 从 epicfight_leonidas/rockwind_ruins/region/r.4.6.mca 复制到 /workspaces/RETRIEVAL-WATERCLIP/servidor_minecraft/world/dimensions/epicfight_leonidas/rockwind_ruins/region/r.4.6.mca 
[30Aug2026 18:40:07.593] [Server thread/INFO] [org.merlin204.leonidas.util.DimensionResourceCopier/]: 菠萝科技： 从 epicfight_leonidas/rockwind_ruins/region/r.4.5.mca 复制到 /workspaces/RETRIEVAL-WATERCLIP/servidor_minecraft/world/dimensions/epicfight_leonidas/rockwind_ruins/region/r.4.5.mca 
[30Aug2026 18:40:07.593] [Server thread/INFO] [org.merlin204.leonidas.util.DimensionResourceCopier/]: 菠萝科技： 从 epicfight_leonidas/rockwind_ruins/region/r.4.4.mca 复制到 /workspaces/RETRIEVAL-WATERCLIP/servidor_minecraft/world/dimensions/epicfight_leonidas/rockwind_ruins/region/r.4.4.mca 
[30Aug2026 18:40:07.593] [Server thread/INFO] [org.merlin204.leonidas.util.DimensionResourceCopier/]: 菠萝科技： 从 epicfight_leonidas/rockwind_ruins/region/r.4.3.mca 复制到 /workspaces/RETRIEVAL-WATERCLIP/servidor_minecraft/world/dimensions/epicfight_leonidas/rockwind_ruins/region/r.4.3.mca 
[30Aug2026 18:40:07.594] [Server thread/INFO] [org.merlin204.leonidas.util.DimensionResourceCopier/]: 菠萝科技： 从 epicfight_leonidas/rockwind_ruins/region/r.4.2.mca 复制到 /workspaces/RETRIEVAL-WATERCLIP/servidor_minecraft/world/dimensions/epicfight_leonidas/rockwind_ruins/region/r.4.2.mca 
[30Aug2026 18:40:07.594] [Server thread/INFO] [org.merlin204.leonidas.util.DimensionResourceCopier/]: 菠萝科技： 从 epicfight_leonidas/rockwind_ruins/region/r.4.1.mca 复制到 /workspaces/RETRIEVAL-WATERCLIP/servidor_minecraft/world/dimensions/epicfight_leonidas/rockwind_ruins/region/r.4.1.mca 
[30Aug2026 18:40:07.594] [Server thread/INFO] [org.merlin204.leonidas.util.DimensionResourceCopier/]: 菠萝科技： 从 epicfight_leonidas/rockwind_ruins/region/r.4.0.mca 复制到 /workspaces/RETRIEVAL-WATERCLIP/servidor_minecraft/world/dimensions/epicfight_leonidas/rockwind_ruins/region/r.4.0.mca 
[30Aug2026 18:40:07.595] [Server thread/INFO] [org.merlin204.leonidas.util.DimensionResourceCopier/]: 菠萝科技： 从 epicfight_leonidas/rockwind_ruins/region/r.4.-9.mca 复制到 /workspaces/RETRIEVAL-WATERCLIP/servidor_minecraft/world/dimensions/epicfight_leonidas/rockwind_ruins/region/r.4.-9.mca 
[30Aug2026 18:40:07.595] [Server thread/INFO] [org.merlin204.leonidas.util.DimensionResourceCopier/]: 菠萝科技： 从 epicfight_leonidas/rockwind_ruins/region/r.4.-8.mca 复制到 /workspaces/RETRIEVAL-WATERCLIP/servidor_minecraft/world/dimensions/epicfight_leonidas/rockwind_ruins/region/r.4.-8.mca 
[30Aug2026 18:40:07.596] [Server thread/INFO] [org.merlin204.leonidas.util.DimensionResourceCopier/]: 菠萝科技： 从 epicfight_leonidas/rockwind_ruins/region/r.4.-7.mca 复制到 /workspaces/RETRIEVAL-WATERCLIP/servidor_minecraft/world/dimensions/epicfight_leonidas/rockwind_ruins/region/r.4.-7.mca 
[30Aug2026 18:40:07.596] [Server thread/INFO] [org.merlin204.leonidas.util.DimensionResourceCopier/]: 菠萝科技： 从 epicfight_leonidas/rockwind_ruins/region/r.4.-6.mca 复制到 /workspaces/RETRIEVAL-WATERCLIP/servidor_minecraft/world/dimensions/epicfight_leonidas/rockwind_ruins/region/r.4.-6.mca 
[30Aug2026 18:40:07.596] [Server thread/INFO] [org.merlin204.leonidas.util.DimensionResourceCopier/]: 菠萝科技： 从 epicfight_leonidas/rockwind_ruins/region/r.4.-5.mca 复制到 /workspaces/RETRIEVAL-WATERCLIP/servidor_minecraft/world/dimensions/epicfight_leonidas/rockwind_ruins/region/r.4.-5.mca 
[30Aug2026 18:40:07.597] [Server thread/INFO] [org.merlin204.leonidas.util.DimensionResourceCopier/]: 菠萝科技： 从 epicfight_leonidas/rockwind_ruins/region/r.4.-4.mca 复制到 /workspaces/RETRIEVAL-WATERCLIP/servidor_minecraft/world/dimensions/epicfight_leonidas/rockwind_ruins/region/r.4.-4.mca 
[30Aug2026 18:40:07.597] [Server thread/INFO] [org.merlin204.leonidas.util.DimensionResourceCopier/]: 菠萝科技： 从 epicfight_leonidas/rockwind_ruins/region/r.4.-3.mca 复制到 /workspaces/RETRIEVAL-WATERCLIP/servidor_minecraft/world/dimensions/epicfight_leonidas/rockwind_ruins/region/r.4.-3.mca 
[30Aug2026 18:40:07.597] [Server thread/INFO] [org.merlin204.leonidas.util.DimensionResourceCopier/]: 菠萝科技： 从 epicfight_leonidas/rockwind_ruins/region/r.4.-2.mca 复制到 /workspaces/RETRIEVAL-WATERCLIP/servidor_minecraft/world/dimensions/epicfight_leonidas/rockwind_ruins/region/r.4.-2.mca 
[30Aug2026 18:40:07.598] [Server thread/INFO] [org.merlin204.leonidas.util.DimensionResourceCopier/]: 菠萝科技： 从 epicfight_leonidas/rockwind_ruins/region/r.4.-1.mca 复制到 /workspaces/RETRIEVAL-WATERCLIP/servidor_minecraft/world/dimensions/epicfight_leonidas/rockwind_ruins/region/r.4.-1.mca 
[30Aug2026 18:40:07.598] [Server thread/INFO] [org.merlin204.leonidas.util.DimensionResourceCopier/]: 菠萝科技： 从 epicfight_leonidas/rockwind_ruins/region/r.3.9.mca 复制到 /workspaces/RETRIEVAL-WATERCLIP/servidor_minecraft/world/dimensions/epicfight_leonidas/rockwind_ruins/region/r.3.9.mca 
[30Aug2026 18:40:07.598] [Server thread/INFO] [org.merlin204.leonidas.util.DimensionResourceCopier/]: 菠萝科技： 从 epicfight_leonidas/rockwind_ruins/region/r.3.8.mca 复制到 /workspaces/RETRIEVAL-WATERCLIP/servidor_minecraft/world/dimensions/epicfight_leonidas/rockwind_ruins/region/r.3.8.mca 
[30Aug2026 18:40:07.599] [Server thread/INFO] [org.merlin204.leonidas.util.DimensionResourceCopier/]: 菠萝科技： 从 epicfight_leonidas/rockwind_ruins/region/r.3.7.mca 复制到 /workspaces/RETRIEVAL-WATERCLIP/servidor_minecraft/world/dimensions/epicfight_leonidas/rockwind_ruins/region/r.3.7.mca 
[30Aug2026 18:40:07.599] [Server thread/INFO] [org.merlin204.leonidas.util.DimensionResourceCopier/]: 菠萝科技： 从 epicfight_leonidas/rockwind_ruins/region/r.3.6.mca 复制到 /workspaces/RETRIEVAL-WATERCLIP/servidor_minecraft/world/dimensions/epicfight_leonidas/rockwind_ruins/region/r.3.6.mca 
[30Aug2026 18:40:07.599] [Server thread/INFO] [org.merlin204.leonidas.util.DimensionResourceCopier/]: 菠萝科技： 从 epicfight_leonidas/rockwind_ruins/region/r.3.5.mca 复制到 /workspaces/RETRIEVAL-WATERCLIP/servidor_minecraft/world/dimensions/epicfight_leonidas/rockwind_ruins/region/r.3.5.mca 
[30Aug2026 18:40:07.599] [Server thread/INFO] [org.merlin204.leonidas.util.DimensionResourceCopier/]: 菠萝科技： 从 epicfight_leonidas/rockwind_ruins/region/r.3.4.mca 复制到 /workspaces/RETRIEVAL-WATERCLIP/servidor_minecraft/world/dimensions/epicfight_leonidas/rockwind_ruins/region/r.3.4.mca 
[30Aug2026 18:40:07.600] [Server thread/INFO] [org.merlin204.leonidas.util.DimensionResourceCopier/]: 菠萝科技： 从 epicfight_leonidas/rockwind_ruins/region/r.3.3.mca 复制到 /workspaces/RETRIEVAL-WATERCLIP/servidor_minecraft/world/dimensions/epicfight_leonidas/rockwind_ruins/region/r.3.3.mca 
[30Aug2026 18:40:07.600] [Server thread/INFO] [org.merlin204.leonidas.util.DimensionResourceCopier/]: 菠萝科技： 从 epicfight_leonidas/rockwind_ruins/region/r.3.2.mca 复制到 /workspaces/RETRIEVAL-WATERCLIP/servidor_minecraft/world/dimensions/epicfight_leonidas/rockwind_ruins/region/r.3.2.mca 
[30Aug2026 18:40:07.601] [Server thread/INFO] [org.merlin204.leonidas.util.DimensionResourceCopier/]: 菠萝科技： 从 epicfight_leonidas/rockwind_ruins/region/r.3.1.mca 复制到 /workspaces/RETRIEVAL-WATERCLIP/servidor_minecraft/world/dimensions/epicfight_leonidas/rockwind_ruins/region/r.3.1.mca 
[30Aug2026 18:40:07.601] [Server thread/INFO] [org.merlin204.leonidas.util.DimensionResourceCopier/]: 菠萝科技： 从 epicfight_leonidas/rockwind_ruins/region/r.3.0.mca 复制到 /workspaces/RETRIEVAL-WATERCLIP/servidor_minecraft/world/dimensions/epicfight_leonidas/rockwind_ruins/region/r.3.0.mca 
[30Aug2026 18:40:07.601] [Server thread/INFO] [org.merlin204.leonidas.util.DimensionResourceCopier/]: 菠萝科技： 从 epicfight_leonidas/rockwind_ruins/region/r.3.-9.mca 复制到 /workspaces/RETRIEVAL-WATERCLIP/servidor_minecraft/world/dimensions/epicfight_leonidas/rockwind_ruins/region/r.3.-9.mca 
[30Aug2026 18:40:07.601] [Server thread/INFO] [org.merlin204.leonidas.util.DimensionResourceCopier/]: 菠萝科技： 从 epicfight_leonidas/rockwind_ruins/region/r.3.-8.mca 复制到 /workspaces/RETRIEVAL-WATERCLIP/servidor_minecraft/world/dimensions/epicfight_leonidas/rockwind_ruins/region/r.3.-8.mca 
[30Aug2026 18:40:07.602] [Server thread/INFO] [org.merlin204.leonidas.util.DimensionResourceCopier/]: 菠萝科技： 从 epicfight_leonidas/rockwind_ruins/region/r.3.-7.mca 复制到 /workspaces/RETRIEVAL-WATERCLIP/servidor_minecraft/world/dimensions/epicfight_leonidas/rockwind_ruins/region/r.3.-7.mca 
[30Aug2026 18:40:07.602] [Server thread/INFO] [org.merlin204.leonidas.util.DimensionResourceCopier/]: 菠萝科技： 从 epicfight_leonidas/rockwind_ruins/region/r.3.-6.mca 复制到 /workspaces/RETRIEVAL-WATERCLIP/servidor_minecraft/world/dimensions/epicfight_leonidas/rockwind_ruins/region/r.3.-6.mca 
[30Aug2026 18:40:07.603] [Server thread/INFO] [org.merlin204.leonidas.util.DimensionResourceCopier/]: 菠萝科技： 从 epicfight_leonidas/rockwind_ruins/region/r.3.-5.mca 复制到 /workspaces/RETRIEVAL-WATERCLIP/servidor_minecraft/world/dimensions/epicfight_leonidas/rockwind_ruins/region/r.3.-5.mca 
[30Aug2026 18:40:07.603] [Server thread/INFO] [org.merlin204.leonidas.util.DimensionResourceCopier/]: 菠萝科技： 从 epicfight_leonidas/rockwind_ruins/region/r.3.-4.mca 复制到 /workspaces/RETRIEVAL-WATERCLIP/servidor_minecraft/world/dimensions/epicfight_leonidas/rockwind_ruins/region/r.3.-4.mca 
[30Aug2026 18:40:07.603] [Server thread/INFO] [org.merlin204.leonidas.util.DimensionResourceCopier/]: 菠萝科技： 从 epicfight_leonidas/rockwind_ruins/region/r.3.-3.mca 复制到 /workspaces/RETRIEVAL-WATERCLIP/servidor_minecraft/world/dimensions/epicfight_leonidas/rockwind_ruins/region/r.3.-3.mca 
[30Aug2026 18:40:07.604] [Server thread/INFO] [org.merlin204.leonidas.util.DimensionResourceCopier/]: 菠萝科技： 从 epicfight_leonidas/rockwind_ruins/region/r.3.-2.mca 复制到 /workspaces/RETRIEVAL-WATERCLIP/servidor_minecraft/world/dimensions/epicfight_leonidas/rockwind_ruins/region/r.3.-2.mca 
[30Aug2026 18:40:07.604] [Server thread/INFO] [org.merlin204.leonidas.util.DimensionResourceCopier/]: 菠萝科技： 从 epicfight_leonidas/rockwind_ruins/region/r.3.-1.mca 复制到 /workspaces/RETRIEVAL-WATERCLIP/servidor_minecraft/world/dimensions/epicfight_leonidas/rockwind_ruins/region/r.3.-1.mca 
[30Aug2026 18:40:07.604] [Server thread/INFO] [org.merlin204.leonidas.util.DimensionResourceCopier/]: 菠萝科技： 从 epicfight_leonidas/rockwind_ruins/region/r.2.9.mca 复制到 /workspaces/RETRIEVAL-WATERCLIP/servidor_minecraft/world/dimensions/epicfight_leonidas/rockwind_ruins/region/r.2.9.mca 
[30Aug2026 18:40:07.605] [Server thread/INFO] [org.merlin204.leonidas.util.DimensionResourceCopier/]: 菠萝科技： 从 epicfight_leonidas/rockwind_ruins/region/r.2.8.mca 复制到 /workspaces/RETRIEVAL-WATERCLIP/servidor_minecraft/world/dimensions/epicfight_leonidas/rockwind_ruins/region/r.2.8.mca 
[30Aug2026 18:40:07.605] [Server thread/INFO] [org.merlin204.leonidas.util.DimensionResourceCopier/]: 菠萝科技： 从 epicfight_leonidas/rockwind_ruins/region/r.2.7.mca 复制到 /workspaces/RETRIEVAL-WATERCLIP/servidor_minecraft/world/dimensions/epicfight_leonidas/rockwind_ruins/region/r.2.7.mca 
[30Aug2026 18:40:07.605] [Server thread/INFO] [org.merlin204.leonidas.util.DimensionResourceCopier/]: 菠萝科技： 从 epicfight_leonidas/rockwind_ruins/region/r.2.6.mca 复制到 /workspaces/RETRIEVAL-WATERCLIP/servidor_minecraft/world/dimensions/epicfight_leonidas/rockwind_ruins/region/r.2.6.mca 
[30Aug2026 18:40:07.606] [Server thread/INFO] [org.merlin204.leonidas.util.DimensionResourceCopier/]: 菠萝科技： 从 epicfight_leonidas/rockwind_ruins/region/r.2.5.mca 复制到 /workspaces/RETRIEVAL-WATERCLIP/servidor_minecraft/world/dimensions/epicfight_leonidas/rockwind_ruins/region/r.2.5.mca 
[30Aug2026 18:40:07.606] [Server thread/INFO] [org.merlin204.leonidas.util.DimensionResourceCopier/]: 菠萝科技： 从 epicfight_leonidas/rockwind_ruins/region/r.2.4.mca 复制到 /workspaces/RETRIEVAL-WATERCLIP/servidor_minecraft/world/dimensions/epicfight_leonidas/rockwind_ruins/region/r.2.4.mca 
[30Aug2026 18:40:07.606] [Server thread/INFO] [org.merlin204.leonidas.util.DimensionResourceCopier/]: 菠萝科技： 从 epicfight_leonidas/rockwind_ruins/region/r.2.3.mca 复制到 /workspaces/RETRIEVAL-WATERCLIP/servidor_minecraft/world/dimensions/epicfight_leonidas/rockwind_ruins/region/r.2.3.mca 
[30Aug2026 18:40:07.606] [Server thread/INFO] [org.merlin204.leonidas.util.DimensionResourceCopier/]: 菠萝科技： 从 epicfight_leonidas/rockwind_ruins/region/r.2.2.mca 复制到 /workspaces/RETRIEVAL-WATERCLIP/servidor_minecraft/world/dimensions/epicfight_leonidas/rockwind_ruins/region/r.2.2.mca 
[30Aug2026 18:40:07.607] [Server thread/INFO] [org.merlin204.leonidas.util.DimensionResourceCopier/]: 菠萝科技： 从 epicfight_leonidas/rockwind_ruins/region/r.2.1.mca 复制到 /workspaces/RETRIEVAL-WATERCLIP/servidor_minecraft/world/dimensions/epicfight_leonidas/rockwind_ruins/region/r.2.1.mca 
[30Aug2026 18:40:07.607] [Server thread/INFO] [org.merlin204.leonidas.util.DimensionResourceCopier/]: 菠萝科技： 从 epicfight_leonidas/rockwind_ruins/region/r.2.0.mca 复制到 /workspaces/RETRIEVAL-WATERCLIP/servidor_minecraft/world/dimensions/epicfight_leonidas/rockwind_ruins/region/r.2.0.mca 
[30Aug2026 18:40:07.607] [Server thread/INFO] [org.merlin204.leonidas.util.DimensionResourceCopier/]: 菠萝科技： 从 epicfight_leonidas/rockwind_ruins/region/r.2.-9.mca 复制到 /workspaces/RETRIEVAL-WATERCLIP/servidor_minecraft/world/dimensions/epicfight_leonidas/rockwind_ruins/region/r.2.-9.mca 
[30Aug2026 18:40:07.607] [Server thread/INFO] [org.merlin204.leonidas.util.DimensionResourceCopier/]: 菠萝科技： 从 epicfight_leonidas/rockwind_ruins/region/r.2.-8.mca 复制到 /workspaces/RETRIEVAL-WATERCLIP/servidor_minecraft/world/dimensions/epicfight_leonidas/rockwind_ruins/region/r.2.-8.mca 
[30Aug2026 18:40:07.608] [Server thread/INFO] [org.merlin204.leonidas.util.DimensionResourceCopier/]: 菠萝科技： 从 epicfight_leonidas/rockwind_ruins/region/r.2.-7.mca 复制到 /workspaces/RETRIEVAL-WATERCLIP/servidor_minecraft/world/dimensions/epicfight_leonidas/rockwind_ruins/region/r.2.-7.mca 
[30Aug2026 18:40:07.608] [Server thread/INFO] [org.merlin204.leonidas.util.DimensionResourceCopier/]: 菠萝科技： 从 epicfight_leonidas/rockwind_ruins/region/r.2.-6.mca 复制到 /workspaces/RETRIEVAL-WATERCLIP/servidor_minecraft/world/dimensions/epicfight_leonidas/rockwind_ruins/region/r.2.-6.mca 
[30Aug2026 18:40:07.608] [Server thread/INFO] [org.merlin204.leonidas.util.DimensionResourceCopier/]: 菠萝科技： 从 epicfight_leonidas/rockwind_ruins/region/r.2.-5.mca 复制到 /workspaces/RETRIEVAL-WATERCLIP/servidor_minecraft/world/dimensions/epicfight_leonidas/rockwind_ruins/region/r.2.-5.mca 
[30Aug2026 18:40:07.609] [Server thread/INFO] [org.merlin204.leonidas.util.DimensionResourceCopier/]: 菠萝科技： 从 epicfight_leonidas/rockwind_ruins/region/r.2.-4.mca 复制到 /workspaces/RETRIEVAL-WATERCLIP/servidor_minecraft/world/dimensions/epicfight_leonidas/rockwind_ruins/region/r.2.-4.mca 
[30Aug2026 18:40:07.609] [Server thread/INFO] [org.merlin204.leonidas.util.DimensionResourceCopier/]: 菠萝科技： 从 epicfight_leonidas/rockwind_ruins/region/r.2.-3.mca 复制到 /workspaces/RETRIEVAL-WATERCLIP/servidor_minecraft/world/dimensions/epicfight_leonidas/rockwind_ruins/region/r.2.-3.mca 
[30Aug2026 18:40:07.609] [Server thread/INFO] [org.merlin204.leonidas.util.DimensionResourceCopier/]: 菠萝科技： 从 epicfight_leonidas/rockwind_ruins/region/r.2.-2.mca 复制到 /workspaces/RETRIEVAL-WATERCLIP/servidor_minecraft/world/dimensions/epicfight_leonidas/rockwind_ruins/region/r.2.-2.mca 
[30Aug2026 18:40:07.610] [Server thread/INFO] [org.merlin204.leonidas.util.DimensionResourceCopier/]: 菠萝科技： 从 epicfight_leonidas/rockwind_ruins/region/r.2.-1.mca 复制到 /workspaces/RETRIEVAL-WATERCLIP/servidor_minecraft/world/dimensions/epicfight_leonidas/rockwind_ruins/region/r.2.-1.mca 
[30Aug2026 18:40:07.610] [Server thread/INFO] [org.merlin204.leonidas.util.DimensionResourceCopier/]: 菠萝科技： 从 epicfight_leonidas/rockwind_ruins/region/r.1.9.mca 复制到 /workspaces/RETRIEVAL-WATERCLIP/servidor_minecraft/world/dimensions/epicfight_leonidas/rockwind_ruins/region/r.1.9.mca 
[30Aug2026 18:40:07.610] [Server thread/INFO] [org.merlin204.leonidas.util.DimensionResourceCopier/]: 菠萝科技： 从 epicfight_leonidas/rockwind_ruins/region/r.1.8.mca 复制到 /workspaces/RETRIEVAL-WATERCLIP/servidor_minecraft/world/dimensions/epicfight_leonidas/rockwind_ruins/region/r.1.8.mca 
[30Aug2026 18:40:07.611] [Server thread/INFO] [org.merlin204.leonidas.util.DimensionResourceCopier/]: 菠萝科技： 从 epicfight_leonidas/rockwind_ruins/region/r.1.7.mca 复制到 /workspaces/RETRIEVAL-WATERCLIP/servidor_minecraft/world/dimensions/epicfight_leonidas/rockwind_ruins/region/r.1.7.mca 
[30Aug2026 18:40:07.611] [Server thread/INFO] [org.merlin204.leonidas.util.DimensionResourceCopier/]: 菠萝科技： 从 epicfight_leonidas/rockwind_ruins/region/r.1.6.mca 复制到 /workspaces/RETRIEVAL-WATERCLIP/servidor_minecraft/world/dimensions/epicfight_leonidas/rockwind_ruins/region/r.1.6.mca 
[30Aug2026 18:40:07.611] [Server thread/INFO] [org.merlin204.leonidas.util.DimensionResourceCopier/]: 菠萝科技： 从 epicfight_leonidas/rockwind_ruins/region/r.1.5.mca 复制到 /workspaces/RETRIEVAL-WATERCLIP/servidor_minecraft/world/dimensions/epicfight_leonidas/rockwind_ruins/region/r.1.5.mca 
[30Aug2026 18:40:07.612] [Server thread/INFO] [org.merlin204.leonidas.util.DimensionResourceCopier/]: 菠萝科技： 从 epicfight_leonidas/rockwind_ruins/region/r.1.4.mca 复制到 /workspaces/RETRIEVAL-WATERCLIP/servidor_minecraft/world/dimensions/epicfight_leonidas/rockwind_ruins/region/r.1.4.mca 
[30Aug2026 18:40:07.612] [Server thread/INFO] [org.merlin204.leonidas.util.DimensionResourceCopier/]: 菠萝科技： 从 epicfight_leonidas/rockwind_ruins/region/r.1.3.mca 复制到 /workspaces/RETRIEVAL-WATERCLIP/servidor_minecraft/world/dimensions/epicfight_leonidas/rockwind_ruins/region/r.1.3.mca 
[30Aug2026 18:40:07.612] [Server thread/INFO] [org.merlin204.leonidas.util.DimensionResourceCopier/]: 菠萝科技： 从 epicfight_leonidas/rockwind_ruins/region/r.1.2.mca 复制到 /workspaces/RETRIEVAL-WATERCLIP/servidor_minecraft/world/dimensions/epicfight_leonidas/rockwind_ruins/region/r.1.2.mca 
[30Aug2026 18:40:07.623] [Server thread/INFO] [org.merlin204.leonidas.util.DimensionResourceCopier/]: 菠萝科技： 从 epicfight_leonidas/rockwind_ruins/region/r.1.1.mca 复制到 /workspaces/RETRIEVAL-WATERCLIP/servidor_minecraft/world/dimensions/epicfight_leonidas/rockwind_ruins/region/r.1.1.mca 
[30Aug2026 18:40:07.643] [Server thread/INFO] [org.merlin204.leonidas.util.DimensionResourceCopier/]: 菠萝科技： 从 epicfight_leonidas/rockwind_ruins/region/r.1.0.mca 复制到 /workspaces/RETRIEVAL-WATERCLIP/servidor_minecraft/world/dimensions/epicfight_leonidas/rockwind_ruins/region/r.1.0.mca 
[30Aug2026 18:40:07.643] [Server thread/INFO] [org.merlin204.leonidas.util.DimensionResourceCopier/]: 菠萝科技： 从 epicfight_leonidas/rockwind_ruins/region/r.1.-9.mca 复制到 /workspaces/RETRIEVAL-WATERCLIP/servidor_minecraft/world/dimensions/epicfight_leonidas/rockwind_ruins/region/r.1.-9.mca 
[30Aug2026 18:40:07.644] [Server thread/INFO] [org.merlin204.leonidas.util.DimensionResourceCopier/]: 菠萝科技： 从 epicfight_leonidas/rockwind_ruins/region/r.1.-8.mca 复制到 /workspaces/RETRIEVAL-WATERCLIP/servidor_minecraft/world/dimensions/epicfight_leonidas/rockwind_ruins/region/r.1.-8.mca 
[30Aug2026 18:40:07.644] [Server thread/INFO] [org.merlin204.leonidas.util.DimensionResourceCopier/]: 菠萝科技： 从 epicfight_leonidas/rockwind_ruins/region/r.1.-7.mca 复制到 /workspaces/RETRIEVAL-WATERCLIP/servidor_minecraft/world/dimensions/epicfight_leonidas/rockwind_ruins/region/r.1.-7.mca 
[30Aug2026 18:40:07.645] [Server thread/INFO] [org.merlin204.leonidas.util.DimensionResourceCopier/]: 菠萝科技： 从 epicfight_leonidas/rockwind_ruins/region/r.1.-6.mca 复制到 /workspaces/RETRIEVAL-WATERCLIP/servidor_minecraft/world/dimensions/epicfight_leonidas/rockwind_ruins/region/r.1.-6.mca 
[30Aug2026 18:40:07.645] [Server thread/INFO] [org.merlin204.leonidas.util.DimensionResourceCopier/]: 菠萝科技： 从 epicfight_leonidas/rockwind_ruins/region/r.1.-5.mca 复制到 /workspaces/RETRIEVAL-WATERCLIP/servidor_minecraft/world/dimensions/epicfight_leonidas/rockwind_ruins/region/r.1.-5.mca 
[30Aug2026 18:40:07.646] [Server thread/INFO] [org.merlin204.leonidas.util.DimensionResourceCopier/]: 菠萝科技： 从 epicfight_leonidas/rockwind_ruins/region/r.1.-4.mca 复制到 /workspaces/RETRIEVAL-WATERCLIP/servidor_minecraft/world/dimensions/epicfight_leonidas/rockwind_ruins/region/r.1.-4.mca 
[30Aug2026 18:40:07.646] [Server thread/INFO] [org.merlin204.leonidas.util.DimensionResourceCopier/]: 菠萝科技： 从 epicfight_leonidas/rockwind_ruins/region/r.1.-3.mca 复制到 /workspaces/RETRIEVAL-WATERCLIP/servidor_minecraft/world/dimensions/epicfight_leonidas/rockwind_ruins/region/r.1.-3.mca 
[30Aug2026 18:40:07.647] [Server thread/INFO] [org.merlin204.leonidas.util.DimensionResourceCopier/]: 菠萝科技： 从 epicfight_leonidas/rockwind_ruins/region/r.1.-2.mca 复制到 /workspaces/RETRIEVAL-WATERCLIP/servidor_minecraft/world/dimensions/epicfight_leonidas/rockwind_ruins/region/r.1.-2.mca 
[30Aug2026 18:40:07.657] [Server thread/INFO] [org.merlin204.leonidas.util.DimensionResourceCopier/]: 菠萝科技： 从 epicfight_leonidas/rockwind_ruins/region/r.1.-1.mca 复制到 /workspaces/RETRIEVAL-WATERCLIP/servidor_minecraft/world/dimensions/epicfight_leonidas/rockwind_ruins/region/r.1.-1.mca 
[30Aug2026 18:40:07.658] [Server thread/INFO] [org.merlin204.leonidas.util.DimensionResourceCopier/]: 菠萝科技： 从 epicfight_leonidas/rockwind_ruins/region/r.0.9.mca 复制到 /workspaces/RETRIEVAL-WATERCLIP/servidor_minecraft/world/dimensions/epicfight_leonidas/rockwind_ruins/region/r.0.9.mca 
[30Aug2026 18:40:07.658] [Server thread/INFO] [org.merlin204.leonidas.util.DimensionResourceCopier/]: 菠萝科技： 从 epicfight_leonidas/rockwind_ruins/region/r.0.8.mca 复制到 /workspaces/RETRIEVAL-WATERCLIP/servidor_minecraft/world/dimensions/epicfight_leonidas/rockwind_ruins/region/r.0.8.mca 
[30Aug2026 18:40:07.659] [Server thread/INFO] [org.merlin204.leonidas.util.DimensionResourceCopier/]: 菠萝科技： 从 epicfight_leonidas/rockwind_ruins/region/r.0.7.mca 复制到 /workspaces/RETRIEVAL-WATERCLIP/servidor_minecraft/world/dimensions/epicfight_leonidas/rockwind_ruins/region/r.0.7.mca 
[30Aug2026 18:40:07.659] [Server thread/INFO] [org.merlin204.leonidas.util.DimensionResourceCopier/]: 菠萝科技： 从 epicfight_leonidas/rockwind_ruins/region/r.0.6.mca 复制到 /workspaces/RETRIEVAL-WATERCLIP/servidor_minecraft/world/dimensions/epicfight_leonidas/rockwind_ruins/region/r.0.6.mca 
[30Aug2026 18:40:07.659] [Server thread/INFO] [org.merlin204.leonidas.util.DimensionResourceCopier/]: 菠萝科技： 从 epicfight_leonidas/rockwind_ruins/region/r.0.5.mca 复制到 /workspaces/RETRIEVAL-WATERCLIP/servidor_minecraft/world/dimensions/epicfight_leonidas/rockwind_ruins/region/r.0.5.mca 
[30Aug2026 18:40:07.660] [Server thread/INFO] [org.merlin204.leonidas.util.DimensionResourceCopier/]: 菠萝科技： 从 epicfight_leonidas/rockwind_ruins/region/r.0.4.mca 复制到 /workspaces/RETRIEVAL-WATERCLIP/servidor_minecraft/world/dimensions/epicfight_leonidas/rockwind_ruins/region/r.0.4.mca 
[30Aug2026 18:40:07.660] [Server thread/INFO] [org.merlin204.leonidas.util.DimensionResourceCopier/]: 菠萝科技： 从 epicfight_leonidas/rockwind_ruins/region/r.0.3.mca 复制到 /workspaces/RETRIEVAL-WATERCLIP/servidor_minecraft/world/dimensions/epicfight_leonidas/rockwind_ruins/region/r.0.3.mca 
[30Aug2026 18:40:07.660] [Server thread/INFO] [org.merlin204.leonidas.util.DimensionResourceCopier/]: 菠萝科技： 从 epicfight_leonidas/rockwind_ruins/region/r.0.2.mca 复制到 /workspaces/RETRIEVAL-WATERCLIP/servidor_minecraft/world/dimensions/epicfight_leonidas/rockwind_ruins/region/r.0.2.mca 
[30Aug2026 18:40:07.676] [Server thread/INFO] [org.merlin204.leonidas.util.DimensionResourceCopier/]: 菠萝科技： 从 epicfight_leonidas/rockwind_ruins/region/r.0.1.mca 复制到 /workspaces/RETRIEVAL-WATERCLIP/servidor_minecraft/world/dimensions/epicfight_leonidas/rockwind_ruins/region/r.0.1.mca 
[30Aug2026 18:40:07.712] [Server thread/INFO] [org.merlin204.leonidas.util.DimensionResourceCopier/]: 菠萝科技： 从 epicfight_leonidas/rockwind_ruins/region/r.0.0.mca 复制到 /workspaces/RETRIEVAL-WATERCLIP/servidor_minecraft/world/dimensions/epicfight_leonidas/rockwind_ruins/region/r.0.0.mca 
[30Aug2026 18:40:07.712] [Server thread/INFO] [org.merlin204.leonidas.util.DimensionResourceCopier/]: 菠萝科技： 从 epicfight_leonidas/rockwind_ruins/region/r.0.-9.mca 复制到 /workspaces/RETRIEVAL-WATERCLIP/servidor_minecraft/world/dimensions/epicfight_leonidas/rockwind_ruins/region/r.0.-9.mca 
[30Aug2026 18:40:07.713] [Server thread/INFO] [org.merlin204.leonidas.util.DimensionResourceCopier/]: 菠萝科技： 从 epicfight_leonidas/rockwind_ruins/region/r.0.-8.mca 复制到 /workspaces/RETRIEVAL-WATERCLIP/servidor_minecraft/world/dimensions/epicfight_leonidas/rockwind_ruins/region/r.0.-8.mca 
[30Aug2026 18:40:07.713] [Server thread/INFO] [org.merlin204.leonidas.util.DimensionResourceCopier/]: 菠萝科技： 从 epicfight_leonidas/rockwind_ruins/region/r.0.-7.mca 复制到 /workspaces/RETRIEVAL-WATERCLIP/servidor_minecraft/world/dimensions/epicfight_leonidas/rockwind_ruins/region/r.0.-7.mca 
[30Aug2026 18:40:07.713] [Server thread/INFO] [org.merlin204.leonidas.util.DimensionResourceCopier/]: 菠萝科技： 从 epicfight_leonidas/rockwind_ruins/region/r.0.-6.mca 复制到 /workspaces/RETRIEVAL-WATERCLIP/servidor_minecraft/world/dimensions/epicfight_leonidas/rockwind_ruins/region/r.0.-6.mca 
[30Aug2026 18:40:07.714] [Server thread/INFO] [org.merlin204.leonidas.util.DimensionResourceCopier/]: 菠萝科技： 从 epicfight_leonidas/rockwind_ruins/region/r.0.-5.mca 复制到 /workspaces/RETRIEVAL-WATERCLIP/servidor_minecraft/world/dimensions/epicfight_leonidas/rockwind_ruins/region/r.0.-5.mca 
[30Aug2026 18:40:07.714] [Server thread/INFO] [org.merlin204.leonidas.util.DimensionResourceCopier/]: 菠萝科技： 从 epicfight_leonidas/rockwind_ruins/region/r.0.-4.mca 复制到 /workspaces/RETRIEVAL-WATERCLIP/servidor_minecraft/world/dimensions/epicfight_leonidas/rockwind_ruins/region/r.0.-4.mca 
[30Aug2026 18:40:07.714] [Server thread/INFO] [org.merlin204.leonidas.util.DimensionResourceCopier/]: 菠萝科技： 从 epicfight_leonidas/rockwind_ruins/region/r.0.-3.mca 复制到 /workspaces/RETRIEVAL-WATERCLIP/servidor_minecraft/world/dimensions/epicfight_leonidas/rockwind_ruins/region/r.0.-3.mca 
[30Aug2026 18:40:07.715] [Server thread/INFO] [org.merlin204.leonidas.util.DimensionResourceCopier/]: 菠萝科技： 从 epicfight_leonidas/rockwind_ruins/region/r.0.-2.mca 复制到 /workspaces/RETRIEVAL-WATERCLIP/servidor_minecraft/world/dimensions/epicfight_leonidas/rockwind_ruins/region/r.0.-2.mca 
[30Aug2026 18:40:07.728] [Server thread/INFO] [org.merlin204.leonidas.util.DimensionResourceCopier/]: 菠萝科技： 从 epicfight_leonidas/rockwind_ruins/region/r.0.-1.mca 复制到 /workspaces/RETRIEVAL-WATERCLIP/servidor_minecraft/world/dimensions/epicfight_leonidas/rockwind_ruins/region/r.0.-1.mca 
[30Aug2026 18:40:07.728] [Server thread/INFO] [org.merlin204.leonidas.util.DimensionResourceCopier/]: 菠萝科技： 从 epicfight_leonidas/rockwind_ruins/region/r.-9.9.mca 复制到 /workspaces/RETRIEVAL-WATERCLIP/servidor_minecraft/world/dimensions/epicfight_leonidas/rockwind_ruins/region/r.-9.9.mca 
[30Aug2026 18:40:07.728] [Server thread/INFO] [org.merlin204.leonidas.util.DimensionResourceCopier/]: 菠萝科技： 从 epicfight_leonidas/rockwind_ruins/region/r.-9.8.mca 复制到 /workspaces/RETRIEVAL-WATERCLIP/servidor_minecraft/world/dimensions/epicfight_leonidas/rockwind_ruins/region/r.-9.8.mca 
[30Aug2026 18:40:07.729] [Server thread/INFO] [org.merlin204.leonidas.util.DimensionResourceCopier/]: 菠萝科技： 从 epicfight_leonidas/rockwind_ruins/region/r.-9.7.mca 复制到 /workspaces/RETRIEVAL-WATERCLIP/servidor_minecraft/world/dimensions/epicfight_leonidas/rockwind_ruins/region/r.-9.7.mca 
[30Aug2026 18:40:07.729] [Server thread/INFO] [org.merlin204.leonidas.util.DimensionResourceCopier/]: 菠萝科技： 从 epicfight_leonidas/rockwind_ruins/region/r.-9.6.mca 复制到 /workspaces/RETRIEVAL-WATERCLIP/servidor_minecraft/world/dimensions/epicfight_leonidas/rockwind_ruins/region/r.-9.6.mca 
[30Aug2026 18:40:07.729] [Server thread/INFO] [org.merlin204.leonidas.util.DimensionResourceCopier/]: 菠萝科技： 从 epicfight_leonidas/rockwind_ruins/region/r.-9.5.mca 复制到 /workspaces/RETRIEVAL-WATERCLIP/servidor_minecraft/world/dimensions/epicfight_leonidas/rockwind_ruins/region/r.-9.5.mca 
[30Aug2026 18:40:07.730] [Server thread/INFO] [org.merlin204.leonidas.util.DimensionResourceCopier/]: 菠萝科技： 从 epicfight_leonidas/rockwind_ruins/region/r.-9.4.mca 复制到 /workspaces/RETRIEVAL-WATERCLIP/servidor_minecraft/world/dimensions/epicfight_leonidas/rockwind_ruins/region/r.-9.4.mca 
[30Aug2026 18:40:07.730] [Server thread/INFO] [org.merlin204.leonidas.util.DimensionResourceCopier/]: 菠萝科技： 从 epicfight_leonidas/rockwind_ruins/region/r.-9.3.mca 复制到 /workspaces/RETRIEVAL-WATERCLIP/servidor_minecraft/world/dimensions/epicfight_leonidas/rockwind_ruins/region/r.-9.3.mca 
[30Aug2026 18:40:07.730] [Server thread/INFO] [org.merlin204.leonidas.util.DimensionResourceCopier/]: 菠萝科技： 从 epicfight_leonidas/rockwind_ruins/region/r.-9.2.mca 复制到 /workspaces/RETRIEVAL-WATERCLIP/servidor_minecraft/world/dimensions/epicfight_leonidas/rockwind_ruins/region/r.-9.2.mca 
[30Aug2026 18:40:07.730] [Server thread/INFO] [org.merlin204.leonidas.util.DimensionResourceCopier/]: 菠萝科技： 从 epicfight_leonidas/rockwind_ruins/region/r.-9.1.mca 复制到 /workspaces/RETRIEVAL-WATERCLIP/servidor_minecraft/world/dimensions/epicfight_leonidas/rockwind_ruins/region/r.-9.1.mca 
[30Aug2026 18:40:07.731] [Server thread/INFO] [org.merlin204.leonidas.util.DimensionResourceCopier/]: 菠萝科技： 从 epicfight_leonidas/rockwind_ruins/region/r.-9.0.mca 复制到 /workspaces/RETRIEVAL-WATERCLIP/servidor_minecraft/world/dimensions/epicfight_leonidas/rockwind_ruins/region/r.-9.0.mca 
[30Aug2026 18:40:07.731] [Server thread/INFO] [org.merlin204.leonidas.util.DimensionResourceCopier/]: 菠萝科技： 从 epicfight_leonidas/rockwind_ruins/region/r.-9.-9.mca 复制到 /workspaces/RETRIEVAL-WATERCLIP/servidor_minecraft/world/dimensions/epicfight_leonidas/rockwind_ruins/region/r.-9.-9.mca 
[30Aug2026 18:40:07.731] [Server thread/INFO] [org.merlin204.leonidas.util.DimensionResourceCopier/]: 菠萝科技： 从 epicfight_leonidas/rockwind_ruins/region/r.-9.-8.mca 复制到 /workspaces/RETRIEVAL-WATERCLIP/servidor_minecraft/world/dimensions/epicfight_leonidas/rockwind_ruins/region/r.-9.-8.mca 
[30Aug2026 18:40:07.732] [Server thread/INFO] [org.merlin204.leonidas.util.DimensionResourceCopier/]: 菠萝科技： 从 epicfight_leonidas/rockwind_ruins/region/r.-9.-7.mca 复制到 /workspaces/RETRIEVAL-WATERCLIP/servidor_minecraft/world/dimensions/epicfight_leonidas/rockwind_ruins/region/r.-9.-7.mca 
[30Aug2026 18:40:07.732] [Server thread/INFO] [org.merlin204.leonidas.util.DimensionResourceCopier/]: 菠萝科技： 从 epicfight_leonidas/rockwind_ruins/region/r.-9.-6.mca 复制到 /workspaces/RETRIEVAL-WATERCLIP/servidor_minecraft/world/dimensions/epicfight_leonidas/rockwind_ruins/region/r.-9.-6.mca 
[30Aug2026 18:40:07.733] [Server thread/INFO] [org.merlin204.leonidas.util.DimensionResourceCopier/]: 菠萝科技： 从 epicfight_leonidas/rockwind_ruins/region/r.-9.-5.mca 复制到 /workspaces/RETRIEVAL-WATERCLIP/servidor_minecraft/world/dimensions/epicfight_leonidas/rockwind_ruins/region/r.-9.-5.mca 
[30Aug2026 18:40:07.733] [Server thread/INFO] [org.merlin204.leonidas.util.DimensionResourceCopier/]: 菠萝科技： 从 epicfight_leonidas/rockwind_ruins/region/r.-9.-4.mca 复制到 /workspaces/RETRIEVAL-WATERCLIP/servidor_minecraft/world/dimensions/epicfight_leonidas/rockwind_ruins/region/r.-9.-4.mca 
[30Aug2026 18:40:07.733] [Server thread/INFO] [org.merlin204.leonidas.util.DimensionResourceCopier/]: 菠萝科技： 从 epicfight_leonidas/rockwind_ruins/region/r.-9.-3.mca 复制到 /workspaces/RETRIEVAL-WATERCLIP/servidor_minecraft/world/dimensions/epicfight_leonidas/rockwind_ruins/region/r.-9.-3.mca 
[30Aug2026 18:40:07.734] [Server thread/INFO] [org.merlin204.leonidas.util.DimensionResourceCopier/]: 菠萝科技： 从 epicfight_leonidas/rockwind_ruins/region/r.-9.-2.mca 复制到 /workspaces/RETRIEVAL-WATERCLIP/servidor_minecraft/world/dimensions/epicfight_leonidas/rockwind_ruins/region/r.-9.-2.mca 
[30Aug2026 18:40:07.734] [Server thread/INFO] [org.merlin204.leonidas.util.DimensionResourceCopier/]: 菠萝科技： 从 epicfight_leonidas/rockwind_ruins/region/r.-9.-1.mca 复制到 /workspaces/RETRIEVAL-WATERCLIP/servidor_minecraft/world/dimensions/epicfight_leonidas/rockwind_ruins/region/r.-9.-1.mca 
[30Aug2026 18:40:07.735] [Server thread/INFO] [org.merlin204.leonidas.util.DimensionResourceCopier/]: 菠萝科技： 从 epicfight_leonidas/rockwind_ruins/region/r.-8.9.mca 复制到 /workspaces/RETRIEVAL-WATERCLIP/servidor_minecraft/world/dimensions/epicfight_leonidas/rockwind_ruins/region/r.-8.9.mca 
[30Aug2026 18:40:07.735] [Server thread/INFO] [org.merlin204.leonidas.util.DimensionResourceCopier/]: 菠萝科技： 从 epicfight_leonidas/rockwind_ruins/region/r.-8.8.mca 复制到 /workspaces/RETRIEVAL-WATERCLIP/servidor_minecraft/world/dimensions/epicfight_leonidas/rockwind_ruins/region/r.-8.8.mca 
[30Aug2026 18:40:07.735] [Server thread/INFO] [org.merlin204.leonidas.util.DimensionResourceCopier/]: 菠萝科技： 从 epicfight_leonidas/rockwind_ruins/region/r.-8.7.mca 复制到 /workspaces/RETRIEVAL-WATERCLIP/servidor_minecraft/world/dimensions/epicfight_leonidas/rockwind_ruins/region/r.-8.7.mca 
[30Aug2026 18:40:07.735] [Server thread/INFO] [org.merlin204.leonidas.util.DimensionResourceCopier/]: 菠萝科技： 从 epicfight_leonidas/rockwind_ruins/region/r.-8.6.mca 复制到 /workspaces/RETRIEVAL-WATERCLIP/servidor_minecraft/world/dimensions/epicfight_leonidas/rockwind_ruins/region/r.-8.6.mca 
[30Aug2026 18:40:07.736] [Server thread/INFO] [org.merlin204.leonidas.util.DimensionResourceCopier/]: 菠萝科技： 从 epicfight_leonidas/rockwind_ruins/region/r.-8.5.mca 复制到 /workspaces/RETRIEVAL-WATERCLIP/servidor_minecraft/world/dimensions/epicfight_leonidas/rockwind_ruins/region/r.-8.5.mca 
[30Aug2026 18:40:07.736] [Server thread/INFO] [org.merlin204.leonidas.util.DimensionResourceCopier/]: 菠萝科技： 从 epicfight_leonidas/rockwind_ruins/region/r.-8.4.mca 复制到 /workspaces/RETRIEVAL-WATERCLIP/servidor_minecraft/world/dimensions/epicfight_leonidas/rockwind_ruins/region/r.-8.4.mca 
[30Aug2026 18:40:07.736] [Server thread/INFO] [org.merlin204.leonidas.util.DimensionResourceCopier/]: 菠萝科技： 从 epicfight_leonidas/rockwind_ruins/region/r.-8.3.mca 复制到 /workspaces/RETRIEVAL-WATERCLIP/servidor_minecraft/world/dimensions/epicfight_leonidas/rockwind_ruins/region/r.-8.3.mca 
[30Aug2026 18:40:07.737] [Server thread/INFO] [org.merlin204.leonidas.util.DimensionResourceCopier/]: 菠萝科技： 从 epicfight_leonidas/rockwind_ruins/region/r.-8.2.mca 复制到 /workspaces/RETRIEVAL-WATERCLIP/servidor_minecraft/world/dimensions/epicfight_leonidas/rockwind_ruins/region/r.-8.2.mca 
[30Aug2026 18:40:07.737] [Server thread/INFO] [org.merlin204.leonidas.util.DimensionResourceCopier/]: 菠萝科技： 从 epicfight_leonidas/rockwind_ruins/region/r.-8.1.mca 复制到 /workspaces/RETRIEVAL-WATERCLIP/servidor_minecraft/world/dimensions/epicfight_leonidas/rockwind_ruins/region/r.-8.1.mca 
[30Aug2026 18:40:07.739] [Server thread/INFO] [org.merlin204.leonidas.util.DimensionResourceCopier/]: 菠萝科技： 从 epicfight_leonidas/rockwind_ruins/region/r.-8.0.mca 复制到 /workspaces/RETRIEVAL-WATERCLIP/servidor_minecraft/world/dimensions/epicfight_leonidas/rockwind_ruins/region/r.-8.0.mca 
[30Aug2026 18:40:07.740] [Server thread/INFO] [org.merlin204.leonidas.util.DimensionResourceCopier/]: 菠萝科技： 从 epicfight_leonidas/rockwind_ruins/region/r.-8.-9.mca 复制到 /workspaces/RETRIEVAL-WATERCLIP/servidor_minecraft/world/dimensions/epicfight_leonidas/rockwind_ruins/region/r.-8.-9.mca 
[30Aug2026 18:40:07.740] [Server thread/INFO] [org.merlin204.leonidas.util.DimensionResourceCopier/]: 菠萝科技： 从 epicfight_leonidas/rockwind_ruins/region/r.-8.-8.mca 复制到 /workspaces/RETRIEVAL-WATERCLIP/servidor_minecraft/world/dimensions/epicfight_leonidas/rockwind_ruins/region/r.-8.-8.mca 
[30Aug2026 18:40:07.741] [Server thread/INFO] [org.merlin204.leonidas.util.DimensionResourceCopier/]: 菠萝科技： 从 epicfight_leonidas/rockwind_ruins/region/r.-8.-7.mca 复制到 /workspaces/RETRIEVAL-WATERCLIP/servidor_minecraft/world/dimensions/epicfight_leonidas/rockwind_ruins/region/r.-8.-7.mca 
[30Aug2026 18:40:07.741] [Server thread/INFO] [org.merlin204.leonidas.util.DimensionResourceCopier/]: 菠萝科技： 从 epicfight_leonidas/rockwind_ruins/region/r.-8.-6.mca 复制到 /workspaces/RETRIEVAL-WATERCLIP/servidor_minecraft/world/dimensions/epicfight_leonidas/rockwind_ruins/region/r.-8.-6.mca 
[30Aug2026 18:40:07.741] [Server thread/INFO] [org.merlin204.leonidas.util.DimensionResourceCopier/]: 菠萝科技： 从 epicfight_leonidas/rockwind_ruins/region/r.-8.-5.mca 复制到 /workspaces/RETRIEVAL-WATERCLIP/servidor_minecraft/world/dimensions/epicfight_leonidas/rockwind_ruins/region/r.-8.-5.mca 
[30Aug2026 18:40:07.742] [Server thread/INFO] [org.merlin204.leonidas.util.DimensionResourceCopier/]: 菠萝科技： 从 epicfight_leonidas/rockwind_ruins/region/r.-8.-4.mca 复制到 /workspaces/RETRIEVAL-WATERCLIP/servidor_minecraft/world/dimensions/epicfight_leonidas/rockwind_ruins/region/r.-8.-4.mca 
[30Aug2026 18:40:07.742] [Server thread/INFO] [org.merlin204.leonidas.util.DimensionResourceCopier/]: 菠萝科技： 从 epicfight_leonidas/rockwind_ruins/region/r.-8.-3.mca 复制到 /workspaces/RETRIEVAL-WATERCLIP/servidor_minecraft/world/dimensions/epicfight_leonidas/rockwind_ruins/region/r.-8.-3.mca 
[30Aug2026 18:40:07.743] [Server thread/INFO] [org.merlin204.leonidas.util.DimensionResourceCopier/]: 菠萝科技： 从 epicfight_leonidas/rockwind_ruins/region/r.-8.-2.mca 复制到 /workspaces/RETRIEVAL-WATERCLIP/servidor_minecraft/world/dimensions/epicfight_leonidas/rockwind_ruins/region/r.-8.-2.mca 
[30Aug2026 18:40:07.743] [Server thread/INFO] [org.merlin204.leonidas.util.DimensionResourceCopier/]: 菠萝科技： 从 epicfight_leonidas/rockwind_ruins/region/r.-8.-1.mca 复制到 /workspaces/RETRIEVAL-WATERCLIP/servidor_minecraft/world/dimensions/epicfight_leonidas/rockwind_ruins/region/r.-8.-1.mca 
[30Aug2026 18:40:07.743] [Server thread/INFO] [org.merlin204.leonidas.util.DimensionResourceCopier/]: 菠萝科技： 从 epicfight_leonidas/rockwind_ruins/region/r.-7.9.mca 复制到 /workspaces/RETRIEVAL-WATERCLIP/servidor_minecraft/world/dimensions/epicfight_leonidas/rockwind_ruins/region/r.-7.9.mca 
[30Aug2026 18:40:07.744] [Server thread/INFO] [org.merlin204.leonidas.util.DimensionResourceCopier/]: 菠萝科技： 从 epicfight_leonidas/rockwind_ruins/region/r.-7.8.mca 复制到 /workspaces/RETRIEVAL-WATERCLIP/servidor_minecraft/world/dimensions/epicfight_leonidas/rockwind_ruins/region/r.-7.8.mca 
[30Aug2026 18:40:07.744] [Server thread/INFO] [org.merlin204.leonidas.util.DimensionResourceCopier/]: 菠萝科技： 从 epicfight_leonidas/rockwind_ruins/region/r.-7.7.mca 复制到 /workspaces/RETRIEVAL-WATERCLIP/servidor_minecraft/world/dimensions/epicfight_leonidas/rockwind_ruins/region/r.-7.7.mca 
[30Aug2026 18:40:07.746] [Server thread/INFO] [org.merlin204.leonidas.util.DimensionResourceCopier/]: 菠萝科技： 从 epicfight_leonidas/rockwind_ruins/region/r.-7.6.mca 复制到 /workspaces/RETRIEVAL-WATERCLIP/servidor_minecraft/world/dimensions/epicfight_leonidas/rockwind_ruins/region/r.-7.6.mca 
[30Aug2026 18:40:07.747] [Server thread/INFO] [org.merlin204.leonidas.util.DimensionResourceCopier/]: 菠萝科技： 从 epicfight_leonidas/rockwind_ruins/region/r.-7.5.mca 复制到 /workspaces/RETRIEVAL-WATERCLIP/servidor_minecraft/world/dimensions/epicfight_leonidas/rockwind_ruins/region/r.-7.5.mca 
[30Aug2026 18:40:07.747] [Server thread/INFO] [org.merlin204.leonidas.util.DimensionResourceCopier/]: 菠萝科技： 从 epicfight_leonidas/rockwind_ruins/region/r.-7.4.mca 复制到 /workspaces/RETRIEVAL-WATERCLIP/servidor_minecraft/world/dimensions/epicfight_leonidas/rockwind_ruins/region/r.-7.4.mca 
[30Aug2026 18:40:07.747] [Server thread/INFO] [org.merlin204.leonidas.util.DimensionResourceCopier/]: 菠萝科技： 从 epicfight_leonidas/rockwind_ruins/region/r.-7.3.mca 复制到 /workspaces/RETRIEVAL-WATERCLIP/servidor_minecraft/world/dimensions/epicfight_leonidas/rockwind_ruins/region/r.-7.3.mca 
[30Aug2026 18:40:07.748] [Server thread/INFO] [org.merlin204.leonidas.util.DimensionResourceCopier/]: 菠萝科技： 从 epicfight_leonidas/rockwind_ruins/region/r.-7.2.mca 复制到 /workspaces/RETRIEVAL-WATERCLIP/servidor_minecraft/world/dimensions/epicfight_leonidas/rockwind_ruins/region/r.-7.2.mca 
[30Aug2026 18:40:07.748] [Server thread/INFO] [org.merlin204.leonidas.util.DimensionResourceCopier/]: 菠萝科技： 从 epicfight_leonidas/rockwind_ruins/region/r.-7.1.mca 复制到 /workspaces/RETRIEVAL-WATERCLIP/servidor_minecraft/world/dimensions/epicfight_leonidas/rockwind_ruins/region/r.-7.1.mca 
[30Aug2026 18:40:07.749] [Server thread/INFO] [org.merlin204.leonidas.util.DimensionResourceCopier/]: 菠萝科技： 从 epicfight_leonidas/rockwind_ruins/region/r.-7.0.mca 复制到 /workspaces/RETRIEVAL-WATERCLIP/servidor_minecraft/world/dimensions/epicfight_leonidas/rockwind_ruins/region/r.-7.0.mca 
[30Aug2026 18:40:07.750] [Server thread/INFO] [org.merlin204.leonidas.util.DimensionResourceCopier/]: 菠萝科技： 从 epicfight_leonidas/rockwind_ruins/region/r.-7.-9.mca 复制到 /workspaces/RETRIEVAL-WATERCLIP/servidor_minecraft/world/dimensions/epicfight_leonidas/rockwind_ruins/region/r.-7.-9.mca 
[30Aug2026 18:40:07.750] [Server thread/INFO] [org.merlin204.leonidas.util.DimensionResourceCopier/]: 菠萝科技： 从 epicfight_leonidas/rockwind_ruins/region/r.-7.-8.mca 复制到 /workspaces/RETRIEVAL-WATERCLIP/servidor_minecraft/world/dimensions/epicfight_leonidas/rockwind_ruins/region/r.-7.-8.mca 
[30Aug2026 18:40:07.751] [Server thread/INFO] [org.merlin204.leonidas.util.DimensionResourceCopier/]: 菠萝科技： 从 epicfight_leonidas/rockwind_ruins/region/r.-7.-7.mca 复制到 /workspaces/RETRIEVAL-WATERCLIP/servidor_minecraft/world/dimensions/epicfight_leonidas/rockwind_ruins/region/r.-7.-7.mca 
[30Aug2026 18:40:07.751] [Server thread/INFO] [org.merlin204.leonidas.util.DimensionResourceCopier/]: 菠萝科技： 从 epicfight_leonidas/rockwind_ruins/region/r.-7.-6.mca 复制到 /workspaces/RETRIEVAL-WATERCLIP/servidor_minecraft/world/dimensions/epicfight_leonidas/rockwind_ruins/region/r.-7.-6.mca 
[30Aug2026 18:40:07.751] [Server thread/INFO] [org.merlin204.leonidas.util.DimensionResourceCopier/]: 菠萝科技： 从 epicfight_leonidas/rockwind_ruins/region/r.-7.-5.mca 复制到 /workspaces/RETRIEVAL-WATERCLIP/servidor_minecraft/world/dimensions/epicfight_leonidas/rockwind_ruins/region/r.-7.-5.mca 
[30Aug2026 18:40:07.752] [Server thread/INFO] [org.merlin204.leonidas.util.DimensionResourceCopier/]: 菠萝科技： 从 epicfight_leonidas/rockwind_ruins/region/r.-7.-4.mca 复制到 /workspaces/RETRIEVAL-WATERCLIP/servidor_minecraft/world/dimensions/epicfight_leonidas/rockwind_ruins/region/r.-7.-4.mca 
[30Aug2026 18:40:07.752] [Server thread/INFO] [org.merlin204.leonidas.util.DimensionResourceCopier/]: 菠萝科技： 从 epicfight_leonidas/rockwind_ruins/region/r.-7.-3.mca 复制到 /workspaces/RETRIEVAL-WATERCLIP/servidor_minecraft/world/dimensions/epicfight_leonidas/rockwind_ruins/region/r.-7.-3.mca 
[30Aug2026 18:40:07.752] [Server thread/INFO] [org.merlin204.leonidas.util.DimensionResourceCopier/]: 菠萝科技： 从 epicfight_leonidas/rockwind_ruins/region/r.-7.-2.mca 复制到 /workspaces/RETRIEVAL-WATERCLIP/servidor_minecraft/world/dimensions/epicfight_leonidas/rockwind_ruins/region/r.-7.-2.mca 
[30Aug2026 18:40:07.753] [Server thread/INFO] [org.merlin204.leonidas.util.DimensionResourceCopier/]: 菠萝科技： 从 epicfight_leonidas/rockwind_ruins/region/r.-7.-1.mca 复制到 /workspaces/RETRIEVAL-WATERCLIP/servidor_minecraft/world/dimensions/epicfight_leonidas/rockwind_ruins/region/r.-7.-1.mca 
[30Aug2026 18:40:07.753] [Server thread/INFO] [org.merlin204.leonidas.util.DimensionResourceCopier/]: 菠萝科技： 从 epicfight_leonidas/rockwind_ruins/region/r.-6.9.mca 复制到 /workspaces/RETRIEVAL-WATERCLIP/servidor_minecraft/world/dimensions/epicfight_leonidas/rockwind_ruins/region/r.-6.9.mca 
[30Aug2026 18:40:07.753] [Server thread/INFO] [org.merlin204.leonidas.util.DimensionResourceCopier/]: 菠萝科技： 从 epicfight_leonidas/rockwind_ruins/region/r.-6.8.mca 复制到 /workspaces/RETRIEVAL-WATERCLIP/servidor_minecraft/world/dimensions/epicfight_leonidas/rockwind_ruins/region/r.-6.8.mca 
[30Aug2026 18:40:07.754] [Server thread/INFO] [org.merlin204.leonidas.util.DimensionResourceCopier/]: 菠萝科技： 从 epicfight_leonidas/rockwind_ruins/region/r.-6.7.mca 复制到 /workspaces/RETRIEVAL-WATERCLIP/servidor_minecraft/world/dimensions/epicfight_leonidas/rockwind_ruins/region/r.-6.7.mca 
[30Aug2026 18:40:07.754] [Server thread/INFO] [org.merlin204.leonidas.util.DimensionResourceCopier/]: 菠萝科技： 从 epicfight_leonidas/rockwind_ruins/region/r.-6.6.mca 复制到 /workspaces/RETRIEVAL-WATERCLIP/servidor_minecraft/world/dimensions/epicfight_leonidas/rockwind_ruins/region/r.-6.6.mca 
[30Aug2026 18:40:07.755] [Server thread/INFO] [org.merlin204.leonidas.util.DimensionResourceCopier/]: 菠萝科技： 从 epicfight_leonidas/rockwind_ruins/region/r.-6.5.mca 复制到 /workspaces/RETRIEVAL-WATERCLIP/servidor_minecraft/world/dimensions/epicfight_leonidas/rockwind_ruins/region/r.-6.5.mca 
[30Aug2026 18:40:07.755] [Server thread/INFO] [org.merlin204.leonidas.util.DimensionResourceCopier/]: 菠萝科技： 从 epicfight_leonidas/rockwind_ruins/region/r.-6.4.mca 复制到 /workspaces/RETRIEVAL-WATERCLIP/servidor_minecraft/world/dimensions/epicfight_leonidas/rockwind_ruins/region/r.-6.4.mca 
[30Aug2026 18:40:07.755] [Server thread/INFO] [org.merlin204.leonidas.util.DimensionResourceCopier/]: 菠萝科技： 从 epicfight_leonidas/rockwind_ruins/region/r.-6.3.mca 复制到 /workspaces/RETRIEVAL-WATERCLIP/servidor_minecraft/world/dimensions/epicfight_leonidas/rockwind_ruins/region/r.-6.3.mca 
[30Aug2026 18:40:07.756] [Server thread/INFO] [org.merlin204.leonidas.util.DimensionResourceCopier/]: 菠萝科技： 从 epicfight_leonidas/rockwind_ruins/region/r.-6.2.mca 复制到 /workspaces/RETRIEVAL-WATERCLIP/servidor_minecraft/world/dimensions/epicfight_leonidas/rockwind_ruins/region/r.-6.2.mca 
[30Aug2026 18:40:07.756] [Server thread/INFO] [org.merlin204.leonidas.util.DimensionResourceCopier/]: 菠萝科技： 从 epicfight_leonidas/rockwind_ruins/region/r.-6.1.mca 复制到 /workspaces/RETRIEVAL-WATERCLIP/servidor_minecraft/world/dimensions/epicfight_leonidas/rockwind_ruins/region/r.-6.1.mca 
[30Aug2026 18:40:07.757] [Server thread/INFO] [org.merlin204.leonidas.util.DimensionResourceCopier/]: 菠萝科技： 从 epicfight_leonidas/rockwind_ruins/region/r.-6.0.mca 复制到 /workspaces/RETRIEVAL-WATERCLIP/servidor_minecraft/world/dimensions/epicfight_leonidas/rockwind_ruins/region/r.-6.0.mca 
[30Aug2026 18:40:07.757] [Server thread/INFO] [org.merlin204.leonidas.util.DimensionResourceCopier/]: 菠萝科技： 从 epicfight_leonidas/rockwind_ruins/region/r.-6.-9.mca 复制到 /workspaces/RETRIEVAL-WATERCLIP/servidor_minecraft/world/dimensions/epicfight_leonidas/rockwind_ruins/region/r.-6.-9.mca 
[30Aug2026 18:40:07.757] [Server thread/INFO] [org.merlin204.leonidas.util.DimensionResourceCopier/]: 菠萝科技： 从 epicfight_leonidas/rockwind_ruins/region/r.-6.-8.mca 复制到 /workspaces/RETRIEVAL-WATERCLIP/servidor_minecraft/world/dimensions/epicfight_leonidas/rockwind_ruins/region/r.-6.-8.mca 
[30Aug2026 18:40:07.757] [Server thread/INFO] [org.merlin204.leonidas.util.DimensionResourceCopier/]: 菠萝科技： 从 epicfight_leonidas/rockwind_ruins/region/r.-6.-7.mca 复制到 /workspaces/RETRIEVAL-WATERCLIP/servidor_minecraft/world/dimensions/epicfight_leonidas/rockwind_ruins/region/r.-6.-7.mca 
[30Aug2026 18:40:07.758] [Server thread/INFO] [org.merlin204.leonidas.util.DimensionResourceCopier/]: 菠萝科技： 从 epicfight_leonidas/rockwind_ruins/region/r.-6.-6.mca 复制到 /workspaces/RETRIEVAL-WATERCLIP/servidor_minecraft/world/dimensions/epicfight_leonidas/rockwind_ruins/region/r.-6.-6.mca 
[30Aug2026 18:40:07.758] [Server thread/INFO] [org.merlin204.leonidas.util.DimensionResourceCopier/]: 菠萝科技： 从 epicfight_leonidas/rockwind_ruins/region/r.-6.-5.mca 复制到 /workspaces/RETRIEVAL-WATERCLIP/servidor_minecraft/world/dimensions/epicfight_leonidas/rockwind_ruins/region/r.-6.-5.mca 
[30Aug2026 18:40:07.758] [Server thread/INFO] [org.merlin204.leonidas.util.DimensionResourceCopier/]: 菠萝科技： 从 epicfight_leonidas/rockwind_ruins/region/r.-6.-4.mca 复制到 /workspaces/RETRIEVAL-WATERCLIP/servidor_minecraft/world/dimensions/epicfight_leonidas/rockwind_ruins/region/r.-6.-4.mca 
[30Aug2026 18:40:07.759] [Server thread/INFO] [org.merlin204.leonidas.util.DimensionResourceCopier/]: 菠萝科技： 从 epicfight_leonidas/rockwind_ruins/region/r.-6.-3.mca 复制到 /workspaces/RETRIEVAL-WATERCLIP/servidor_minecraft/world/dimensions/epicfight_leonidas/rockwind_ruins/region/r.-6.-3.mca 
[30Aug2026 18:40:07.759] [Server thread/INFO] [org.merlin204.leonidas.util.DimensionResourceCopier/]: 菠萝科技： 从 epicfight_leonidas/rockwind_ruins/region/r.-6.-2.mca 复制到 /workspaces/RETRIEVAL-WATERCLIP/servidor_minecraft/world/dimensions/epicfight_leonidas/rockwind_ruins/region/r.-6.-2.mca 
[30Aug2026 18:40:07.759] [Server thread/INFO] [org.merlin204.leonidas.util.DimensionResourceCopier/]: 菠萝科技： 从 epicfight_leonidas/rockwind_ruins/region/r.-6.-1.mca 复制到 /workspaces/RETRIEVAL-WATERCLIP/servidor_minecraft/world/dimensions/epicfight_leonidas/rockwind_ruins/region/r.-6.-1.mca 
[30Aug2026 18:40:07.759] [Server thread/INFO] [org.merlin204.leonidas.util.DimensionResourceCopier/]: 菠萝科技： 从 epicfight_leonidas/rockwind_ruins/region/r.-5.9.mca 复制到 /workspaces/RETRIEVAL-WATERCLIP/servidor_minecraft/world/dimensions/epicfight_leonidas/rockwind_ruins/region/r.-5.9.mca 
[30Aug2026 18:40:07.760] [Server thread/INFO] [org.merlin204.leonidas.util.DimensionResourceCopier/]: 菠萝科技： 从 epicfight_leonidas/rockwind_ruins/region/r.-5.8.mca 复制到 /workspaces/RETRIEVAL-WATERCLIP/servidor_minecraft/world/dimensions/epicfight_leonidas/rockwind_ruins/region/r.-5.8.mca 
[30Aug2026 18:40:07.760] [Server thread/INFO] [org.merlin204.leonidas.util.DimensionResourceCopier/]: 菠萝科技： 从 epicfight_leonidas/rockwind_ruins/region/r.-5.7.mca 复制到 /workspaces/RETRIEVAL-WATERCLIP/servidor_minecraft/world/dimensions/epicfight_leonidas/rockwind_ruins/region/r.-5.7.mca 
[30Aug2026 18:40:07.760] [Server thread/INFO] [org.merlin204.leonidas.util.DimensionResourceCopier/]: 菠萝科技： 从 epicfight_leonidas/rockwind_ruins/region/r.-5.6.mca 复制到 /workspaces/RETRIEVAL-WATERCLIP/servidor_minecraft/world/dimensions/epicfight_leonidas/rockwind_ruins/region/r.-5.6.mca 
[30Aug2026 18:40:07.761] [Server thread/INFO] [org.merlin204.leonidas.util.DimensionResourceCopier/]: 菠萝科技： 从 epicfight_leonidas/rockwind_ruins/region/r.-5.5.mca 复制到 /workspaces/RETRIEVAL-WATERCLIP/servidor_minecraft/world/dimensions/epicfight_leonidas/rockwind_ruins/region/r.-5.5.mca 
[30Aug2026 18:40:07.761] [Server thread/INFO] [org.merlin204.leonidas.util.DimensionResourceCopier/]: 菠萝科技： 从 epicfight_leonidas/rockwind_ruins/region/r.-5.4.mca 复制到 /workspaces/RETRIEVAL-WATERCLIP/servidor_minecraft/world/dimensions/epicfight_leonidas/rockwind_ruins/region/r.-5.4.mca 
[30Aug2026 18:40:07.762] [Server thread/INFO] [org.merlin204.leonidas.util.DimensionResourceCopier/]: 菠萝科技： 从 epicfight_leonidas/rockwind_ruins/region/r.-5.3.mca 复制到 /workspaces/RETRIEVAL-WATERCLIP/servidor_minecraft/world/dimensions/epicfight_leonidas/rockwind_ruins/region/r.-5.3.mca 
[30Aug2026 18:40:07.763] [Server thread/INFO] [org.merlin204.leonidas.util.DimensionResourceCopier/]: 菠萝科技： 从 epicfight_leonidas/rockwind_ruins/region/r.-5.2.mca 复制到 /workspaces/RETRIEVAL-WATERCLIP/servidor_minecraft/world/dimensions/epicfight_leonidas/rockwind_ruins/region/r.-5.2.mca 
[30Aug2026 18:40:07.764] [Server thread/INFO] [org.merlin204.leonidas.util.DimensionResourceCopier/]: 菠萝科技： 从 epicfight_leonidas/rockwind_ruins/region/r.-5.1.mca 复制到 /workspaces/RETRIEVAL-WATERCLIP/servidor_minecraft/world/dimensions/epicfight_leonidas/rockwind_ruins/region/r.-5.1.mca 
[30Aug2026 18:40:07.764] [Server thread/INFO] [org.merlin204.leonidas.util.DimensionResourceCopier/]: 菠萝科技： 从 epicfight_leonidas/rockwind_ruins/region/r.-5.0.mca 复制到 /workspaces/RETRIEVAL-WATERCLIP/servidor_minecraft/world/dimensions/epicfight_leonidas/rockwind_ruins/region/r.-5.0.mca 
[30Aug2026 18:40:07.765] [Server thread/INFO] [org.merlin204.leonidas.util.DimensionResourceCopier/]: 菠萝科技： 从 epicfight_leonidas/rockwind_ruins/region/r.-5.-9.mca 复制到 /workspaces/RETRIEVAL-WATERCLIP/servidor_minecraft/world/dimensions/epicfight_leonidas/rockwind_ruins/region/r.-5.-9.mca 
[30Aug2026 18:40:07.767] [Server thread/INFO] [org.merlin204.leonidas.util.DimensionResourceCopier/]: 菠萝科技： 从 epicfight_leonidas/rockwind_ruins/region/r.-5.-8.mca 复制到 /workspaces/RETRIEVAL-WATERCLIP/servidor_minecraft/world/dimensions/epicfight_leonidas/rockwind_ruins/region/r.-5.-8.mca 
[30Aug2026 18:40:07.768] [Server thread/INFO] [org.merlin204.leonidas.util.DimensionResourceCopier/]: 菠萝科技： 从 epicfight_leonidas/rockwind_ruins/region/r.-5.-7.mca 复制到 /workspaces/RETRIEVAL-WATERCLIP/servidor_minecraft/world/dimensions/epicfight_leonidas/rockwind_ruins/region/r.-5.-7.mca 
[30Aug2026 18:40:07.768] [Server thread/INFO] [org.merlin204.leonidas.util.DimensionResourceCopier/]: 菠萝科技： 从 epicfight_leonidas/rockwind_ruins/region/r.-5.-6.mca 复制到 /workspaces/RETRIEVAL-WATERCLIP/servidor_minecraft/world/dimensions/epicfight_leonidas/rockwind_ruins/region/r.-5.-6.mca 
[30Aug2026 18:40:07.769] [Server thread/INFO] [org.merlin204.leonidas.util.DimensionResourceCopier/]: 菠萝科技： 从 epicfight_leonidas/rockwind_ruins/region/r.-5.-5.mca 复制到 /workspaces/RETRIEVAL-WATERCLIP/servidor_minecraft/world/dimensions/epicfight_leonidas/rockwind_ruins/region/r.-5.-5.mca 
[30Aug2026 18:40:07.769] [Server thread/INFO] [org.merlin204.leonidas.util.DimensionResourceCopier/]: 菠萝科技： 从 epicfight_leonidas/rockwind_ruins/region/r.-5.-4.mca 复制到 /workspaces/RETRIEVAL-WATERCLIP/servidor_minecraft/world/dimensions/epicfight_leonidas/rockwind_ruins/region/r.-5.-4.mca 
[30Aug2026 18:40:07.770] [Server thread/INFO] [org.merlin204.leonidas.util.DimensionResourceCopier/]: 菠萝科技： 从 epicfight_leonidas/rockwind_ruins/region/r.-5.-3.mca 复制到 /workspaces/RETRIEVAL-WATERCLIP/servidor_minecraft/world/dimensions/epicfight_leonidas/rockwind_ruins/region/r.-5.-3.mca 
[30Aug2026 18:40:07.770] [Server thread/INFO] [org.merlin204.leonidas.util.DimensionResourceCopier/]: 菠萝科技： 从 epicfight_leonidas/rockwind_ruins/region/r.-5.-2.mca 复制到 /workspaces/RETRIEVAL-WATERCLIP/servidor_minecraft/world/dimensions/epicfight_leonidas/rockwind_ruins/region/r.-5.-2.mca 
[30Aug2026 18:40:07.771] [Server thread/INFO] [org.merlin204.leonidas.util.DimensionResourceCopier/]: 菠萝科技： 从 epicfight_leonidas/rockwind_ruins/region/r.-5.-1.mca 复制到 /workspaces/RETRIEVAL-WATERCLIP/servidor_minecraft/world/dimensions/epicfight_leonidas/rockwind_ruins/region/r.-5.-1.mca 
[30Aug2026 18:40:07.773] [Server thread/INFO] [org.merlin204.leonidas.util.DimensionResourceCopier/]: 菠萝科技： 从 epicfight_leonidas/rockwind_ruins/region/r.-4.9.mca 复制到 /workspaces/RETRIEVAL-WATERCLIP/servidor_minecraft/world/dimensions/epicfight_leonidas/rockwind_ruins/region/r.-4.9.mca 
[30Aug2026 18:40:07.775] [Server thread/INFO] [org.merlin204.leonidas.util.DimensionResourceCopier/]: 菠萝科技： 从 epicfight_leonidas/rockwind_ruins/region/r.-4.8.mca 复制到 /workspaces/RETRIEVAL-WATERCLIP/servidor_minecraft/world/dimensions/epicfight_leonidas/rockwind_ruins/region/r.-4.8.mca 
[30Aug2026 18:40:07.776] [Server thread/INFO] [org.merlin204.leonidas.util.DimensionResourceCopier/]: 菠萝科技： 从 epicfight_leonidas/rockwind_ruins/region/r.-4.7.mca 复制到 /workspaces/RETRIEVAL-WATERCLIP/servidor_minecraft/world/dimensions/epicfight_leonidas/rockwind_ruins/region/r.-4.7.mca 
[30Aug2026 18:40:07.779] [Server thread/INFO] [org.merlin204.leonidas.util.DimensionResourceCopier/]: 菠萝科技： 从 epicfight_leonidas/rockwind_ruins/region/r.-4.6.mca 复制到 /workspaces/RETRIEVAL-WATERCLIP/servidor_minecraft/world/dimensions/epicfight_leonidas/rockwind_ruins/region/r.-4.6.mca 
[30Aug2026 18:40:07.783] [Server thread/INFO] [org.merlin204.leonidas.util.DimensionResourceCopier/]: 菠萝科技： 从 epicfight_leonidas/rockwind_ruins/region/r.-4.5.mca 复制到 /workspaces/RETRIEVAL-WATERCLIP/servidor_minecraft/world/dimensions/epicfight_leonidas/rockwind_ruins/region/r.-4.5.mca 
[30Aug2026 18:40:07.783] [Server thread/INFO] [org.merlin204.leonidas.util.DimensionResourceCopier/]: 菠萝科技： 从 epicfight_leonidas/rockwind_ruins/region/r.-4.4.mca 复制到 /workspaces/RETRIEVAL-WATERCLIP/servidor_minecraft/world/dimensions/epicfight_leonidas/rockwind_ruins/region/r.-4.4.mca 
[30Aug2026 18:40:07.783] [Server thread/INFO] [org.merlin204.leonidas.util.DimensionResourceCopier/]: 菠萝科技： 从 epicfight_leonidas/rockwind_ruins/region/r.-4.3.mca 复制到 /workspaces/RETRIEVAL-WATERCLIP/servidor_minecraft/world/dimensions/epicfight_leonidas/rockwind_ruins/region/r.-4.3.mca 
[30Aug2026 18:40:07.784] [Server thread/INFO] [org.merlin204.leonidas.util.DimensionResourceCopier/]: 菠萝科技： 从 epicfight_leonidas/rockwind_ruins/region/r.-4.2.mca 复制到 /workspaces/RETRIEVAL-WATERCLIP/servidor_minecraft/world/dimensions/epicfight_leonidas/rockwind_ruins/region/r.-4.2.mca 
[30Aug2026 18:40:07.785] [Server thread/INFO] [org.merlin204.leonidas.util.DimensionResourceCopier/]: 菠萝科技： 从 epicfight_leonidas/rockwind_ruins/region/r.-4.1.mca 复制到 /workspaces/RETRIEVAL-WATERCLIP/servidor_minecraft/world/dimensions/epicfight_leonidas/rockwind_ruins/region/r.-4.1.mca 
[30Aug2026 18:40:07.785] [Server thread/INFO] [org.merlin204.leonidas.util.DimensionResourceCopier/]: 菠萝科技： 从 epicfight_leonidas/rockwind_ruins/region/r.-4.0.mca 复制到 /workspaces/RETRIEVAL-WATERCLIP/servidor_minecraft/world/dimensions/epicfight_leonidas/rockwind_ruins/region/r.-4.0.mca 
[30Aug2026 18:40:07.785] [Server thread/INFO] [org.merlin204.leonidas.util.DimensionResourceCopier/]: 菠萝科技： 从 epicfight_leonidas/rockwind_ruins/region/r.-4.-9.mca 复制到 /workspaces/RETRIEVAL-WATERCLIP/servidor_minecraft/world/dimensions/epicfight_leonidas/rockwind_ruins/region/r.-4.-9.mca 
[30Aug2026 18:40:07.786] [Server thread/INFO] [org.merlin204.leonidas.util.DimensionResourceCopier/]: 菠萝科技： 从 epicfight_leonidas/rockwind_ruins/region/r.-4.-8.mca 复制到 /workspaces/RETRIEVAL-WATERCLIP/servidor_minecraft/world/dimensions/epicfight_leonidas/rockwind_ruins/region/r.-4.-8.mca 
[30Aug2026 18:40:07.786] [Server thread/INFO] [org.merlin204.leonidas.util.DimensionResourceCopier/]: 菠萝科技： 从 epicfight_leonidas/rockwind_ruins/region/r.-4.-7.mca 复制到 /workspaces/RETRIEVAL-WATERCLIP/servidor_minecraft/world/dimensions/epicfight_leonidas/rockwind_ruins/region/r.-4.-7.mca 
[30Aug2026 18:40:07.787] [Server thread/INFO] [org.merlin204.leonidas.util.DimensionResourceCopier/]: 菠萝科技： 从 epicfight_leonidas/rockwind_ruins/region/r.-4.-6.mca 复制到 /workspaces/RETRIEVAL-WATERCLIP/servidor_minecraft/world/dimensions/epicfight_leonidas/rockwind_ruins/region/r.-4.-6.mca 
[30Aug2026 18:40:07.788] [Server thread/INFO] [org.merlin204.leonidas.util.DimensionResourceCopier/]: 菠萝科技： 从 epicfight_leonidas/rockwind_ruins/region/r.-4.-5.mca 复制到 /workspaces/RETRIEVAL-WATERCLIP/servidor_minecraft/world/dimensions/epicfight_leonidas/rockwind_ruins/region/r.-4.-5.mca 
[30Aug2026 18:40:07.790] [Server thread/INFO] [org.merlin204.leonidas.util.DimensionResourceCopier/]: 菠萝科技： 从 epicfight_leonidas/rockwind_ruins/region/r.-4.-4.mca 复制到 /workspaces/RETRIEVAL-WATERCLIP/servidor_minecraft/world/dimensions/epicfight_leonidas/rockwind_ruins/region/r.-4.-4.mca 
[30Aug2026 18:40:07.791] [Server thread/INFO] [org.merlin204.leonidas.util.DimensionResourceCopier/]: 菠萝科技： 从 epicfight_leonidas/rockwind_ruins/region/r.-4.-3.mca 复制到 /workspaces/RETRIEVAL-WATERCLIP/servidor_minecraft/world/dimensions/epicfight_leonidas/rockwind_ruins/region/r.-4.-3.mca 
[30Aug2026 18:40:07.791] [Server thread/INFO] [org.merlin204.leonidas.util.DimensionResourceCopier/]: 菠萝科技： 从 epicfight_leonidas/rockwind_ruins/region/r.-4.-2.mca 复制到 /workspaces/RETRIEVAL-WATERCLIP/servidor_minecraft/world/dimensions/epicfight_leonidas/rockwind_ruins/region/r.-4.-2.mca 
[30Aug2026 18:40:07.792] [Server thread/INFO] [org.merlin204.leonidas.util.DimensionResourceCopier/]: 菠萝科技： 从 epicfight_leonidas/rockwind_ruins/region/r.-4.-1.mca 复制到 /workspaces/RETRIEVAL-WATERCLIP/servidor_minecraft/world/dimensions/epicfight_leonidas/rockwind_ruins/region/r.-4.-1.mca 
[30Aug2026 18:40:07.792] [Server thread/INFO] [org.merlin204.leonidas.util.DimensionResourceCopier/]: 菠萝科技： 从 epicfight_leonidas/rockwind_ruins/region/r.-3.9.mca 复制到 /workspaces/RETRIEVAL-WATERCLIP/servidor_minecraft/world/dimensions/epicfight_leonidas/rockwind_ruins/region/r.-3.9.mca 
[30Aug2026 18:40:07.797] [Server thread/INFO] [org.merlin204.leonidas.util.DimensionResourceCopier/]: 菠萝科技： 从 epicfight_leonidas/rockwind_ruins/region/r.-3.8.mca 复制到 /workspaces/RETRIEVAL-WATERCLIP/servidor_minecraft/world/dimensions/epicfight_leonidas/rockwind_ruins/region/r.-3.8.mca 
[30Aug2026 18:40:07.803] [Server thread/INFO] [org.merlin204.leonidas.util.DimensionResourceCopier/]: 菠萝科技： 从 epicfight_leonidas/rockwind_ruins/region/r.-3.7.mca 复制到 /workspaces/RETRIEVAL-WATERCLIP/servidor_minecraft/world/dimensions/epicfight_leonidas/rockwind_ruins/region/r.-3.7.mca 
[30Aug2026 18:40:07.805] [Server thread/INFO] [org.merlin204.leonidas.util.DimensionResourceCopier/]: 菠萝科技： 从 epicfight_leonidas/rockwind_ruins/region/r.-3.6.mca 复制到 /workspaces/RETRIEVAL-WATERCLIP/servidor_minecraft/world/dimensions/epicfight_leonidas/rockwind_ruins/region/r.-3.6.mca 
[30Aug2026 18:40:07.808] [Server thread/INFO] [org.merlin204.leonidas.util.DimensionResourceCopier/]: 菠萝科技： 从 epicfight_leonidas/rockwind_ruins/region/r.-3.5.mca 复制到 /workspaces/RETRIEVAL-WATERCLIP/servidor_minecraft/world/dimensions/epicfight_leonidas/rockwind_ruins/region/r.-3.5.mca 
[30Aug2026 18:40:07.812] [Server thread/INFO] [org.merlin204.leonidas.util.DimensionResourceCopier/]: 菠萝科技： 从 epicfight_leonidas/rockwind_ruins/region/r.-3.4.mca 复制到 /workspaces/RETRIEVAL-WATERCLIP/servidor_minecraft/world/dimensions/epicfight_leonidas/rockwind_ruins/region/r.-3.4.mca 
[30Aug2026 18:40:07.812] [Server thread/INFO] [org.merlin204.leonidas.util.DimensionResourceCopier/]: 菠萝科技： 从 epicfight_leonidas/rockwind_ruins/region/r.-3.3.mca 复制到 /workspaces/RETRIEVAL-WATERCLIP/servidor_minecraft/world/dimensions/epicfight_leonidas/rockwind_ruins/region/r.-3.3.mca 
[30Aug2026 18:40:07.812] [Server thread/INFO] [org.merlin204.leonidas.util.DimensionResourceCopier/]: 菠萝科技： 从 epicfight_leonidas/rockwind_ruins/region/r.-3.2.mca 复制到 /workspaces/RETRIEVAL-WATERCLIP/servidor_minecraft/world/dimensions/epicfight_leonidas/rockwind_ruins/region/r.-3.2.mca 
[30Aug2026 18:40:07.816] [Server thread/INFO] [org.merlin204.leonidas.util.DimensionResourceCopier/]: 菠萝科技： 从 epicfight_leonidas/rockwind_ruins/region/r.-3.1.mca 复制到 /workspaces/RETRIEVAL-WATERCLIP/servidor_minecraft/world/dimensions/epicfight_leonidas/rockwind_ruins/region/r.-3.1.mca 
[30Aug2026 18:40:07.821] [Server thread/INFO] [org.merlin204.leonidas.util.DimensionResourceCopier/]: 菠萝科技： 从 epicfight_leonidas/rockwind_ruins/region/r.-3.0.mca 复制到 /workspaces/RETRIEVAL-WATERCLIP/servidor_minecraft/world/dimensions/epicfight_leonidas/rockwind_ruins/region/r.-3.0.mca 
[30Aug2026 18:40:07.822] [Server thread/INFO] [org.merlin204.leonidas.util.DimensionResourceCopier/]: 菠萝科技： 从 epicfight_leonidas/rockwind_ruins/region/r.-3.-9.mca 复制到 /workspaces/RETRIEVAL-WATERCLIP/servidor_minecraft/world/dimensions/epicfight_leonidas/rockwind_ruins/region/r.-3.-9.mca 
[30Aug2026 18:40:07.823] [Server thread/INFO] [org.merlin204.leonidas.util.DimensionResourceCopier/]: 菠萝科技： 从 epicfight_leonidas/rockwind_ruins/region/r.-3.-8.mca 复制到 /workspaces/RETRIEVAL-WATERCLIP/servidor_minecraft/world/dimensions/epicfight_leonidas/rockwind_ruins/region/r.-3.-8.mca 
[30Aug2026 18:40:07.823] [Server thread/INFO] [org.merlin204.leonidas.util.DimensionResourceCopier/]: 菠萝科技： 从 epicfight_leonidas/rockwind_ruins/region/r.-3.-7.mca 复制到 /workspaces/RETRIEVAL-WATERCLIP/servidor_minecraft/world/dimensions/epicfight_leonidas/rockwind_ruins/region/r.-3.-7.mca 
[30Aug2026 18:40:07.825] [Server thread/INFO] [org.merlin204.leonidas.util.DimensionResourceCopier/]: 菠萝科技： 从 epicfight_leonidas/rockwind_ruins/region/r.-3.-6.mca 复制到 /workspaces/RETRIEVAL-WATERCLIP/servidor_minecraft/world/dimensions/epicfight_leonidas/rockwind_ruins/region/r.-3.-6.mca 
[30Aug2026 18:40:07.827] [Server thread/INFO] [org.merlin204.leonidas.util.DimensionResourceCopier/]: 菠萝科技： 从 epicfight_leonidas/rockwind_ruins/region/r.-3.-5.mca 复制到 /workspaces/RETRIEVAL-WATERCLIP/servidor_minecraft/world/dimensions/epicfight_leonidas/rockwind_ruins/region/r.-3.-5.mca 
[30Aug2026 18:40:07.827] [Server thread/INFO] [org.merlin204.leonidas.util.DimensionResourceCopier/]: 菠萝科技： 从 epicfight_leonidas/rockwind_ruins/region/r.-3.-4.mca 复制到 /workspaces/RETRIEVAL-WATERCLIP/servidor_minecraft/world/dimensions/epicfight_leonidas/rockwind_ruins/region/r.-3.-4.mca 
[30Aug2026 18:40:07.827] [Server thread/INFO] [org.merlin204.leonidas.util.DimensionResourceCopier/]: 菠萝科技： 从 epicfight_leonidas/rockwind_ruins/region/r.-3.-3.mca 复制到 /workspaces/RETRIEVAL-WATERCLIP/servidor_minecraft/world/dimensions/epicfight_leonidas/rockwind_ruins/region/r.-3.-3.mca 
[30Aug2026 18:40:07.830] [Server thread/INFO] [org.merlin204.leonidas.util.DimensionResourceCopier/]: 菠萝科技： 从 epicfight_leonidas/rockwind_ruins/region/r.-3.-2.mca 复制到 /workspaces/RETRIEVAL-WATERCLIP/servidor_minecraft/world/dimensions/epicfight_leonidas/rockwind_ruins/region/r.-3.-2.mca 
[30Aug2026 18:40:07.832] [Server thread/INFO] [org.merlin204.leonidas.util.DimensionResourceCopier/]: 菠萝科技： 从 epicfight_leonidas/rockwind_ruins/region/r.-3.-1.mca 复制到 /workspaces/RETRIEVAL-WATERCLIP/servidor_minecraft/world/dimensions/epicfight_leonidas/rockwind_ruins/region/r.-3.-1.mca 
[30Aug2026 18:40:07.834] [Server thread/INFO] [org.merlin204.leonidas.util.DimensionResourceCopier/]: 菠萝科技： 从 epicfight_leonidas/rockwind_ruins/region/r.-2.9.mca 复制到 /workspaces/RETRIEVAL-WATERCLIP/servidor_minecraft/world/dimensions/epicfight_leonidas/rockwind_ruins/region/r.-2.9.mca 
[30Aug2026 18:40:07.840] [Server thread/INFO] [org.merlin204.leonidas.util.DimensionResourceCopier/]: 菠萝科技： 从 epicfight_leonidas/rockwind_ruins/region/r.-2.8.mca 复制到 /workspaces/RETRIEVAL-WATERCLIP/servidor_minecraft/world/dimensions/epicfight_leonidas/rockwind_ruins/region/r.-2.8.mca 
[30Aug2026 18:40:07.843] [Server thread/INFO] [org.merlin204.leonidas.util.DimensionResourceCopier/]: 菠萝科技： 从 epicfight_leonidas/rockwind_ruins/region/r.-2.7.mca 复制到 /workspaces/RETRIEVAL-WATERCLIP/servidor_minecraft/world/dimensions/epicfight_leonidas/rockwind_ruins/region/r.-2.7.mca 
[30Aug2026 18:40:07.845] [Server thread/INFO] [org.merlin204.leonidas.util.DimensionResourceCopier/]: 菠萝科技： 从 epicfight_leonidas/rockwind_ruins/region/r.-2.6.mca 复制到 /workspaces/RETRIEVAL-WATERCLIP/servidor_minecraft/world/dimensions/epicfight_leonidas/rockwind_ruins/region/r.-2.6.mca 
[30Aug2026 18:40:07.846] [Server thread/INFO] [org.merlin204.leonidas.util.DimensionResourceCopier/]: 菠萝科技： 从 epicfight_leonidas/rockwind_ruins/region/r.-2.5.mca 复制到 /workspaces/RETRIEVAL-WATERCLIP/servidor_minecraft/world/dimensions/epicfight_leonidas/rockwind_ruins/region/r.-2.5.mca 
[30Aug2026 18:40:07.848] [Server thread/INFO] [org.merlin204.leonidas.util.DimensionResourceCopier/]: 菠萝科技： 从 epicfight_leonidas/rockwind_ruins/region/r.-2.4.mca 复制到 /workspaces/RETRIEVAL-WATERCLIP/servidor_minecraft/world/dimensions/epicfight_leonidas/rockwind_ruins/region/r.-2.4.mca 
[30Aug2026 18:40:07.848] [Server thread/INFO] [org.merlin204.leonidas.util.DimensionResourceCopier/]: 菠萝科技： 从 epicfight_leonidas/rockwind_ruins/region/r.-2.3.mca 复制到 /workspaces/RETRIEVAL-WATERCLIP/servidor_minecraft/world/dimensions/epicfight_leonidas/rockwind_ruins/region/r.-2.3.mca 
[30Aug2026 18:40:07.849] [Server thread/INFO] [org.merlin204.leonidas.util.DimensionResourceCopier/]: 菠萝科技： 从 epicfight_leonidas/rockwind_ruins/region/r.-2.2.mca 复制到 /workspaces/RETRIEVAL-WATERCLIP/servidor_minecraft/world/dimensions/epicfight_leonidas/rockwind_ruins/region/r.-2.2.mca 
[30Aug2026 18:40:07.849] [Server thread/INFO] [org.merlin204.leonidas.util.DimensionResourceCopier/]: 菠萝科技： 从 epicfight_leonidas/rockwind_ruins/region/r.-2.1.mca 复制到 /workspaces/RETRIEVAL-WATERCLIP/servidor_minecraft/world/dimensions/epicfight_leonidas/rockwind_ruins/region/r.-2.1.mca 
[30Aug2026 18:40:07.849] [Server thread/INFO] [org.merlin204.leonidas.util.DimensionResourceCopier/]: 菠萝科技： 从 epicfight_leonidas/rockwind_ruins/region/r.-2.0.mca 复制到 /workspaces/RETRIEVAL-WATERCLIP/servidor_minecraft/world/dimensions/epicfight_leonidas/rockwind_ruins/region/r.-2.0.mca 
[30Aug2026 18:40:07.850] [Server thread/INFO] [org.merlin204.leonidas.util.DimensionResourceCopier/]: 菠萝科技： 从 epicfight_leonidas/rockwind_ruins/region/r.-2.-9.mca 复制到 /workspaces/RETRIEVAL-WATERCLIP/servidor_minecraft/world/dimensions/epicfight_leonidas/rockwind_ruins/region/r.-2.-9.mca 
[30Aug2026 18:40:07.851] [Server thread/INFO] [org.merlin204.leonidas.util.DimensionResourceCopier/]: 菠萝科技： 从 epicfight_leonidas/rockwind_ruins/region/r.-2.-8.mca 复制到 /workspaces/RETRIEVAL-WATERCLIP/servidor_minecraft/world/dimensions/epicfight_leonidas/rockwind_ruins/region/r.-2.-8.mca 
[30Aug2026 18:40:07.851] [Server thread/INFO] [org.merlin204.leonidas.util.DimensionResourceCopier/]: 菠萝科技： 从 epicfight_leonidas/rockwind_ruins/region/r.-2.-7.mca 复制到 /workspaces/RETRIEVAL-WATERCLIP/servidor_minecraft/world/dimensions/epicfight_leonidas/rockwind_ruins/region/r.-2.-7.mca 
[30Aug2026 18:40:07.851] [Server thread/INFO] [org.merlin204.leonidas.util.DimensionResourceCopier/]: 菠萝科技： 从 epicfight_leonidas/rockwind_ruins/region/r.-2.-6.mca 复制到 /workspaces/RETRIEVAL-WATERCLIP/servidor_minecraft/world/dimensions/epicfight_leonidas/rockwind_ruins/region/r.-2.-6.mca 
[30Aug2026 18:40:07.852] [Server thread/INFO] [org.merlin204.leonidas.util.DimensionResourceCopier/]: 菠萝科技： 从 epicfight_leonidas/rockwind_ruins/region/r.-2.-5.mca 复制到 /workspaces/RETRIEVAL-WATERCLIP/servidor_minecraft/world/dimensions/epicfight_leonidas/rockwind_ruins/region/r.-2.-5.mca 
[30Aug2026 18:40:07.852] [Server thread/INFO] [org.merlin204.leonidas.util.DimensionResourceCopier/]: 菠萝科技： 从 epicfight_leonidas/rockwind_ruins/region/r.-2.-4.mca 复制到 /workspaces/RETRIEVAL-WATERCLIP/servidor_minecraft/world/dimensions/epicfight_leonidas/rockwind_ruins/region/r.-2.-4.mca 
[30Aug2026 18:40:07.852] [Server thread/INFO] [org.merlin204.leonidas.util.DimensionResourceCopier/]: 菠萝科技： 从 epicfight_leonidas/rockwind_ruins/region/r.-2.-3.mca 复制到 /workspaces/RETRIEVAL-WATERCLIP/servidor_minecraft/world/dimensions/epicfight_leonidas/rockwind_ruins/region/r.-2.-3.mca 
[30Aug2026 18:40:07.853] [Server thread/INFO] [org.merlin204.leonidas.util.DimensionResourceCopier/]: 菠萝科技： 从 epicfight_leonidas/rockwind_ruins/region/r.-2.-2.mca 复制到 /workspaces/RETRIEVAL-WATERCLIP/servidor_minecraft/world/dimensions/epicfight_leonidas/rockwind_ruins/region/r.-2.-2.mca 
[30Aug2026 18:40:07.854] [Server thread/INFO] [org.merlin204.leonidas.util.DimensionResourceCopier/]: 菠萝科技： 从 epicfight_leonidas/rockwind_ruins/region/r.-2.-1.mca 复制到 /workspaces/RETRIEVAL-WATERCLIP/servidor_minecraft/world/dimensions/epicfight_leonidas/rockwind_ruins/region/r.-2.-1.mca 
[30Aug2026 18:40:07.854] [Server thread/INFO] [org.merlin204.leonidas.util.DimensionResourceCopier/]: 菠萝科技： 从 epicfight_leonidas/rockwind_ruins/region/r.-1.9.mca 复制到 /workspaces/RETRIEVAL-WATERCLIP/servidor_minecraft/world/dimensions/epicfight_leonidas/rockwind_ruins/region/r.-1.9.mca 
[30Aug2026 18:40:07.855] [Server thread/INFO] [org.merlin204.leonidas.util.DimensionResourceCopier/]: 菠萝科技： 从 epicfight_leonidas/rockwind_ruins/region/r.-1.8.mca 复制到 /workspaces/RETRIEVAL-WATERCLIP/servidor_minecraft/world/dimensions/epicfight_leonidas/rockwind_ruins/region/r.-1.8.mca 
[30Aug2026 18:40:07.855] [Server thread/INFO] [org.merlin204.leonidas.util.DimensionResourceCopier/]: 菠萝科技： 从 epicfight_leonidas/rockwind_ruins/region/r.-1.7.mca 复制到 /workspaces/RETRIEVAL-WATERCLIP/servidor_minecraft/world/dimensions/epicfight_leonidas/rockwind_ruins/region/r.-1.7.mca 
[30Aug2026 18:40:07.855] [Server thread/INFO] [org.merlin204.leonidas.util.DimensionResourceCopier/]: 菠萝科技： 从 epicfight_leonidas/rockwind_ruins/region/r.-1.6.mca 复制到 /workspaces/RETRIEVAL-WATERCLIP/servidor_minecraft/world/dimensions/epicfight_leonidas/rockwind_ruins/region/r.-1.6.mca 
[30Aug2026 18:40:07.856] [Server thread/INFO] [org.merlin204.leonidas.util.DimensionResourceCopier/]: 菠萝科技： 从 epicfight_leonidas/rockwind_ruins/region/r.-1.5.mca 复制到 /workspaces/RETRIEVAL-WATERCLIP/servidor_minecraft/world/dimensions/epicfight_leonidas/rockwind_ruins/region/r.-1.5.mca 
[30Aug2026 18:40:07.856] [Server thread/INFO] [org.merlin204.leonidas.util.DimensionResourceCopier/]: 菠萝科技： 从 epicfight_leonidas/rockwind_ruins/region/r.-1.4.mca 复制到 /workspaces/RETRIEVAL-WATERCLIP/servidor_minecraft/world/dimensions/epicfight_leonidas/rockwind_ruins/region/r.-1.4.mca 
[30Aug2026 18:40:07.856] [Server thread/INFO] [org.merlin204.leonidas.util.DimensionResourceCopier/]: 菠萝科技： 从 epicfight_leonidas/rockwind_ruins/region/r.-1.3.mca 复制到 /workspaces/RETRIEVAL-WATERCLIP/servidor_minecraft/world/dimensions/epicfight_leonidas/rockwind_ruins/region/r.-1.3.mca 
[30Aug2026 18:40:07.857] [Server thread/INFO] [org.merlin204.leonidas.util.DimensionResourceCopier/]: 菠萝科技： 从 epicfight_leonidas/rockwind_ruins/region/r.-1.2.mca 复制到 /workspaces/RETRIEVAL-WATERCLIP/servidor_minecraft/world/dimensions/epicfight_leonidas/rockwind_ruins/region/r.-1.2.mca 
[30Aug2026 18:40:07.888] [Server thread/INFO] [org.merlin204.leonidas.util.DimensionResourceCopier/]: 菠萝科技： 从 epicfight_leonidas/rockwind_ruins/region/r.-1.1.mca 复制到 /workspaces/RETRIEVAL-WATERCLIP/servidor_minecraft/world/dimensions/epicfight_leonidas/rockwind_ruins/region/r.-1.1.mca 
[30Aug2026 18:40:07.908] [Server thread/INFO] [org.merlin204.leonidas.util.DimensionResourceCopier/]: 菠萝科技： 从 epicfight_leonidas/rockwind_ruins/region/r.-1.0.mca 复制到 /workspaces/RETRIEVAL-WATERCLIP/servidor_minecraft/world/dimensions/epicfight_leonidas/rockwind_ruins/region/r.-1.0.mca 
[30Aug2026 18:40:07.909] [Server thread/INFO] [org.merlin204.leonidas.util.DimensionResourceCopier/]: 菠萝科技： 从 epicfight_leonidas/rockwind_ruins/region/r.-1.-9.mca 复制到 /workspaces/RETRIEVAL-WATERCLIP/servidor_minecraft/world/dimensions/epicfight_leonidas/rockwind_ruins/region/r.-1.-9.mca 
[30Aug2026 18:40:07.909] [Server thread/INFO] [org.merlin204.leonidas.util.DimensionResourceCopier/]: 菠萝科技： 从 epicfight_leonidas/rockwind_ruins/region/r.-1.-8.mca 复制到 /workspaces/RETRIEVAL-WATERCLIP/servidor_minecraft/world/dimensions/epicfight_leonidas/rockwind_ruins/region/r.-1.-8.mca 
[30Aug2026 18:40:07.910] [Server thread/INFO] [org.merlin204.leonidas.util.DimensionResourceCopier/]: 菠萝科技： 从 epicfight_leonidas/rockwind_ruins/region/r.-1.-7.mca 复制到 /workspaces/RETRIEVAL-WATERCLIP/servidor_minecraft/world/dimensions/epicfight_leonidas/rockwind_ruins/region/r.-1.-7.mca 
[30Aug2026 18:40:07.910] [Server thread/INFO] [org.merlin204.leonidas.util.DimensionResourceCopier/]: 菠萝科技： 从 epicfight_leonidas/rockwind_ruins/region/r.-1.-6.mca 复制到 /workspaces/RETRIEVAL-WATERCLIP/servidor_minecraft/world/dimensions/epicfight_leonidas/rockwind_ruins/region/r.-1.-6.mca 
[30Aug2026 18:40:07.913] [Server thread/INFO] [org.merlin204.leonidas.util.DimensionResourceCopier/]: 菠萝科技： 从 epicfight_leonidas/rockwind_ruins/region/r.-1.-5.mca 复制到 /workspaces/RETRIEVAL-WATERCLIP/servidor_minecraft/world/dimensions/epicfight_leonidas/rockwind_ruins/region/r.-1.-5.mca 
[30Aug2026 18:40:07.914] [Server thread/INFO] [org.merlin204.leonidas.util.DimensionResourceCopier/]: 菠萝科技： 从 epicfight_leonidas/rockwind_ruins/region/r.-1.-4.mca 复制到 /workspaces/RETRIEVAL-WATERCLIP/servidor_minecraft/world/dimensions/epicfight_leonidas/rockwind_ruins/region/r.-1.-4.mca 
[30Aug2026 18:40:07.914] [Server thread/INFO] [org.merlin204.leonidas.util.DimensionResourceCopier/]: 菠萝科技： 从 epicfight_leonidas/rockwind_ruins/region/r.-1.-3.mca 复制到 /workspaces/RETRIEVAL-WATERCLIP/servidor_minecraft/world/dimensions/epicfight_leonidas/rockwind_ruins/region/r.-1.-3.mca 
[30Aug2026 18:40:07.914] [Server thread/INFO] [org.merlin204.leonidas.util.DimensionResourceCopier/]: 菠萝科技： 从 epicfight_leonidas/rockwind_ruins/region/r.-1.-2.mca 复制到 /workspaces/RETRIEVAL-WATERCLIP/servidor_minecraft/world/dimensions/epicfight_leonidas/rockwind_ruins/region/r.-1.-2.mca 
[30Aug2026 18:40:07.952] [Server thread/INFO] [org.merlin204.leonidas.util.DimensionResourceCopier/]: 菠萝科技： 从 epicfight_leonidas/rockwind_ruins/region/r.-1.-1.mca 复制到 /workspaces/RETRIEVAL-WATERCLIP/servidor_minecraft/world/dimensions/epicfight_leonidas/rockwind_ruins/region/r.-1.-1.mca 
[30Aug2026 18:40:07.955] [Server thread/INFO] [org.merlin204.leonidas.util.DimensionResourceCopier/]: 菠萝科技： 从 epicfight_leonidas/rockwind_ruins/data/raids.dat 复制到 /workspaces/RETRIEVAL-WATERCLIP/servidor_minecraft/world/dimensions/epicfight_leonidas/rockwind_ruins/data/raids.dat 
[30Aug2026 18:40:07.959] [Server thread/INFO] [org.merlin204.leonidas.util.DimensionResourceCopier/]: 菠萝科技： 从 epicfight_leonidas/rockwind_ruins/data/capabilities.dat 复制到 /workspaces/RETRIEVAL-WATERCLIP/servidor_minecraft/world/dimensions/epicfight_leonidas/rockwind_ruins/data/capabilities.dat 
[30Aug2026 18:40:07.961] [Server thread/INFO] [org.merlin204.leonidas.util.DimensionResourceCopier/]: 菠萝科技： /workspaces/RETRIEVAL-WATERCLIP/servidor_minecraft/world/dimensions/epicfight_leonidas/rockwind_ruins 复制完成。
[30Aug2026 18:40:07.999] [Server thread/INFO] [org.merlin204.mimic.util.DimensionResourceCopier/]: 御剑凌虚： 从 mimic/the_lethean_sea/region/r.9.9.mca 复制到 /workspaces/RETRIEVAL-WATERCLIP/servidor_minecraft/world/dimensions/mimic/the_lethean_sea/region/r.9.9.mca 
[30Aug2026 18:40:08.001] [Server thread/INFO] [org.merlin204.mimic.util.DimensionResourceCopier/]: 御剑凌虚： 从 mimic/the_lethean_sea/region/r.9.8.mca 复制到 /workspaces/RETRIEVAL-WATERCLIP/servidor_minecraft/world/dimensions/mimic/the_lethean_sea/region/r.9.8.mca 
[30Aug2026 18:40:08.002] [Server thread/INFO] [org.merlin204.mimic.util.DimensionResourceCopier/]: 御剑凌虚： 从 mimic/the_lethean_sea/region/r.9.7.mca 复制到 /workspaces/RETRIEVAL-WATERCLIP/servidor_minecraft/world/dimensions/mimic/the_lethean_sea/region/r.9.7.mca 
[30Aug2026 18:40:08.002] [Server thread/INFO] [org.merlin204.mimic.util.DimensionResourceCopier/]: 御剑凌虚： 从 mimic/the_lethean_sea/region/r.9.6.mca 复制到 /workspaces/RETRIEVAL-WATERCLIP/servidor_minecraft/world/dimensions/mimic/the_lethean_sea/region/r.9.6.mca 
[30Aug2026 18:40:08.003] [Server thread/INFO] [org.merlin204.mimic.util.DimensionResourceCopier/]: 御剑凌虚： 从 mimic/the_lethean_sea/region/r.9.5.mca 复制到 /workspaces/RETRIEVAL-WATERCLIP/servidor_minecraft/world/dimensions/mimic/the_lethean_sea/region/r.9.5.mca 
[30Aug2026 18:40:08.004] [Server thread/INFO] [org.merlin204.mimic.util.DimensionResourceCopier/]: 御剑凌虚： 从 mimic/the_lethean_sea/region/r.9.4.mca 复制到 /workspaces/RETRIEVAL-WATERCLIP/servidor_minecraft/world/dimensions/mimic/the_lethean_sea/region/r.9.4.mca 
[30Aug2026 18:40:08.005] [Server thread/INFO] [org.merlin204.mimic.util.DimensionResourceCopier/]: 御剑凌虚： 从 mimic/the_lethean_sea/region/r.9.3.mca 复制到 /workspaces/RETRIEVAL-WATERCLIP/servidor_minecraft/world/dimensions/mimic/the_lethean_sea/region/r.9.3.mca 
[30Aug2026 18:40:08.012] [Server thread/INFO] [org.merlin204.mimic.util.DimensionResourceCopier/]: 御剑凌虚： 从 mimic/the_lethean_sea/region/r.9.2.mca 复制到 /workspaces/RETRIEVAL-WATERCLIP/servidor_minecraft/world/dimensions/mimic/the_lethean_sea/region/r.9.2.mca 
[30Aug2026 18:40:08.013] [Server thread/INFO] [org.merlin204.mimic.util.DimensionResourceCopier/]: 御剑凌虚： 从 mimic/the_lethean_sea/region/r.9.1.mca 复制到 /workspaces/RETRIEVAL-WATERCLIP/servidor_minecraft/world/dimensions/mimic/the_lethean_sea/region/r.9.1.mca 
[30Aug2026 18:40:08.022] [Server thread/INFO] [org.merlin204.mimic.util.DimensionResourceCopier/]: 御剑凌虚： 从 mimic/the_lethean_sea/region/r.9.0.mca 复制到 /workspaces/RETRIEVAL-WATERCLIP/servidor_minecraft/world/dimensions/mimic/the_lethean_sea/region/r.9.0.mca 
[30Aug2026 18:40:08.023] [Server thread/INFO] [org.merlin204.mimic.util.DimensionResourceCopier/]: 御剑凌虚： 从 mimic/the_lethean_sea/region/r.9.-9.mca 复制到 /workspaces/RETRIEVAL-WATERCLIP/servidor_minecraft/world/dimensions/mimic/the_lethean_sea/region/r.9.-9.mca 
[30Aug2026 18:40:08.024] [Server thread/INFO] [org.merlin204.mimic.util.DimensionResourceCopier/]: 御剑凌虚： 从 mimic/the_lethean_sea/region/r.9.-8.mca 复制到 /workspaces/RETRIEVAL-WATERCLIP/servidor_minecraft/world/dimensions/mimic/the_lethean_sea/region/r.9.-8.mca 
[30Aug2026 18:40:08.027] [Server thread/INFO] [org.merlin204.mimic.util.DimensionResourceCopier/]: 御剑凌虚： 从 mimic/the_lethean_sea/region/r.9.-7.mca 复制到 /workspaces/RETRIEVAL-WATERCLIP/servidor_minecraft/world/dimensions/mimic/the_lethean_sea/region/r.9.-7.mca 
[30Aug2026 18:40:08.028] [Server thread/INFO] [org.merlin204.mimic.util.DimensionResourceCopier/]: 御剑凌虚： 从 mimic/the_lethean_sea/region/r.9.-6.mca 复制到 /workspaces/RETRIEVAL-WATERCLIP/servidor_minecraft/world/dimensions/mimic/the_lethean_sea/region/r.9.-6.mca 
[30Aug2026 18:40:08.029] [Server thread/INFO] [org.merlin204.mimic.util.DimensionResourceCopier/]: 御剑凌虚： 从 mimic/the_lethean_sea/region/r.9.-5.mca 复制到 /workspaces/RETRIEVAL-WATERCLIP/servidor_minecraft/world/dimensions/mimic/the_lethean_sea/region/r.9.-5.mca 
[30Aug2026 18:40:08.031] [Server thread/INFO] [org.merlin204.mimic.util.DimensionResourceCopier/]: 御剑凌虚： 从 mimic/the_lethean_sea/region/r.9.-4.mca 复制到 /workspaces/RETRIEVAL-WATERCLIP/servidor_minecraft/world/dimensions/mimic/the_lethean_sea/region/r.9.-4.mca 
[30Aug2026 18:40:08.031] [Server thread/INFO] [org.merlin204.mimic.util.DimensionResourceCopier/]: 御剑凌虚： 从 mimic/the_lethean_sea/region/r.9.-3.mca 复制到 /workspaces/RETRIEVAL-WATERCLIP/servidor_minecraft/world/dimensions/mimic/the_lethean_sea/region/r.9.-3.mca 
[30Aug2026 18:40:08.032] [Server thread/INFO] [org.merlin204.mimic.util.DimensionResourceCopier/]: 御剑凌虚： 从 mimic/the_lethean_sea/region/r.9.-2.mca 复制到 /workspaces/RETRIEVAL-WATERCLIP/servidor_minecraft/world/dimensions/mimic/the_lethean_sea/region/r.9.-2.mca 
[30Aug2026 18:40:08.038] [Server thread/INFO] [org.merlin204.mimic.util.DimensionResourceCopier/]: 御剑凌虚： 从 mimic/the_lethean_sea/region/r.9.-1.mca 复制到 /workspaces/RETRIEVAL-WATERCLIP/servidor_minecraft/world/dimensions/mimic/the_lethean_sea/region/r.9.-1.mca 
[30Aug2026 18:40:08.038] [Server thread/INFO] [org.merlin204.mimic.util.DimensionResourceCopier/]: 御剑凌虚： 从 mimic/the_lethean_sea/region/r.8.9.mca 复制到 /workspaces/RETRIEVAL-WATERCLIP/servidor_minecraft/world/dimensions/mimic/the_lethean_sea/region/r.8.9.mca 
[30Aug2026 18:40:08.041] [Server thread/INFO] [org.merlin204.mimic.util.DimensionResourceCopier/]: 御剑凌虚： 从 mimic/the_lethean_sea/region/r.8.8.mca 复制到 /workspaces/RETRIEVAL-WATERCLIP/servidor_minecraft/world/dimensions/mimic/the_lethean_sea/region/r.8.8.mca 
[30Aug2026 18:40:08.042] [Server thread/INFO] [org.merlin204.mimic.util.DimensionResourceCopier/]: 御剑凌虚： 从 mimic/the_lethean_sea/region/r.8.7.mca 复制到 /workspaces/RETRIEVAL-WATERCLIP/servidor_minecraft/world/dimensions/mimic/the_lethean_sea/region/r.8.7.mca 
[30Aug2026 18:40:08.045] [Server thread/INFO] [org.merlin204.mimic.util.DimensionResourceCopier/]: 御剑凌虚： 从 mimic/the_lethean_sea/region/r.8.6.mca 复制到 /workspaces/RETRIEVAL-WATERCLIP/servidor_minecraft/world/dimensions/mimic/the_lethean_sea/region/r.8.6.mca 
[30Aug2026 18:40:08.046] [Server thread/INFO] [org.merlin204.mimic.util.DimensionResourceCopier/]: 御剑凌虚： 从 mimic/the_lethean_sea/region/r.8.5.mca 复制到 /workspaces/RETRIEVAL-WATERCLIP/servidor_minecraft/world/dimensions/mimic/the_lethean_sea/region/r.8.5.mca 
[30Aug2026 18:40:08.048] [Server thread/INFO] [org.merlin204.mimic.util.DimensionResourceCopier/]: 御剑凌虚： 从 mimic/the_lethean_sea/region/r.8.4.mca 复制到 /workspaces/RETRIEVAL-WATERCLIP/servidor_minecraft/world/dimensions/mimic/the_lethean_sea/region/r.8.4.mca 
[30Aug2026 18:40:08.052] [Server thread/INFO] [org.merlin204.mimic.util.DimensionResourceCopier/]: 御剑凌虚： 从 mimic/the_lethean_sea/region/r.8.3.mca 复制到 /workspaces/RETRIEVAL-WATERCLIP/servidor_minecraft/world/dimensions/mimic/the_lethean_sea/region/r.8.3.mca 
[30Aug2026 18:40:08.053] [Server thread/INFO] [org.merlin204.mimic.util.DimensionResourceCopier/]: 御剑凌虚： 从 mimic/the_lethean_sea/region/r.8.2.mca 复制到 /workspaces/RETRIEVAL-WATERCLIP/servidor_minecraft/world/dimensions/mimic/the_lethean_sea/region/r.8.2.mca 
[30Aug2026 18:40:08.054] [Server thread/INFO] [org.merlin204.mimic.util.DimensionResourceCopier/]: 御剑凌虚： 从 mimic/the_lethean_sea/region/r.8.1.mca 复制到 /workspaces/RETRIEVAL-WATERCLIP/servidor_minecraft/world/dimensions/mimic/the_lethean_sea/region/r.8.1.mca 
[30Aug2026 18:40:08.055] [Server thread/INFO] [org.merlin204.mimic.util.DimensionResourceCopier/]: 御剑凌虚： 从 mimic/the_lethean_sea/region/r.8.0.mca 复制到 /workspaces/RETRIEVAL-WATERCLIP/servidor_minecraft/world/dimensions/mimic/the_lethean_sea/region/r.8.0.mca 
[30Aug2026 18:40:08.057] [Server thread/INFO] [org.merlin204.mimic.util.DimensionResourceCopier/]: 御剑凌虚： 从 mimic/the_lethean_sea/region/r.8.-9.mca 复制到 /workspaces/RETRIEVAL-WATERCLIP/servidor_minecraft/world/dimensions/mimic/the_lethean_sea/region/r.8.-9.mca 
[30Aug2026 18:40:08.057] [Server thread/INFO] [org.merlin204.mimic.util.DimensionResourceCopier/]: 御剑凌虚： 从 mimic/the_lethean_sea/region/r.8.-8.mca 复制到 /workspaces/RETRIEVAL-WATERCLIP/servidor_minecraft/world/dimensions/mimic/the_lethean_sea/region/r.8.-8.mca 
[30Aug2026 18:40:08.058] [Server thread/INFO] [org.merlin204.mimic.util.DimensionResourceCopier/]: 御剑凌虚： 从 mimic/the_lethean_sea/region/r.8.-7.mca 复制到 /workspaces/RETRIEVAL-WATERCLIP/servidor_minecraft/world/dimensions/mimic/the_lethean_sea/region/r.8.-7.mca 
[30Aug2026 18:40:08.061] [Server thread/INFO] [org.merlin204.mimic.util.DimensionResourceCopier/]: 御剑凌虚： 从 mimic/the_lethean_sea/region/r.8.-6.mca 复制到 /workspaces/RETRIEVAL-WATERCLIP/servidor_minecraft/world/dimensions/mimic/the_lethean_sea/region/r.8.-6.mca 
[30Aug2026 18:40:08.062] [Server thread/INFO] [org.merlin204.mimic.util.DimensionResourceCopier/]: 御剑凌虚： 从 mimic/the_lethean_sea/region/r.8.-5.mca 复制到 /workspaces/RETRIEVAL-WATERCLIP/servidor_minecraft/world/dimensions/mimic/the_lethean_sea/region/r.8.-5.mca 
[30Aug2026 18:40:08.062] [Server thread/INFO] [org.merlin204.mimic.util.DimensionResourceCopier/]: 御剑凌虚： 从 mimic/the_lethean_sea/region/r.8.-4.mca 复制到 /workspaces/RETRIEVAL-WATERCLIP/servidor_minecraft/world/dimensions/mimic/the_lethean_sea/region/r.8.-4.mca 
[30Aug2026 18:40:08.064] [Server thread/INFO] [org.merlin204.mimic.util.DimensionResourceCopier/]: 御剑凌虚： 从 mimic/the_lethean_sea/region/r.8.-3.mca 复制到 /workspaces/RETRIEVAL-WATERCLIP/servidor_minecraft/world/dimensions/mimic/the_lethean_sea/region/r.8.-3.mca 
[30Aug2026 18:40:08.064] [Server thread/INFO] [org.merlin204.mimic.util.DimensionResourceCopier/]: 御剑凌虚： 从 mimic/the_lethean_sea/region/r.8.-2.mca 复制到 /workspaces/RETRIEVAL-WATERCLIP/servidor_minecraft/world/dimensions/mimic/the_lethean_sea/region/r.8.-2.mca 
[30Aug2026 18:40:08.065] [Server thread/INFO] [org.merlin204.mimic.util.DimensionResourceCopier/]: 御剑凌虚： 从 mimic/the_lethean_sea/region/r.8.-1.mca 复制到 /workspaces/RETRIEVAL-WATERCLIP/servidor_minecraft/world/dimensions/mimic/the_lethean_sea/region/r.8.-1.mca 
[30Aug2026 18:40:08.066] [Server thread/INFO] [org.merlin204.mimic.util.DimensionResourceCopier/]: 御剑凌虚： 从 mimic/the_lethean_sea/region/r.7.9.mca 复制到 /workspaces/RETRIEVAL-WATERCLIP/servidor_minecraft/world/dimensions/mimic/the_lethean_sea/region/r.7.9.mca 
[30Aug2026 18:40:08.068] [Server thread/INFO] [org.merlin204.mimic.util.DimensionResourceCopier/]: 御剑凌虚： 从 mimic/the_lethean_sea/region/r.7.8.mca 复制到 /workspaces/RETRIEVAL-WATERCLIP/servidor_minecraft/world/dimensions/mimic/the_lethean_sea/region/r.7.8.mca 
[30Aug2026 18:40:08.068] [Server thread/INFO] [org.merlin204.mimic.util.DimensionResourceCopier/]: 御剑凌虚： 从 mimic/the_lethean_sea/region/r.7.7.mca 复制到 /workspaces/RETRIEVAL-WATERCLIP/servidor_minecraft/world/dimensions/mimic/the_lethean_sea/region/r.7.7.mca 
[30Aug2026 18:40:08.069] [Server thread/INFO] [org.merlin204.mimic.util.DimensionResourceCopier/]: 御剑凌虚： 从 mimic/the_lethean_sea/region/r.7.6.mca 复制到 /workspaces/RETRIEVAL-WATERCLIP/servidor_minecraft/world/dimensions/mimic/the_lethean_sea/region/r.7.6.mca 
[30Aug2026 18:40:08.070] [Server thread/INFO] [org.merlin204.mimic.util.DimensionResourceCopier/]: 御剑凌虚： 从 mimic/the_lethean_sea/region/r.7.5.mca 复制到 /workspaces/RETRIEVAL-WATERCLIP/servidor_minecraft/world/dimensions/mimic/the_lethean_sea/region/r.7.5.mca 
[30Aug2026 18:40:08.071] [Server thread/INFO] [org.merlin204.mimic.util.DimensionResourceCopier/]: 御剑凌虚： 从 mimic/the_lethean_sea/region/r.7.4.mca 复制到 /workspaces/RETRIEVAL-WATERCLIP/servidor_minecraft/world/dimensions/mimic/the_lethean_sea/region/r.7.4.mca 
[30Aug2026 18:40:08.071] [Server thread/INFO] [org.merlin204.mimic.util.DimensionResourceCopier/]: 御剑凌虚： 从 mimic/the_lethean_sea/region/r.7.3.mca 复制到 /workspaces/RETRIEVAL-WATERCLIP/servidor_minecraft/world/dimensions/mimic/the_lethean_sea/region/r.7.3.mca 
[30Aug2026 18:40:08.072] [Server thread/INFO] [org.merlin204.mimic.util.DimensionResourceCopier/]: 御剑凌虚： 从 mimic/the_lethean_sea/region/r.7.2.mca 复制到 /workspaces/RETRIEVAL-WATERCLIP/servidor_minecraft/world/dimensions/mimic/the_lethean_sea/region/r.7.2.mca 
[30Aug2026 18:40:08.072] [Server thread/INFO] [org.merlin204.mimic.util.DimensionResourceCopier/]: 御剑凌虚： 从 mimic/the_lethean_sea/region/r.7.1.mca 复制到 /workspaces/RETRIEVAL-WATERCLIP/servidor_minecraft/world/dimensions/mimic/the_lethean_sea/region/r.7.1.mca 
[30Aug2026 18:40:08.073] [Server thread/INFO] [org.merlin204.mimic.util.DimensionResourceCopier/]: 御剑凌虚： 从 mimic/the_lethean_sea/region/r.7.0.mca 复制到 /workspaces/RETRIEVAL-WATERCLIP/servidor_minecraft/world/dimensions/mimic/the_lethean_sea/region/r.7.0.mca 
[30Aug2026 18:40:08.074] [Server thread/INFO] [org.merlin204.mimic.util.DimensionResourceCopier/]: 御剑凌虚： 从 mimic/the_lethean_sea/region/r.7.-9.mca 复制到 /workspaces/RETRIEVAL-WATERCLIP/servidor_minecraft/world/dimensions/mimic/the_lethean_sea/region/r.7.-9.mca 
[30Aug2026 18:40:08.075] [Server thread/INFO] [org.merlin204.mimic.util.DimensionResourceCopier/]: 御剑凌虚： 从 mimic/the_lethean_sea/region/r.7.-8.mca 复制到 /workspaces/RETRIEVAL-WATERCLIP/servidor_minecraft/world/dimensions/mimic/the_lethean_sea/region/r.7.-8.mca 
[30Aug2026 18:40:08.075] [Server thread/INFO] [org.merlin204.mimic.util.DimensionResourceCopier/]: 御剑凌虚： 从 mimic/the_lethean_sea/region/r.7.-7.mca 复制到 /workspaces/RETRIEVAL-WATERCLIP/servidor_minecraft/world/dimensions/mimic/the_lethean_sea/region/r.7.-7.mca 
[30Aug2026 18:40:08.075] [Server thread/INFO] [org.merlin204.mimic.util.DimensionResourceCopier/]: 御剑凌虚： 从 mimic/the_lethean_sea/region/r.7.-6.mca 复制到 /workspaces/RETRIEVAL-WATERCLIP/servidor_minecraft/world/dimensions/mimic/the_lethean_sea/region/r.7.-6.mca 
[30Aug2026 18:40:08.076] [Server thread/INFO] [org.merlin204.mimic.util.DimensionResourceCopier/]: 御剑凌虚： 从 mimic/the_lethean_sea/region/r.7.-5.mca 复制到 /workspaces/RETRIEVAL-WATERCLIP/servidor_minecraft/world/dimensions/mimic/the_lethean_sea/region/r.7.-5.mca 
[30Aug2026 18:40:08.076] [Server thread/INFO] [org.merlin204.mimic.util.DimensionResourceCopier/]: 御剑凌虚： 从 mimic/the_lethean_sea/region/r.7.-4.mca 复制到 /workspaces/RETRIEVAL-WATERCLIP/servidor_minecraft/world/dimensions/mimic/the_lethean_sea/region/r.7.-4.mca 
[30Aug2026 18:40:08.078] [Server thread/INFO] [org.merlin204.mimic.util.DimensionResourceCopier/]: 御剑凌虚： 从 mimic/the_lethean_sea/region/r.7.-3.mca 复制到 /workspaces/RETRIEVAL-WATERCLIP/servidor_minecraft/world/dimensions/mimic/the_lethean_sea/region/r.7.-3.mca 
[30Aug2026 18:40:08.079] [Server thread/INFO] [org.merlin204.mimic.util.DimensionResourceCopier/]: 御剑凌虚： 从 mimic/the_lethean_sea/region/r.7.-2.mca 复制到 /workspaces/RETRIEVAL-WATERCLIP/servidor_minecraft/world/dimensions/mimic/the_lethean_sea/region/r.7.-2.mca 
[30Aug2026 18:40:08.082] [Server thread/INFO] [org.merlin204.mimic.util.DimensionResourceCopier/]: 御剑凌虚： 从 mimic/the_lethean_sea/region/r.7.-1.mca 复制到 /workspaces/RETRIEVAL-WATERCLIP/servidor_minecraft/world/dimensions/mimic/the_lethean_sea/region/r.7.-1.mca 
[30Aug2026 18:40:08.082] [Server thread/INFO] [org.merlin204.mimic.util.DimensionResourceCopier/]: 御剑凌虚： 从 mimic/the_lethean_sea/region/r.6.9.mca 复制到 /workspaces/RETRIEVAL-WATERCLIP/servidor_minecraft/world/dimensions/mimic/the_lethean_sea/region/r.6.9.mca 
[30Aug2026 18:40:08.084] [Server thread/INFO] [org.merlin204.mimic.util.DimensionResourceCopier/]: 御剑凌虚： 从 mimic/the_lethean_sea/region/r.6.8.mca 复制到 /workspaces/RETRIEVAL-WATERCLIP/servidor_minecraft/world/dimensions/mimic/the_lethean_sea/region/r.6.8.mca 
[30Aug2026 18:40:08.086] [Server thread/INFO] [org.merlin204.mimic.util.DimensionResourceCopier/]: 御剑凌虚： 从 mimic/the_lethean_sea/region/r.6.7.mca 复制到 /workspaces/RETRIEVAL-WATERCLIP/servidor_minecraft/world/dimensions/mimic/the_lethean_sea/region/r.6.7.mca 
[30Aug2026 18:40:08.087] [Server thread/INFO] [org.merlin204.mimic.util.DimensionResourceCopier/]: 御剑凌虚： 从 mimic/the_lethean_sea/region/r.6.6.mca 复制到 /workspaces/RETRIEVAL-WATERCLIP/servidor_minecraft/world/dimensions/mimic/the_lethean_sea/region/r.6.6.mca 
[30Aug2026 18:40:08.088] [Server thread/INFO] [org.merlin204.mimic.util.DimensionResourceCopier/]: 御剑凌虚： 从 mimic/the_lethean_sea/region/r.6.5.mca 复制到 /workspaces/RETRIEVAL-WATERCLIP/servidor_minecraft/world/dimensions/mimic/the_lethean_sea/region/r.6.5.mca 
[30Aug2026 18:40:08.090] [Server thread/INFO] [org.merlin204.mimic.util.DimensionResourceCopier/]: 御剑凌虚： 从 mimic/the_lethean_sea/region/r.6.4.mca 复制到 /workspaces/RETRIEVAL-WATERCLIP/servidor_minecraft/world/dimensions/mimic/the_lethean_sea/region/r.6.4.mca 
[30Aug2026 18:40:08.091] [Server thread/INFO] [org.merlin204.mimic.util.DimensionResourceCopier/]: 御剑凌虚： 从 mimic/the_lethean_sea/region/r.6.3.mca 复制到 /workspaces/RETRIEVAL-WATERCLIP/servidor_minecraft/world/dimensions/mimic/the_lethean_sea/region/r.6.3.mca 
[30Aug2026 18:40:08.094] [Server thread/INFO] [org.merlin204.mimic.util.DimensionResourceCopier/]: 御剑凌虚： 从 mimic/the_lethean_sea/region/r.6.2.mca 复制到 /workspaces/RETRIEVAL-WATERCLIP/servidor_minecraft/world/dimensions/mimic/the_lethean_sea/region/r.6.2.mca 
[30Aug2026 18:40:08.096] [Server thread/INFO] [org.merlin204.mimic.util.DimensionResourceCopier/]: 御剑凌虚： 从 mimic/the_lethean_sea/region/r.6.1.mca 复制到 /workspaces/RETRIEVAL-WATERCLIP/servidor_minecraft/world/dimensions/mimic/the_lethean_sea/region/r.6.1.mca 
[30Aug2026 18:40:08.098] [Server thread/INFO] [org.merlin204.mimic.util.DimensionResourceCopier/]: 御剑凌虚： 从 mimic/the_lethean_sea/region/r.6.0.mca 复制到 /workspaces/RETRIEVAL-WATERCLIP/servidor_minecraft/world/dimensions/mimic/the_lethean_sea/region/r.6.0.mca 
[30Aug2026 18:40:08.099] [Server thread/INFO] [org.merlin204.mimic.util.DimensionResourceCopier/]: 御剑凌虚： 从 mimic/the_lethean_sea/region/r.6.-9.mca 复制到 /workspaces/RETRIEVAL-WATERCLIP/servidor_minecraft/world/dimensions/mimic/the_lethean_sea/region/r.6.-9.mca 
[30Aug2026 18:40:08.099] [Server thread/INFO] [org.merlin204.mimic.util.DimensionResourceCopier/]: 御剑凌虚： 从 mimic/the_lethean_sea/region/r.6.-8.mca 复制到 /workspaces/RETRIEVAL-WATERCLIP/servidor_minecraft/world/dimensions/mimic/the_lethean_sea/region/r.6.-8.mca 
[30Aug2026 18:40:08.101] [Server thread/INFO] [org.merlin204.mimic.util.DimensionResourceCopier/]: 御剑凌虚： 从 mimic/the_lethean_sea/region/r.6.-7.mca 复制到 /workspaces/RETRIEVAL-WATERCLIP/servidor_minecraft/world/dimensions/mimic/the_lethean_sea/region/r.6.-7.mca 
[30Aug2026 18:40:08.103] [Server thread/INFO] [org.merlin204.mimic.util.DimensionResourceCopier/]: 御剑凌虚： 从 mimic/the_lethean_sea/region/r.6.-6.mca 复制到 /workspaces/RETRIEVAL-WATERCLIP/servidor_minecraft/world/dimensions/mimic/the_lethean_sea/region/r.6.-6.mca 
[30Aug2026 18:40:08.103] [Server thread/INFO] [org.merlin204.mimic.util.DimensionResourceCopier/]: 御剑凌虚： 从 mimic/the_lethean_sea/region/r.6.-5.mca 复制到 /workspaces/RETRIEVAL-WATERCLIP/servidor_minecraft/world/dimensions/mimic/the_lethean_sea/region/r.6.-5.mca 
[30Aug2026 18:40:08.105] [Server thread/INFO] [org.merlin204.mimic.util.DimensionResourceCopier/]: 御剑凌虚： 从 mimic/the_lethean_sea/region/r.6.-4.mca 复制到 /workspaces/RETRIEVAL-WATERCLIP/servidor_minecraft/world/dimensions/mimic/the_lethean_sea/region/r.6.-4.mca 
[30Aug2026 18:40:08.106] [Server thread/INFO] [org.merlin204.mimic.util.DimensionResourceCopier/]: 御剑凌虚： 从 mimic/the_lethean_sea/region/r.6.-3.mca 复制到 /workspaces/RETRIEVAL-WATERCLIP/servidor_minecraft/world/dimensions/mimic/the_lethean_sea/region/r.6.-3.mca 
[30Aug2026 18:40:08.107] [Server thread/INFO] [org.merlin204.mimic.util.DimensionResourceCopier/]: 御剑凌虚： 从 mimic/the_lethean_sea/region/r.6.-2.mca 复制到 /workspaces/RETRIEVAL-WATERCLIP/servidor_minecraft/world/dimensions/mimic/the_lethean_sea/region/r.6.-2.mca 
[30Aug2026 18:40:08.108] [Server thread/INFO] [org.merlin204.mimic.util.DimensionResourceCopier/]: 御剑凌虚： 从 mimic/the_lethean_sea/region/r.6.-1.mca 复制到 /workspaces/RETRIEVAL-WATERCLIP/servidor_minecraft/world/dimensions/mimic/the_lethean_sea/region/r.6.-1.mca 
[30Aug2026 18:40:08.109] [Server thread/INFO] [org.merlin204.mimic.util.DimensionResourceCopier/]: 御剑凌虚： 从 mimic/the_lethean_sea/region/r.5.9.mca 复制到 /workspaces/RETRIEVAL-WATERCLIP/servidor_minecraft/world/dimensions/mimic/the_lethean_sea/region/r.5.9.mca 
[30Aug2026 18:40:08.110] [Server thread/INFO] [org.merlin204.mimic.util.DimensionResourceCopier/]: 御剑凌虚： 从 mimic/the_lethean_sea/region/r.5.8.mca 复制到 /workspaces/RETRIEVAL-WATERCLIP/servidor_minecraft/world/dimensions/mimic/the_lethean_sea/region/r.5.8.mca 
[30Aug2026 18:40:08.113] [Server thread/INFO] [org.merlin204.mimic.util.DimensionResourceCopier/]: 御剑凌虚： 从 mimic/the_lethean_sea/region/r.5.7.mca 复制到 /workspaces/RETRIEVAL-WATERCLIP/servidor_minecraft/world/dimensions/mimic/the_lethean_sea/region/r.5.7.mca 
[30Aug2026 18:40:08.117] [Server thread/INFO] [org.merlin204.mimic.util.DimensionResourceCopier/]: 御剑凌虚： 从 mimic/the_lethean_sea/region/r.5.6.mca 复制到 /workspaces/RETRIEVAL-WATERCLIP/servidor_minecraft/world/dimensions/mimic/the_lethean_sea/region/r.5.6.mca 
[30Aug2026 18:40:08.117] [Server thread/INFO] [org.merlin204.mimic.util.DimensionResourceCopier/]: 御剑凌虚： 从 mimic/the_lethean_sea/region/r.5.5.mca 复制到 /workspaces/RETRIEVAL-WATERCLIP/servidor_minecraft/world/dimensions/mimic/the_lethean_sea/region/r.5.5.mca 
[30Aug2026 18:40:08.118] [Server thread/INFO] [org.merlin204.mimic.util.DimensionResourceCopier/]: 御剑凌虚： 从 mimic/the_lethean_sea/region/r.5.4.mca 复制到 /workspaces/RETRIEVAL-WATERCLIP/servidor_minecraft/world/dimensions/mimic/the_lethean_sea/region/r.5.4.mca 
[30Aug2026 18:40:08.118] [Server thread/INFO] [org.merlin204.mimic.util.DimensionResourceCopier/]: 御剑凌虚： 从 mimic/the_lethean_sea/region/r.5.3.mca 复制到 /workspaces/RETRIEVAL-WATERCLIP/servidor_minecraft/world/dimensions/mimic/the_lethean_sea/region/r.5.3.mca 
[30Aug2026 18:40:08.119] [Server thread/INFO] [org.merlin204.mimic.util.DimensionResourceCopier/]: 御剑凌虚： 从 mimic/the_lethean_sea/region/r.5.2.mca 复制到 /workspaces/RETRIEVAL-WATERCLIP/servidor_minecraft/world/dimensions/mimic/the_lethean_sea/region/r.5.2.mca 
[30Aug2026 18:40:08.119] [Server thread/INFO] [org.merlin204.mimic.util.DimensionResourceCopier/]: 御剑凌虚： 从 mimic/the_lethean_sea/region/r.5.1.mca 复制到 /workspaces/RETRIEVAL-WATERCLIP/servidor_minecraft/world/dimensions/mimic/the_lethean_sea/region/r.5.1.mca 
[30Aug2026 18:40:08.120] [Server thread/INFO] [org.merlin204.mimic.util.DimensionResourceCopier/]: 御剑凌虚： 从 mimic/the_lethean_sea/region/r.5.0.mca 复制到 /workspaces/RETRIEVAL-WATERCLIP/servidor_minecraft/world/dimensions/mimic/the_lethean_sea/region/r.5.0.mca 
[30Aug2026 18:40:08.122] [Server thread/INFO] [org.merlin204.mimic.util.DimensionResourceCopier/]: 御剑凌虚： 从 mimic/the_lethean_sea/region/r.5.-9.mca 复制到 /workspaces/RETRIEVAL-WATERCLIP/servidor_minecraft/world/dimensions/mimic/the_lethean_sea/region/r.5.-9.mca 
[30Aug2026 18:40:08.124] [Server thread/INFO] [org.merlin204.mimic.util.DimensionResourceCopier/]: 御剑凌虚： 从 mimic/the_lethean_sea/region/r.5.-8.mca 复制到 /workspaces/RETRIEVAL-WATERCLIP/servidor_minecraft/world/dimensions/mimic/the_lethean_sea/region/r.5.-8.mca 
[30Aug2026 18:40:08.129] [Server thread/INFO] [org.merlin204.mimic.util.DimensionResourceCopier/]: 御剑凌虚： 从 mimic/the_lethean_sea/region/r.5.-7.mca 复制到 /workspaces/RETRIEVAL-WATERCLIP/servidor_minecraft/world/dimensions/mimic/the_lethean_sea/region/r.5.-7.mca 
[30Aug2026 18:40:08.129] [Server thread/INFO] [org.merlin204.mimic.util.DimensionResourceCopier/]: 御剑凌虚： 从 mimic/the_lethean_sea/region/r.5.-6.mca 复制到 /workspaces/RETRIEVAL-WATERCLIP/servidor_minecraft/world/dimensions/mimic/the_lethean_sea/region/r.5.-6.mca 
[30Aug2026 18:40:08.132] [Server thread/INFO] [org.merlin204.mimic.util.DimensionResourceCopier/]: 御剑凌虚： 从 mimic/the_lethean_sea/region/r.5.-5.mca 复制到 /workspaces/RETRIEVAL-WATERCLIP/servidor_minecraft/world/dimensions/mimic/the_lethean_sea/region/r.5.-5.mca 
[30Aug2026 18:40:08.134] [Server thread/INFO] [org.merlin204.mimic.util.DimensionResourceCopier/]: 御剑凌虚： 从 mimic/the_lethean_sea/region/r.5.-4.mca 复制到 /workspaces/RETRIEVAL-WATERCLIP/servidor_minecraft/world/dimensions/mimic/the_lethean_sea/region/r.5.-4.mca 
[30Aug2026 18:40:08.135] [Server thread/INFO] [org.merlin204.mimic.util.DimensionResourceCopier/]: 御剑凌虚： 从 mimic/the_lethean_sea/region/r.5.-3.mca 复制到 /workspaces/RETRIEVAL-WATERCLIP/servidor_minecraft/world/dimensions/mimic/the_lethean_sea/region/r.5.-3.mca 
[30Aug2026 18:40:08.136] [Server thread/INFO] [org.merlin204.mimic.util.DimensionResourceCopier/]: 御剑凌虚： 从 mimic/the_lethean_sea/region/r.5.-2.mca 复制到 /workspaces/RETRIEVAL-WATERCLIP/servidor_minecraft/world/dimensions/mimic/the_lethean_sea/region/r.5.-2.mca 
[30Aug2026 18:40:08.138] [Server thread/INFO] [org.merlin204.mimic.util.DimensionResourceCopier/]: 御剑凌虚： 从 mimic/the_lethean_sea/region/r.5.-1.mca 复制到 /workspaces/RETRIEVAL-WATERCLIP/servidor_minecraft/world/dimensions/mimic/the_lethean_sea/region/r.5.-1.mca 
[30Aug2026 18:40:08.139] [Server thread/INFO] [org.merlin204.mimic.util.DimensionResourceCopier/]: 御剑凌虚： 从 mimic/the_lethean_sea/region/r.4.9.mca 复制到 /workspaces/RETRIEVAL-WATERCLIP/servidor_minecraft/world/dimensions/mimic/the_lethean_sea/region/r.4.9.mca 
[30Aug2026 18:40:08.139] [Server thread/INFO] [org.merlin204.mimic.util.DimensionResourceCopier/]: 御剑凌虚： 从 mimic/the_lethean_sea/region/r.4.8.mca 复制到 /workspaces/RETRIEVAL-WATERCLIP/servidor_minecraft/world/dimensions/mimic/the_lethean_sea/region/r.4.8.mca 
[30Aug2026 18:40:08.139] [Server thread/INFO] [org.merlin204.mimic.util.DimensionResourceCopier/]: 御剑凌虚： 从 mimic/the_lethean_sea/region/r.4.7.mca 复制到 /workspaces/RETRIEVAL-WATERCLIP/servidor_minecraft/world/dimensions/mimic/the_lethean_sea/region/r.4.7.mca 
[30Aug2026 18:40:08.139] [Server thread/INFO] [org.merlin204.mimic.util.DimensionResourceCopier/]: 御剑凌虚： 从 mimic/the_lethean_sea/region/r.4.6.mca 复制到 /workspaces/RETRIEVAL-WATERCLIP/servidor_minecraft/world/dimensions/mimic/the_lethean_sea/region/r.4.6.mca 
[30Aug2026 18:40:08.140] [Server thread/INFO] [org.merlin204.mimic.util.DimensionResourceCopier/]: 御剑凌虚： 从 mimic/the_lethean_sea/region/r.4.5.mca 复制到 /workspaces/RETRIEVAL-WATERCLIP/servidor_minecraft/world/dimensions/mimic/the_lethean_sea/region/r.4.5.mca 
[30Aug2026 18:40:08.140] [Server thread/INFO] [org.merlin204.mimic.util.DimensionResourceCopier/]: 御剑凌虚： 从 mimic/the_lethean_sea/region/r.4.4.mca 复制到 /workspaces/RETRIEVAL-WATERCLIP/servidor_minecraft/world/dimensions/mimic/the_lethean_sea/region/r.4.4.mca 
[30Aug2026 18:40:08.146] [Server thread/INFO] [org.merlin204.mimic.util.DimensionResourceCopier/]: 御剑凌虚： 从 mimic/the_lethean_sea/region/r.4.3.mca 复制到 /workspaces/RETRIEVAL-WATERCLIP/servidor_minecraft/world/dimensions/mimic/the_lethean_sea/region/r.4.3.mca 
[30Aug2026 18:40:08.149] [Server thread/INFO] [org.merlin204.mimic.util.DimensionResourceCopier/]: 御剑凌虚： 从 mimic/the_lethean_sea/region/r.4.2.mca 复制到 /workspaces/RETRIEVAL-WATERCLIP/servidor_minecraft/world/dimensions/mimic/the_lethean_sea/region/r.4.2.mca 
[30Aug2026 18:40:08.151] [Server thread/INFO] [org.merlin204.mimic.util.DimensionResourceCopier/]: 御剑凌虚： 从 mimic/the_lethean_sea/region/r.4.1.mca 复制到 /workspaces/RETRIEVAL-WATERCLIP/servidor_minecraft/world/dimensions/mimic/the_lethean_sea/region/r.4.1.mca 
[30Aug2026 18:40:08.152] [Server thread/INFO] [org.merlin204.mimic.util.DimensionResourceCopier/]: 御剑凌虚： 从 mimic/the_lethean_sea/region/r.4.0.mca 复制到 /workspaces/RETRIEVAL-WATERCLIP/servidor_minecraft/world/dimensions/mimic/the_lethean_sea/region/r.4.0.mca 
[30Aug2026 18:40:08.154] [Server thread/INFO] [org.merlin204.mimic.util.DimensionResourceCopier/]: 御剑凌虚： 从 mimic/the_lethean_sea/region/r.4.-9.mca 复制到 /workspaces/RETRIEVAL-WATERCLIP/servidor_minecraft/world/dimensions/mimic/the_lethean_sea/region/r.4.-9.mca 
[30Aug2026 18:40:08.158] [Server thread/INFO] [org.merlin204.mimic.util.DimensionResourceCopier/]: 御剑凌虚： 从 mimic/the_lethean_sea/region/r.4.-8.mca 复制到 /workspaces/RETRIEVAL-WATERCLIP/servidor_minecraft/world/dimensions/mimic/the_lethean_sea/region/r.4.-8.mca 
[30Aug2026 18:40:08.159] [Server thread/INFO] [org.merlin204.mimic.util.DimensionResourceCopier/]: 御剑凌虚： 从 mimic/the_lethean_sea/region/r.4.-7.mca 复制到 /workspaces/RETRIEVAL-WATERCLIP/servidor_minecraft/world/dimensions/mimic/the_lethean_sea/region/r.4.-7.mca 
[30Aug2026 18:40:08.160] [Server thread/INFO] [org.merlin204.mimic.util.DimensionResourceCopier/]: 御剑凌虚： 从 mimic/the_lethean_sea/region/r.4.-6.mca 复制到 /workspaces/RETRIEVAL-WATERCLIP/servidor_minecraft/world/dimensions/mimic/the_lethean_sea/region/r.4.-6.mca 
[30Aug2026 18:40:08.161] [Server thread/INFO] [org.merlin204.mimic.util.DimensionResourceCopier/]: 御剑凌虚： 从 mimic/the_lethean_sea/region/r.4.-5.mca 复制到 /workspaces/RETRIEVAL-WATERCLIP/servidor_minecraft/world/dimensions/mimic/the_lethean_sea/region/r.4.-5.mca 
[30Aug2026 18:40:08.163] [Server thread/INFO] [org.merlin204.mimic.util.DimensionResourceCopier/]: 御剑凌虚： 从 mimic/the_lethean_sea/region/r.4.-4.mca 复制到 /workspaces/RETRIEVAL-WATERCLIP/servidor_minecraft/world/dimensions/mimic/the_lethean_sea/region/r.4.-4.mca 
[30Aug2026 18:40:08.166] [Server thread/INFO] [org.merlin204.mimic.util.DimensionResourceCopier/]: 御剑凌虚： 从 mimic/the_lethean_sea/region/r.4.-3.mca 复制到 /workspaces/RETRIEVAL-WATERCLIP/servidor_minecraft/world/dimensions/mimic/the_lethean_sea/region/r.4.-3.mca 
[30Aug2026 18:40:08.167] [Server thread/INFO] [org.merlin204.mimic.util.DimensionResourceCopier/]: 御剑凌虚： 从 mimic/the_lethean_sea/region/r.4.-2.mca 复制到 /workspaces/RETRIEVAL-WATERCLIP/servidor_minecraft/world/dimensions/mimic/the_lethean_sea/region/r.4.-2.mca 
[30Aug2026 18:40:08.167] [Server thread/INFO] [org.merlin204.mimic.util.DimensionResourceCopier/]: 御剑凌虚： 从 mimic/the_lethean_sea/region/r.4.-1.mca 复制到 /workspaces/RETRIEVAL-WATERCLIP/servidor_minecraft/world/dimensions/mimic/the_lethean_sea/region/r.4.-1.mca 
[30Aug2026 18:40:08.171] [Server thread/INFO] [org.merlin204.mimic.util.DimensionResourceCopier/]: 御剑凌虚： 从 mimic/the_lethean_sea/region/r.3.9.mca 复制到 /workspaces/RETRIEVAL-WATERCLIP/servidor_minecraft/world/dimensions/mimic/the_lethean_sea/region/r.3.9.mca 
[30Aug2026 18:40:08.172] [Server thread/INFO] [org.merlin204.mimic.util.DimensionResourceCopier/]: 御剑凌虚： 从 mimic/the_lethean_sea/region/r.3.8.mca 复制到 /workspaces/RETRIEVAL-WATERCLIP/servidor_minecraft/world/dimensions/mimic/the_lethean_sea/region/r.3.8.mca 
[30Aug2026 18:40:08.173] [Server thread/INFO] [org.merlin204.mimic.util.DimensionResourceCopier/]: 御剑凌虚： 从 mimic/the_lethean_sea/region/r.3.7.mca 复制到 /workspaces/RETRIEVAL-WATERCLIP/servidor_minecraft/world/dimensions/mimic/the_lethean_sea/region/r.3.7.mca 
[30Aug2026 18:40:08.174] [Server thread/INFO] [org.merlin204.mimic.util.DimensionResourceCopier/]: 御剑凌虚： 从 mimic/the_lethean_sea/region/r.3.6.mca 复制到 /workspaces/RETRIEVAL-WATERCLIP/servidor_minecraft/world/dimensions/mimic/the_lethean_sea/region/r.3.6.mca 
[30Aug2026 18:40:08.175] [Server thread/INFO] [org.merlin204.mimic.util.DimensionResourceCopier/]: 御剑凌虚： 从 mimic/the_lethean_sea/region/r.3.5.mca 复制到 /workspaces/RETRIEVAL-WATERCLIP/servidor_minecraft/world/dimensions/mimic/the_lethean_sea/region/r.3.5.mca 
[30Aug2026 18:40:08.176] [Server thread/INFO] [org.merlin204.mimic.util.DimensionResourceCopier/]: 御剑凌虚： 从 mimic/the_lethean_sea/region/r.3.4.mca 复制到 /workspaces/RETRIEVAL-WATERCLIP/servidor_minecraft/world/dimensions/mimic/the_lethean_sea/region/r.3.4.mca 
[30Aug2026 18:40:08.177] [Server thread/INFO] [org.merlin204.mimic.util.DimensionResourceCopier/]: 御剑凌虚： 从 mimic/the_lethean_sea/region/r.3.3.mca 复制到 /workspaces/RETRIEVAL-WATERCLIP/servidor_minecraft/world/dimensions/mimic/the_lethean_sea/region/r.3.3.mca 
[30Aug2026 18:40:08.177] [Server thread/INFO] [org.merlin204.mimic.util.DimensionResourceCopier/]: 御剑凌虚： 从 mimic/the_lethean_sea/region/r.3.2.mca 复制到 /workspaces/RETRIEVAL-WATERCLIP/servidor_minecraft/world/dimensions/mimic/the_lethean_sea/region/r.3.2.mca 
[30Aug2026 18:40:08.178] [Server thread/INFO] [org.merlin204.mimic.util.DimensionResourceCopier/]: 御剑凌虚： 从 mimic/the_lethean_sea/region/r.3.1.mca 复制到 /workspaces/RETRIEVAL-WATERCLIP/servidor_minecraft/world/dimensions/mimic/the_lethean_sea/region/r.3.1.mca 
[30Aug2026 18:40:08.179] [Server thread/INFO] [org.merlin204.mimic.util.DimensionResourceCopier/]: 御剑凌虚： 从 mimic/the_lethean_sea/region/r.3.0.mca 复制到 /workspaces/RETRIEVAL-WATERCLIP/servidor_minecraft/world/dimensions/mimic/the_lethean_sea/region/r.3.0.mca 
[30Aug2026 18:40:08.180] [Server thread/INFO] [org.merlin204.mimic.util.DimensionResourceCopier/]: 御剑凌虚： 从 mimic/the_lethean_sea/region/r.3.-9.mca 复制到 /workspaces/RETRIEVAL-WATERCLIP/servidor_minecraft/world/dimensions/mimic/the_lethean_sea/region/r.3.-9.mca 
[30Aug2026 18:40:08.180] [Server thread/INFO] [org.merlin204.mimic.util.DimensionResourceCopier/]: 御剑凌虚： 从 mimic/the_lethean_sea/region/r.3.-8.mca 复制到 /workspaces/RETRIEVAL-WATERCLIP/servidor_minecraft/world/dimensions/mimic/the_lethean_sea/region/r.3.-8.mca 
[30Aug2026 18:40:08.181] [Server thread/INFO] [org.merlin204.mimic.util.DimensionResourceCopier/]: 御剑凌虚： 从 mimic/the_lethean_sea/region/r.3.-7.mca 复制到 /workspaces/RETRIEVAL-WATERCLIP/servidor_minecraft/world/dimensions/mimic/the_lethean_sea/region/r.3.-7.mca 
[30Aug2026 18:40:08.182] [Server thread/INFO] [org.merlin204.mimic.util.DimensionResourceCopier/]: 御剑凌虚： 从 mimic/the_lethean_sea/region/r.3.-6.mca 复制到 /workspaces/RETRIEVAL-WATERCLIP/servidor_minecraft/world/dimensions/mimic/the_lethean_sea/region/r.3.-6.mca 
[30Aug2026 18:40:08.183] [Server thread/INFO] [org.merlin204.mimic.util.DimensionResourceCopier/]: 御剑凌虚： 从 mimic/the_lethean_sea/region/r.3.-5.mca 复制到 /workspaces/RETRIEVAL-WATERCLIP/servidor_minecraft/world/dimensions/mimic/the_lethean_sea/region/r.3.-5.mca 
[30Aug2026 18:40:08.183] [Server thread/INFO] [org.merlin204.mimic.util.DimensionResourceCopier/]: 御剑凌虚： 从 mimic/the_lethean_sea/region/r.3.-4.mca 复制到 /workspaces/RETRIEVAL-WATERCLIP/servidor_minecraft/world/dimensions/mimic/the_lethean_sea/region/r.3.-4.mca 
[30Aug2026 18:40:08.185] [Server thread/INFO] [org.merlin204.mimic.util.DimensionResourceCopier/]: 御剑凌虚： 从 mimic/the_lethean_sea/region/r.3.-3.mca 复制到 /workspaces/RETRIEVAL-WATERCLIP/servidor_minecraft/world/dimensions/mimic/the_lethean_sea/region/r.3.-3.mca 
[30Aug2026 18:40:08.185] [Server thread/INFO] [org.merlin204.mimic.util.DimensionResourceCopier/]: 御剑凌虚： 从 mimic/the_lethean_sea/region/r.3.-2.mca 复制到 /workspaces/RETRIEVAL-WATERCLIP/servidor_minecraft/world/dimensions/mimic/the_lethean_sea/region/r.3.-2.mca 
[30Aug2026 18:40:08.186] [Server thread/INFO] [org.merlin204.mimic.util.DimensionResourceCopier/]: 御剑凌虚： 从 mimic/the_lethean_sea/region/r.3.-1.mca 复制到 /workspaces/RETRIEVAL-WATERCLIP/servidor_minecraft/world/dimensions/mimic/the_lethean_sea/region/r.3.-1.mca 
[30Aug2026 18:40:08.186] [Server thread/INFO] [org.merlin204.mimic.util.DimensionResourceCopier/]: 御剑凌虚： 从 mimic/the_lethean_sea/region/r.2.9.mca 复制到 /workspaces/RETRIEVAL-WATERCLIP/servidor_minecraft/world/dimensions/mimic/the_lethean_sea/region/r.2.9.mca 
[30Aug2026 18:40:08.186] [Server thread/INFO] [org.merlin204.mimic.util.DimensionResourceCopier/]: 御剑凌虚： 从 mimic/the_lethean_sea/region/r.2.8.mca 复制到 /workspaces/RETRIEVAL-WATERCLIP/servidor_minecraft/world/dimensions/mimic/the_lethean_sea/region/r.2.8.mca 
[30Aug2026 18:40:08.189] [Server thread/INFO] [org.merlin204.mimic.util.DimensionResourceCopier/]: 御剑凌虚： 从 mimic/the_lethean_sea/region/r.2.7.mca 复制到 /workspaces/RETRIEVAL-WATERCLIP/servidor_minecraft/world/dimensions/mimic/the_lethean_sea/region/r.2.7.mca 
[30Aug2026 18:40:08.189] [Server thread/INFO] [org.merlin204.mimic.util.DimensionResourceCopier/]: 御剑凌虚： 从 mimic/the_lethean_sea/region/r.2.6.mca 复制到 /workspaces/RETRIEVAL-WATERCLIP/servidor_minecraft/world/dimensions/mimic/the_lethean_sea/region/r.2.6.mca 
[30Aug2026 18:40:08.191] [Server thread/INFO] [org.merlin204.mimic.util.DimensionResourceCopier/]: 御剑凌虚： 从 mimic/the_lethean_sea/region/r.2.5.mca 复制到 /workspaces/RETRIEVAL-WATERCLIP/servidor_minecraft/world/dimensions/mimic/the_lethean_sea/region/r.2.5.mca 
[30Aug2026 18:40:08.191] [Server thread/INFO] [org.merlin204.mimic.util.DimensionResourceCopier/]: 御剑凌虚： 从 mimic/the_lethean_sea/region/r.2.4.mca 复制到 /workspaces/RETRIEVAL-WATERCLIP/servidor_minecraft/world/dimensions/mimic/the_lethean_sea/region/r.2.4.mca 
[30Aug2026 18:40:08.191] [Server thread/INFO] [org.merlin204.mimic.util.DimensionResourceCopier/]: 御剑凌虚： 从 mimic/the_lethean_sea/region/r.2.3.mca 复制到 /workspaces/RETRIEVAL-WATERCLIP/servidor_minecraft/world/dimensions/mimic/the_lethean_sea/region/r.2.3.mca 
[30Aug2026 18:40:08.191] [Server thread/INFO] [org.merlin204.mimic.util.DimensionResourceCopier/]: 御剑凌虚： 从 mimic/the_lethean_sea/region/r.2.2.mca 复制到 /workspaces/RETRIEVAL-WATERCLIP/servidor_minecraft/world/dimensions/mimic/the_lethean_sea/region/r.2.2.mca 
[30Aug2026 18:40:08.192] [Server thread/INFO] [org.merlin204.mimic.util.DimensionResourceCopier/]: 御剑凌虚： 从 mimic/the_lethean_sea/region/r.2.1.mca 复制到 /workspaces/RETRIEVAL-WATERCLIP/servidor_minecraft/world/dimensions/mimic/the_lethean_sea/region/r.2.1.mca 
[30Aug2026 18:40:08.192] [Server thread/INFO] [org.merlin204.mimic.util.DimensionResourceCopier/]: 御剑凌虚： 从 mimic/the_lethean_sea/region/r.2.0.mca 复制到 /workspaces/RETRIEVAL-WATERCLIP/servidor_minecraft/world/dimensions/mimic/the_lethean_sea/region/r.2.0.mca 
[30Aug2026 18:40:08.192] [Server thread/INFO] [org.merlin204.mimic.util.DimensionResourceCopier/]: 御剑凌虚： 从 mimic/the_lethean_sea/region/r.2.-9.mca 复制到 /workspaces/RETRIEVAL-WATERCLIP/servidor_minecraft/world/dimensions/mimic/the_lethean_sea/region/r.2.-9.mca 
[30Aug2026 18:40:08.194] [Server thread/INFO] [org.merlin204.mimic.util.DimensionResourceCopier/]: 御剑凌虚： 从 mimic/the_lethean_sea/region/r.2.-8.mca 复制到 /workspaces/RETRIEVAL-WATERCLIP/servidor_minecraft/world/dimensions/mimic/the_lethean_sea/region/r.2.-8.mca 
[30Aug2026 18:40:08.194] [Server thread/INFO] [org.merlin204.mimic.util.DimensionResourceCopier/]: 御剑凌虚： 从 mimic/the_lethean_sea/region/r.2.-7.mca 复制到 /workspaces/RETRIEVAL-WATERCLIP/servidor_minecraft/world/dimensions/mimic/the_lethean_sea/region/r.2.-7.mca 
[30Aug2026 18:40:08.198] [Server thread/INFO] [org.merlin204.mimic.util.DimensionResourceCopier/]: 御剑凌虚： 从 mimic/the_lethean_sea/region/r.2.-6.mca 复制到 /workspaces/RETRIEVAL-WATERCLIP/servidor_minecraft/world/dimensions/mimic/the_lethean_sea/region/r.2.-6.mca 
[30Aug2026 18:40:08.199] [Server thread/INFO] [org.merlin204.mimic.util.DimensionResourceCopier/]: 御剑凌虚： 从 mimic/the_lethean_sea/region/r.2.-5.mca 复制到 /workspaces/RETRIEVAL-WATERCLIP/servidor_minecraft/world/dimensions/mimic/the_lethean_sea/region/r.2.-5.mca 
[30Aug2026 18:40:08.201] [Server thread/INFO] [org.merlin204.mimic.util.DimensionResourceCopier/]: 御剑凌虚： 从 mimic/the_lethean_sea/region/r.2.-4.mca 复制到 /workspaces/RETRIEVAL-WATERCLIP/servidor_minecraft/world/dimensions/mimic/the_lethean_sea/region/r.2.-4.mca 
[30Aug2026 18:40:08.202] [Server thread/INFO] [org.merlin204.mimic.util.DimensionResourceCopier/]: 御剑凌虚： 从 mimic/the_lethean_sea/region/r.2.-3.mca 复制到 /workspaces/RETRIEVAL-WATERCLIP/servidor_minecraft/world/dimensions/mimic/the_lethean_sea/region/r.2.-3.mca 
[30Aug2026 18:40:08.202] [Server thread/INFO] [org.merlin204.mimic.util.DimensionResourceCopier/]: 御剑凌虚： 从 mimic/the_lethean_sea/region/r.2.-2.mca 复制到 /workspaces/RETRIEVAL-WATERCLIP/servidor_minecraft/world/dimensions/mimic/the_lethean_sea/region/r.2.-2.mca 
[30Aug2026 18:40:08.203] [Server thread/INFO] [org.merlin204.mimic.util.DimensionResourceCopier/]: 御剑凌虚： 从 mimic/the_lethean_sea/region/r.2.-1.mca 复制到 /workspaces/RETRIEVAL-WATERCLIP/servidor_minecraft/world/dimensions/mimic/the_lethean_sea/region/r.2.-1.mca 
[30Aug2026 18:40:08.203] [Server thread/INFO] [org.merlin204.mimic.util.DimensionResourceCopier/]: 御剑凌虚： 从 mimic/the_lethean_sea/region/r.1.9.mca 复制到 /workspaces/RETRIEVAL-WATERCLIP/servidor_minecraft/world/dimensions/mimic/the_lethean_sea/region/r.1.9.mca 
[30Aug2026 18:40:08.203] [Server thread/INFO] [org.merlin204.mimic.util.DimensionResourceCopier/]: 御剑凌虚： 从 mimic/the_lethean_sea/region/r.1.8.mca 复制到 /workspaces/RETRIEVAL-WATERCLIP/servidor_minecraft/world/dimensions/mimic/the_lethean_sea/region/r.1.8.mca 
[30Aug2026 18:40:08.204] [Server thread/INFO] [org.merlin204.mimic.util.DimensionResourceCopier/]: 御剑凌虚： 从 mimic/the_lethean_sea/region/r.1.7.mca 复制到 /workspaces/RETRIEVAL-WATERCLIP/servidor_minecraft/world/dimensions/mimic/the_lethean_sea/region/r.1.7.mca 
[30Aug2026 18:40:08.204] [Server thread/INFO] [org.merlin204.mimic.util.DimensionResourceCopier/]: 御剑凌虚： 从 mimic/the_lethean_sea/region/r.1.6.mca 复制到 /workspaces/RETRIEVAL-WATERCLIP/servidor_minecraft/world/dimensions/mimic/the_lethean_sea/region/r.1.6.mca 
[30Aug2026 18:40:08.204] [Server thread/INFO] [org.merlin204.mimic.util.DimensionResourceCopier/]: 御剑凌虚： 从 mimic/the_lethean_sea/region/r.1.5.mca 复制到 /workspaces/RETRIEVAL-WATERCLIP/servidor_minecraft/world/dimensions/mimic/the_lethean_sea/region/r.1.5.mca 
[30Aug2026 18:40:08.204] [Server thread/INFO] [org.merlin204.mimic.util.DimensionResourceCopier/]: 御剑凌虚： 从 mimic/the_lethean_sea/region/r.1.4.mca 复制到 /workspaces/RETRIEVAL-WATERCLIP/servidor_minecraft/world/dimensions/mimic/the_lethean_sea/region/r.1.4.mca 
[30Aug2026 18:40:08.205] [Server thread/INFO] [org.merlin204.mimic.util.DimensionResourceCopier/]: 御剑凌虚： 从 mimic/the_lethean_sea/region/r.1.3.mca 复制到 /workspaces/RETRIEVAL-WATERCLIP/servidor_minecraft/world/dimensions/mimic/the_lethean_sea/region/r.1.3.mca 
[30Aug2026 18:40:08.207] [Server thread/INFO] [org.merlin204.mimic.util.DimensionResourceCopier/]: 御剑凌虚： 从 mimic/the_lethean_sea/region/r.1.2.mca 复制到 /workspaces/RETRIEVAL-WATERCLIP/servidor_minecraft/world/dimensions/mimic/the_lethean_sea/region/r.1.2.mca 
[30Aug2026 18:40:08.222] [Server thread/INFO] [org.merlin204.mimic.util.DimensionResourceCopier/]: 御剑凌虚： 从 mimic/the_lethean_sea/region/r.1.1.mca 复制到 /workspaces/RETRIEVAL-WATERCLIP/servidor_minecraft/world/dimensions/mimic/the_lethean_sea/region/r.1.1.mca 
[30Aug2026 18:40:08.249] [Server thread/INFO] [org.merlin204.mimic.util.DimensionResourceCopier/]: 御剑凌虚： 从 mimic/the_lethean_sea/region/r.1.0.mca 复制到 /workspaces/RETRIEVAL-WATERCLIP/servidor_minecraft/world/dimensions/mimic/the_lethean_sea/region/r.1.0.mca 
[30Aug2026 18:40:08.249] [Server thread/INFO] [org.merlin204.mimic.util.DimensionResourceCopier/]: 御剑凌虚： 从 mimic/the_lethean_sea/region/r.1.-9.mca 复制到 /workspaces/RETRIEVAL-WATERCLIP/servidor_minecraft/world/dimensions/mimic/the_lethean_sea/region/r.1.-9.mca 
[30Aug2026 18:40:08.250] [Server thread/INFO] [org.merlin204.mimic.util.DimensionResourceCopier/]: 御剑凌虚： 从 mimic/the_lethean_sea/region/r.1.-8.mca 复制到 /workspaces/RETRIEVAL-WATERCLIP/servidor_minecraft/world/dimensions/mimic/the_lethean_sea/region/r.1.-8.mca 
[30Aug2026 18:40:08.250] [Server thread/INFO] [org.merlin204.mimic.util.DimensionResourceCopier/]: 御剑凌虚： 从 mimic/the_lethean_sea/region/r.1.-7.mca 复制到 /workspaces/RETRIEVAL-WATERCLIP/servidor_minecraft/world/dimensions/mimic/the_lethean_sea/region/r.1.-7.mca 
[30Aug2026 18:40:08.250] [Server thread/INFO] [org.merlin204.mimic.util.DimensionResourceCopier/]: 御剑凌虚： 从 mimic/the_lethean_sea/region/r.1.-6.mca 复制到 /workspaces/RETRIEVAL-WATERCLIP/servidor_minecraft/world/dimensions/mimic/the_lethean_sea/region/r.1.-6.mca 
[30Aug2026 18:40:08.251] [Server thread/INFO] [org.merlin204.mimic.util.DimensionResourceCopier/]: 御剑凌虚： 从 mimic/the_lethean_sea/region/r.1.-5.mca 复制到 /workspaces/RETRIEVAL-WATERCLIP/servidor_minecraft/world/dimensions/mimic/the_lethean_sea/region/r.1.-5.mca 
[30Aug2026 18:40:08.251] [Server thread/INFO] [org.merlin204.mimic.util.DimensionResourceCopier/]: 御剑凌虚： 从 mimic/the_lethean_sea/region/r.1.-4.mca 复制到 /workspaces/RETRIEVAL-WATERCLIP/servidor_minecraft/world/dimensions/mimic/the_lethean_sea/region/r.1.-4.mca 
[30Aug2026 18:40:08.251] [Server thread/INFO] [org.merlin204.mimic.util.DimensionResourceCopier/]: 御剑凌虚： 从 mimic/the_lethean_sea/region/r.1.-3.mca 复制到 /workspaces/RETRIEVAL-WATERCLIP/servidor_minecraft/world/dimensions/mimic/the_lethean_sea/region/r.1.-3.mca 
[30Aug2026 18:40:08.252] [Server thread/INFO] [org.merlin204.mimic.util.DimensionResourceCopier/]: 御剑凌虚： 从 mimic/the_lethean_sea/region/r.1.-2.mca 复制到 /workspaces/RETRIEVAL-WATERCLIP/servidor_minecraft/world/dimensions/mimic/the_lethean_sea/region/r.1.-2.mca 
[30Aug2026 18:40:08.269] [Server thread/INFO] [org.merlin204.mimic.util.DimensionResourceCopier/]: 御剑凌虚： 从 mimic/the_lethean_sea/region/r.1.-1.mca 复制到 /workspaces/RETRIEVAL-WATERCLIP/servidor_minecraft/world/dimensions/mimic/the_lethean_sea/region/r.1.-1.mca 
[30Aug2026 18:40:08.270] [Server thread/INFO] [org.merlin204.mimic.util.DimensionResourceCopier/]: 御剑凌虚： 从 mimic/the_lethean_sea/region/r.0.9.mca 复制到 /workspaces/RETRIEVAL-WATERCLIP/servidor_minecraft/world/dimensions/mimic/the_lethean_sea/region/r.0.9.mca 
[30Aug2026 18:40:08.271] [Server thread/INFO] [org.merlin204.mimic.util.DimensionResourceCopier/]: 御剑凌虚： 从 mimic/the_lethean_sea/region/r.0.8.mca 复制到 /workspaces/RETRIEVAL-WATERCLIP/servidor_minecraft/world/dimensions/mimic/the_lethean_sea/region/r.0.8.mca 
[30Aug2026 18:40:08.271] [Server thread/INFO] [org.merlin204.mimic.util.DimensionResourceCopier/]: 御剑凌虚： 从 mimic/the_lethean_sea/region/r.0.7.mca 复制到 /workspaces/RETRIEVAL-WATERCLIP/servidor_minecraft/world/dimensions/mimic/the_lethean_sea/region/r.0.7.mca 
[30Aug2026 18:40:08.271] [Server thread/INFO] [org.merlin204.mimic.util.DimensionResourceCopier/]: 御剑凌虚： 从 mimic/the_lethean_sea/region/r.0.6.mca 复制到 /workspaces/RETRIEVAL-WATERCLIP/servidor_minecraft/world/dimensions/mimic/the_lethean_sea/region/r.0.6.mca 
[30Aug2026 18:40:08.272] [Server thread/INFO] [org.merlin204.mimic.util.DimensionResourceCopier/]: 御剑凌虚： 从 mimic/the_lethean_sea/region/r.0.5.mca 复制到 /workspaces/RETRIEVAL-WATERCLIP/servidor_minecraft/world/dimensions/mimic/the_lethean_sea/region/r.0.5.mca 
[30Aug2026 18:40:08.272] [Server thread/INFO] [org.merlin204.mimic.util.DimensionResourceCopier/]: 御剑凌虚： 从 mimic/the_lethean_sea/region/r.0.4.mca 复制到 /workspaces/RETRIEVAL-WATERCLIP/servidor_minecraft/world/dimensions/mimic/the_lethean_sea/region/r.0.4.mca 
[30Aug2026 18:40:08.272] [Server thread/INFO] [org.merlin204.mimic.util.DimensionResourceCopier/]: 御剑凌虚： 从 mimic/the_lethean_sea/region/r.0.3.mca 复制到 /workspaces/RETRIEVAL-WATERCLIP/servidor_minecraft/world/dimensions/mimic/the_lethean_sea/region/r.0.3.mca 
[30Aug2026 18:40:08.272] [Server thread/INFO] [org.merlin204.mimic.util.DimensionResourceCopier/]: 御剑凌虚： 从 mimic/the_lethean_sea/region/r.0.2.mca 复制到 /workspaces/RETRIEVAL-WATERCLIP/servidor_minecraft/world/dimensions/mimic/the_lethean_sea/region/r.0.2.mca 
[30Aug2026 18:40:08.294] [Server thread/INFO] [org.merlin204.mimic.util.DimensionResourceCopier/]: 御剑凌虚： 从 mimic/the_lethean_sea/region/r.0.1.mca 复制到 /workspaces/RETRIEVAL-WATERCLIP/servidor_minecraft/world/dimensions/mimic/the_lethean_sea/region/r.0.1.mca 
[30Aug2026 18:40:08.383] [Server thread/INFO] [org.merlin204.mimic.util.DimensionResourceCopier/]: 御剑凌虚： 从 mimic/the_lethean_sea/region/r.0.0.mca 复制到 /workspaces/RETRIEVAL-WATERCLIP/servidor_minecraft/world/dimensions/mimic/the_lethean_sea/region/r.0.0.mca 
[30Aug2026 18:40:08.384] [Server thread/INFO] [org.merlin204.mimic.util.DimensionResourceCopier/]: 御剑凌虚： 从 mimic/the_lethean_sea/region/r.0.-9.mca 复制到 /workspaces/RETRIEVAL-WATERCLIP/servidor_minecraft/world/dimensions/mimic/the_lethean_sea/region/r.0.-9.mca 
[30Aug2026 18:40:08.384] [Server thread/INFO] [org.merlin204.mimic.util.DimensionResourceCopier/]: 御剑凌虚： 从 mimic/the_lethean_sea/region/r.0.-8.mca 复制到 /workspaces/RETRIEVAL-WATERCLIP/servidor_minecraft/world/dimensions/mimic/the_lethean_sea/region/r.0.-8.mca 
[30Aug2026 18:40:08.385] [Server thread/INFO] [org.merlin204.mimic.util.DimensionResourceCopier/]: 御剑凌虚： 从 mimic/the_lethean_sea/region/r.0.-7.mca 复制到 /workspaces/RETRIEVAL-WATERCLIP/servidor_minecraft/world/dimensions/mimic/the_lethean_sea/region/r.0.-7.mca 
[30Aug2026 18:40:08.385] [Server thread/INFO] [org.merlin204.mimic.util.DimensionResourceCopier/]: 御剑凌虚： 从 mimic/the_lethean_sea/region/r.0.-6.mca 复制到 /workspaces/RETRIEVAL-WATERCLIP/servidor_minecraft/world/dimensions/mimic/the_lethean_sea/region/r.0.-6.mca 
[30Aug2026 18:40:08.385] [Server thread/INFO] [org.merlin204.mimic.util.DimensionResourceCopier/]: 御剑凌虚： 从 mimic/the_lethean_sea/region/r.0.-5.mca 复制到 /workspaces/RETRIEVAL-WATERCLIP/servidor_minecraft/world/dimensions/mimic/the_lethean_sea/region/r.0.-5.mca 
[30Aug2026 18:40:08.386] [Server thread/INFO] [org.merlin204.mimic.util.DimensionResourceCopier/]: 御剑凌虚： 从 mimic/the_lethean_sea/region/r.0.-4.mca 复制到 /workspaces/RETRIEVAL-WATERCLIP/servidor_minecraft/world/dimensions/mimic/the_lethean_sea/region/r.0.-4.mca 
[30Aug2026 18:40:08.386] [Server thread/INFO] [org.merlin204.mimic.util.DimensionResourceCopier/]: 御剑凌虚： 从 mimic/the_lethean_sea/region/r.0.-3.mca 复制到 /workspaces/RETRIEVAL-WATERCLIP/servidor_minecraft/world/dimensions/mimic/the_lethean_sea/region/r.0.-3.mca 
[30Aug2026 18:40:08.386] [Server thread/INFO] [org.merlin204.mimic.util.DimensionResourceCopier/]: 御剑凌虚： 从 mimic/the_lethean_sea/region/r.0.-2.mca 复制到 /workspaces/RETRIEVAL-WATERCLIP/servidor_minecraft/world/dimensions/mimic/the_lethean_sea/region/r.0.-2.mca 
[30Aug2026 18:40:08.407] [Server thread/INFO] [org.merlin204.mimic.util.DimensionResourceCopier/]: 御剑凌虚： 从 mimic/the_lethean_sea/region/r.0.-1.mca 复制到 /workspaces/RETRIEVAL-WATERCLIP/servidor_minecraft/world/dimensions/mimic/the_lethean_sea/region/r.0.-1.mca 
[30Aug2026 18:40:08.408] [Server thread/INFO] [org.merlin204.mimic.util.DimensionResourceCopier/]: 御剑凌虚： 从 mimic/the_lethean_sea/region/r.-9.9.mca 复制到 /workspaces/RETRIEVAL-WATERCLIP/servidor_minecraft/world/dimensions/mimic/the_lethean_sea/region/r.-9.9.mca 
[30Aug2026 18:40:08.409] [Server thread/INFO] [org.merlin204.mimic.util.DimensionResourceCopier/]: 御剑凌虚： 从 mimic/the_lethean_sea/region/r.-9.8.mca 复制到 /workspaces/RETRIEVAL-WATERCLIP/servidor_minecraft/world/dimensions/mimic/the_lethean_sea/region/r.-9.8.mca 
[30Aug2026 18:40:08.409] [Server thread/INFO] [org.merlin204.mimic.util.DimensionResourceCopier/]: 御剑凌虚： 从 mimic/the_lethean_sea/region/r.-9.7.mca 复制到 /workspaces/RETRIEVAL-WATERCLIP/servidor_minecraft/world/dimensions/mimic/the_lethean_sea/region/r.-9.7.mca 
[30Aug2026 18:40:08.410] [Server thread/INFO] [org.merlin204.mimic.util.DimensionResourceCopier/]: 御剑凌虚： 从 mimic/the_lethean_sea/region/r.-9.6.mca 复制到 /workspaces/RETRIEVAL-WATERCLIP/servidor_minecraft/world/dimensions/mimic/the_lethean_sea/region/r.-9.6.mca 
[30Aug2026 18:40:08.410] [Server thread/INFO] [org.merlin204.mimic.util.DimensionResourceCopier/]: 御剑凌虚： 从 mimic/the_lethean_sea/region/r.-9.5.mca 复制到 /workspaces/RETRIEVAL-WATERCLIP/servidor_minecraft/world/dimensions/mimic/the_lethean_sea/region/r.-9.5.mca 
[30Aug2026 18:40:08.411] [Server thread/INFO] [org.merlin204.mimic.util.DimensionResourceCopier/]: 御剑凌虚： 从 mimic/the_lethean_sea/region/r.-9.4.mca 复制到 /workspaces/RETRIEVAL-WATERCLIP/servidor_minecraft/world/dimensions/mimic/the_lethean_sea/region/r.-9.4.mca 
[30Aug2026 18:40:08.411] [Server thread/INFO] [org.merlin204.mimic.util.DimensionResourceCopier/]: 御剑凌虚： 从 mimic/the_lethean_sea/region/r.-9.3.mca 复制到 /workspaces/RETRIEVAL-WATERCLIP/servidor_minecraft/world/dimensions/mimic/the_lethean_sea/region/r.-9.3.mca 
[30Aug2026 18:40:08.412] [Server thread/INFO] [org.merlin204.mimic.util.DimensionResourceCopier/]: 御剑凌虚： 从 mimic/the_lethean_sea/region/r.-9.2.mca 复制到 /workspaces/RETRIEVAL-WATERCLIP/servidor_minecraft/world/dimensions/mimic/the_lethean_sea/region/r.-9.2.mca 
[30Aug2026 18:40:08.412] [Server thread/INFO] [org.merlin204.mimic.util.DimensionResourceCopier/]: 御剑凌虚： 从 mimic/the_lethean_sea/region/r.-9.1.mca 复制到 /workspaces/RETRIEVAL-WATERCLIP/servidor_minecraft/world/dimensions/mimic/the_lethean_sea/region/r.-9.1.mca 
[30Aug2026 18:40:08.413] [Server thread/INFO] [org.merlin204.mimic.util.DimensionResourceCopier/]: 御剑凌虚： 从 mimic/the_lethean_sea/region/r.-9.0.mca 复制到 /workspaces/RETRIEVAL-WATERCLIP/servidor_minecraft/world/dimensions/mimic/the_lethean_sea/region/r.-9.0.mca 
[30Aug2026 18:40:08.413] [Server thread/INFO] [org.merlin204.mimic.util.DimensionResourceCopier/]: 御剑凌虚： 从 mimic/the_lethean_sea/region/r.-9.-9.mca 复制到 /workspaces/RETRIEVAL-WATERCLIP/servidor_minecraft/world/dimensions/mimic/the_lethean_sea/region/r.-9.-9.mca 
[30Aug2026 18:40:08.413] [Server thread/INFO] [org.merlin204.mimic.util.DimensionResourceCopier/]: 御剑凌虚： 从 mimic/the_lethean_sea/region/r.-9.-8.mca 复制到 /workspaces/RETRIEVAL-WATERCLIP/servidor_minecraft/world/dimensions/mimic/the_lethean_sea/region/r.-9.-8.mca 
[30Aug2026 18:40:08.415] [Server thread/INFO] [org.merlin204.mimic.util.DimensionResourceCopier/]: 御剑凌虚： 从 mimic/the_lethean_sea/region/r.-9.-7.mca 复制到 /workspaces/RETRIEVAL-WATERCLIP/servidor_minecraft/world/dimensions/mimic/the_lethean_sea/region/r.-9.-7.mca 
[30Aug2026 18:40:08.416] [Server thread/INFO] [org.merlin204.mimic.util.DimensionResourceCopier/]: 御剑凌虚： 从 mimic/the_lethean_sea/region/r.-9.-6.mca 复制到 /workspaces/RETRIEVAL-WATERCLIP/servidor_minecraft/world/dimensions/mimic/the_lethean_sea/region/r.-9.-6.mca 
[30Aug2026 18:40:08.417] [Server thread/INFO] [org.merlin204.mimic.util.DimensionResourceCopier/]: 御剑凌虚： 从 mimic/the_lethean_sea/region/r.-9.-5.mca 复制到 /workspaces/RETRIEVAL-WATERCLIP/servidor_minecraft/world/dimensions/mimic/the_lethean_sea/region/r.-9.-5.mca 
[30Aug2026 18:40:08.418] [Server thread/INFO] [org.merlin204.mimic.util.DimensionResourceCopier/]: 御剑凌虚： 从 mimic/the_lethean_sea/region/r.-9.-4.mca 复制到 /workspaces/RETRIEVAL-WATERCLIP/servidor_minecraft/world/dimensions/mimic/the_lethean_sea/region/r.-9.-4.mca 
[30Aug2026 18:40:08.418] [Server thread/INFO] [org.merlin204.mimic.util.DimensionResourceCopier/]: 御剑凌虚： 从 mimic/the_lethean_sea/region/r.-9.-3.mca 复制到 /workspaces/RETRIEVAL-WATERCLIP/servidor_minecraft/world/dimensions/mimic/the_lethean_sea/region/r.-9.-3.mca 
[30Aug2026 18:40:08.418] [Server thread/INFO] [org.merlin204.mimic.util.DimensionResourceCopier/]: 御剑凌虚： 从 mimic/the_lethean_sea/region/r.-9.-2.mca 复制到 /workspaces/RETRIEVAL-WATERCLIP/servidor_minecraft/world/dimensions/mimic/the_lethean_sea/region/r.-9.-2.mca 
[30Aug2026 18:40:08.419] [Server thread/INFO] [org.merlin204.mimic.util.DimensionResourceCopier/]: 御剑凌虚： 从 mimic/the_lethean_sea/region/r.-9.-1.mca 复制到 /workspaces/RETRIEVAL-WATERCLIP/servidor_minecraft/world/dimensions/mimic/the_lethean_sea/region/r.-9.-1.mca 
[30Aug2026 18:40:08.422] [Server thread/INFO] [org.merlin204.mimic.util.DimensionResourceCopier/]: 御剑凌虚： 从 mimic/the_lethean_sea/region/r.-8.9.mca 复制到 /workspaces/RETRIEVAL-WATERCLIP/servidor_minecraft/world/dimensions/mimic/the_lethean_sea/region/r.-8.9.mca 
[30Aug2026 18:40:08.424] [Server thread/INFO] [org.merlin204.mimic.util.DimensionResourceCopier/]: 御剑凌虚： 从 mimic/the_lethean_sea/region/r.-8.8.mca 复制到 /workspaces/RETRIEVAL-WATERCLIP/servidor_minecraft/world/dimensions/mimic/the_lethean_sea/region/r.-8.8.mca 
[30Aug2026 18:40:08.424] [Server thread/INFO] [org.merlin204.mimic.util.DimensionResourceCopier/]: 御剑凌虚： 从 mimic/the_lethean_sea/region/r.-8.7.mca 复制到 /workspaces/RETRIEVAL-WATERCLIP/servidor_minecraft/world/dimensions/mimic/the_lethean_sea/region/r.-8.7.mca 
[30Aug2026 18:40:08.425] [Server thread/INFO] [org.merlin204.mimic.util.DimensionResourceCopier/]: 御剑凌虚： 从 mimic/the_lethean_sea/region/r.-8.6.mca 复制到 /workspaces/RETRIEVAL-WATERCLIP/servidor_minecraft/world/dimensions/mimic/the_lethean_sea/region/r.-8.6.mca 
[30Aug2026 18:40:08.425] [Server thread/INFO] [org.merlin204.mimic.util.DimensionResourceCopier/]: 御剑凌虚： 从 mimic/the_lethean_sea/region/r.-8.5.mca 复制到 /workspaces/RETRIEVAL-WATERCLIP/servidor_minecraft/world/dimensions/mimic/the_lethean_sea/region/r.-8.5.mca 
[30Aug2026 18:40:08.425] [Server thread/INFO] [org.merlin204.mimic.util.DimensionResourceCopier/]: 御剑凌虚： 从 mimic/the_lethean_sea/region/r.-8.4.mca 复制到 /workspaces/RETRIEVAL-WATERCLIP/servidor_minecraft/world/dimensions/mimic/the_lethean_sea/region/r.-8.4.mca 
[30Aug2026 18:40:08.425] [Server thread/INFO] [org.merlin204.mimic.util.DimensionResourceCopier/]: 御剑凌虚： 从 mimic/the_lethean_sea/region/r.-8.3.mca 复制到 /workspaces/RETRIEVAL-WATERCLIP/servidor_minecraft/world/dimensions/mimic/the_lethean_sea/region/r.-8.3.mca 
[30Aug2026 18:40:08.425] [Server thread/INFO] [org.merlin204.mimic.util.DimensionResourceCopier/]: 御剑凌虚： 从 mimic/the_lethean_sea/region/r.-8.2.mca 复制到 /workspaces/RETRIEVAL-WATERCLIP/servidor_minecraft/world/dimensions/mimic/the_lethean_sea/region/r.-8.2.mca 
[30Aug2026 18:40:08.426] [Server thread/INFO] [org.merlin204.mimic.util.DimensionResourceCopier/]: 御剑凌虚： 从 mimic/the_lethean_sea/region/r.-8.1.mca 复制到 /workspaces/RETRIEVAL-WATERCLIP/servidor_minecraft/world/dimensions/mimic/the_lethean_sea/region/r.-8.1.mca 
[30Aug2026 18:40:08.426] [Server thread/INFO] [org.merlin204.mimic.util.DimensionResourceCopier/]: 御剑凌虚： 从 mimic/the_lethean_sea/region/r.-8.0.mca 复制到 /workspaces/RETRIEVAL-WATERCLIP/servidor_minecraft/world/dimensions/mimic/the_lethean_sea/region/r.-8.0.mca 
[30Aug2026 18:40:08.428] [Server thread/INFO] [org.merlin204.mimic.util.DimensionResourceCopier/]: 御剑凌虚： 从 mimic/the_lethean_sea/region/r.-8.-9.mca 复制到 /workspaces/RETRIEVAL-WATERCLIP/servidor_minecraft/world/dimensions/mimic/the_lethean_sea/region/r.-8.-9.mca 
[30Aug2026 18:40:08.428] [Server thread/INFO] [org.merlin204.mimic.util.DimensionResourceCopier/]: 御剑凌虚： 从 mimic/the_lethean_sea/region/r.-8.-8.mca 复制到 /workspaces/RETRIEVAL-WATERCLIP/servidor_minecraft/world/dimensions/mimic/the_lethean_sea/region/r.-8.-8.mca 
[30Aug2026 18:40:08.428] [Server thread/INFO] [org.merlin204.mimic.util.DimensionResourceCopier/]: 御剑凌虚： 从 mimic/the_lethean_sea/region/r.-8.-7.mca 复制到 /workspaces/RETRIEVAL-WATERCLIP/servidor_minecraft/world/dimensions/mimic/the_lethean_sea/region/r.-8.-7.mca 
[30Aug2026 18:40:08.428] [Server thread/INFO] [org.merlin204.mimic.util.DimensionResourceCopier/]: 御剑凌虚： 从 mimic/the_lethean_sea/region/r.-8.-6.mca 复制到 /workspaces/RETRIEVAL-WATERCLIP/servidor_minecraft/world/dimensions/mimic/the_lethean_sea/region/r.-8.-6.mca 
[30Aug2026 18:40:08.429] [Server thread/INFO] [org.merlin204.mimic.util.DimensionResourceCopier/]: 御剑凌虚： 从 mimic/the_lethean_sea/region/r.-8.-5.mca 复制到 /workspaces/RETRIEVAL-WATERCLIP/servidor_minecraft/world/dimensions/mimic/the_lethean_sea/region/r.-8.-5.mca 
[30Aug2026 18:40:08.431] [Server thread/INFO] [org.merlin204.mimic.util.DimensionResourceCopier/]: 御剑凌虚： 从 mimic/the_lethean_sea/region/r.-8.-4.mca 复制到 /workspaces/RETRIEVAL-WATERCLIP/servidor_minecraft/world/dimensions/mimic/the_lethean_sea/region/r.-8.-4.mca 
[30Aug2026 18:40:08.432] [Server thread/INFO] [org.merlin204.mimic.util.DimensionResourceCopier/]: 御剑凌虚： 从 mimic/the_lethean_sea/region/r.-8.-3.mca 复制到 /workspaces/RETRIEVAL-WATERCLIP/servidor_minecraft/world/dimensions/mimic/the_lethean_sea/region/r.-8.-3.mca 
[30Aug2026 18:40:08.432] [Server thread/INFO] [org.merlin204.mimic.util.DimensionResourceCopier/]: 御剑凌虚： 从 mimic/the_lethean_sea/region/r.-8.-2.mca 复制到 /workspaces/RETRIEVAL-WATERCLIP/servidor_minecraft/world/dimensions/mimic/the_lethean_sea/region/r.-8.-2.mca 
[30Aug2026 18:40:08.432] [Server thread/INFO] [org.merlin204.mimic.util.DimensionResourceCopier/]: 御剑凌虚： 从 mimic/the_lethean_sea/region/r.-8.-1.mca 复制到 /workspaces/RETRIEVAL-WATERCLIP/servidor_minecraft/world/dimensions/mimic/the_lethean_sea/region/r.-8.-1.mca 
[30Aug2026 18:40:08.432] [Server thread/INFO] [org.merlin204.mimic.util.DimensionResourceCopier/]: 御剑凌虚： 从 mimic/the_lethean_sea/region/r.-7.9.mca 复制到 /workspaces/RETRIEVAL-WATERCLIP/servidor_minecraft/world/dimensions/mimic/the_lethean_sea/region/r.-7.9.mca 
[30Aug2026 18:40:08.432] [Server thread/INFO] [org.merlin204.mimic.util.DimensionResourceCopier/]: 御剑凌虚： 从 mimic/the_lethean_sea/region/r.-7.8.mca 复制到 /workspaces/RETRIEVAL-WATERCLIP/servidor_minecraft/world/dimensions/mimic/the_lethean_sea/region/r.-7.8.mca 
[30Aug2026 18:40:08.433] [Server thread/INFO] [org.merlin204.mimic.util.DimensionResourceCopier/]: 御剑凌虚： 从 mimic/the_lethean_sea/region/r.-7.7.mca 复制到 /workspaces/RETRIEVAL-WATERCLIP/servidor_minecraft/world/dimensions/mimic/the_lethean_sea/region/r.-7.7.mca 
[30Aug2026 18:40:08.433] [Server thread/INFO] [org.merlin204.mimic.util.DimensionResourceCopier/]: 御剑凌虚： 从 mimic/the_lethean_sea/region/r.-7.6.mca 复制到 /workspaces/RETRIEVAL-WATERCLIP/servidor_minecraft/world/dimensions/mimic/the_lethean_sea/region/r.-7.6.mca 
[30Aug2026 18:40:08.434] [Server thread/INFO] [org.merlin204.mimic.util.DimensionResourceCopier/]: 御剑凌虚： 从 mimic/the_lethean_sea/region/r.-7.5.mca 复制到 /workspaces/RETRIEVAL-WATERCLIP/servidor_minecraft/world/dimensions/mimic/the_lethean_sea/region/r.-7.5.mca 
[30Aug2026 18:40:08.435] [Server thread/INFO] [org.merlin204.mimic.util.DimensionResourceCopier/]: 御剑凌虚： 从 mimic/the_lethean_sea/region/r.-7.4.mca 复制到 /workspaces/RETRIEVAL-WATERCLIP/servidor_minecraft/world/dimensions/mimic/the_lethean_sea/region/r.-7.4.mca 
[30Aug2026 18:40:08.436] [Server thread/INFO] [org.merlin204.mimic.util.DimensionResourceCopier/]: 御剑凌虚： 从 mimic/the_lethean_sea/region/r.-7.3.mca 复制到 /workspaces/RETRIEVAL-WATERCLIP/servidor_minecraft/world/dimensions/mimic/the_lethean_sea/region/r.-7.3.mca 
[30Aug2026 18:40:08.436] [Server thread/INFO] [org.merlin204.mimic.util.DimensionResourceCopier/]: 御剑凌虚： 从 mimic/the_lethean_sea/region/r.-7.2.mca 复制到 /workspaces/RETRIEVAL-WATERCLIP/servidor_minecraft/world/dimensions/mimic/the_lethean_sea/region/r.-7.2.mca 
[30Aug2026 18:40:08.437] [Server thread/INFO] [org.merlin204.mimic.util.DimensionResourceCopier/]: 御剑凌虚： 从 mimic/the_lethean_sea/region/r.-7.1.mca 复制到 /workspaces/RETRIEVAL-WATERCLIP/servidor_minecraft/world/dimensions/mimic/the_lethean_sea/region/r.-7.1.mca 
[30Aug2026 18:40:08.437] [Server thread/INFO] [org.merlin204.mimic.util.DimensionResourceCopier/]: 御剑凌虚： 从 mimic/the_lethean_sea/region/r.-7.0.mca 复制到 /workspaces/RETRIEVAL-WATERCLIP/servidor_minecraft/world/dimensions/mimic/the_lethean_sea/region/r.-7.0.mca 
[30Aug2026 18:40:08.438] [Server thread/INFO] [org.merlin204.mimic.util.DimensionResourceCopier/]: 御剑凌虚： 从 mimic/the_lethean_sea/region/r.-7.-9.mca 复制到 /workspaces/RETRIEVAL-WATERCLIP/servidor_minecraft/world/dimensions/mimic/the_lethean_sea/region/r.-7.-9.mca 
[30Aug2026 18:40:08.439] [Server thread/INFO] [org.merlin204.mimic.util.DimensionResourceCopier/]: 御剑凌虚： 从 mimic/the_lethean_sea/region/r.-7.-8.mca 复制到 /workspaces/RETRIEVAL-WATERCLIP/servidor_minecraft/world/dimensions/mimic/the_lethean_sea/region/r.-7.-8.mca 
[30Aug2026 18:40:08.439] [Server thread/INFO] [org.merlin204.mimic.util.DimensionResourceCopier/]: 御剑凌虚： 从 mimic/the_lethean_sea/region/r.-7.-7.mca 复制到 /workspaces/RETRIEVAL-WATERCLIP/servidor_minecraft/world/dimensions/mimic/the_lethean_sea/region/r.-7.-7.mca 
[30Aug2026 18:40:08.440] [Server thread/INFO] [org.merlin204.mimic.util.DimensionResourceCopier/]: 御剑凌虚： 从 mimic/the_lethean_sea/region/r.-7.-6.mca 复制到 /workspaces/RETRIEVAL-WATERCLIP/servidor_minecraft/world/dimensions/mimic/the_lethean_sea/region/r.-7.-6.mca 
[30Aug2026 18:40:08.441] [Server thread/INFO] [org.merlin204.mimic.util.DimensionResourceCopier/]: 御剑凌虚： 从 mimic/the_lethean_sea/region/r.-7.-5.mca 复制到 /workspaces/RETRIEVAL-WATERCLIP/servidor_minecraft/world/dimensions/mimic/the_lethean_sea/region/r.-7.-5.mca 
[30Aug2026 18:40:08.441] [Server thread/INFO] [org.merlin204.mimic.util.DimensionResourceCopier/]: 御剑凌虚： 从 mimic/the_lethean_sea/region/r.-7.-4.mca 复制到 /workspaces/RETRIEVAL-WATERCLIP/servidor_minecraft/world/dimensions/mimic/the_lethean_sea/region/r.-7.-4.mca 
[30Aug2026 18:40:08.442] [Server thread/INFO] [org.merlin204.mimic.util.DimensionResourceCopier/]: 御剑凌虚： 从 mimic/the_lethean_sea/region/r.-7.-3.mca 复制到 /workspaces/RETRIEVAL-WATERCLIP/servidor_minecraft/world/dimensions/mimic/the_lethean_sea/region/r.-7.-3.mca 
[30Aug2026 18:40:08.444] [Server thread/INFO] [org.merlin204.mimic.util.DimensionResourceCopier/]: 御剑凌虚： 从 mimic/the_lethean_sea/region/r.-7.-2.mca 复制到 /workspaces/RETRIEVAL-WATERCLIP/servidor_minecraft/world/dimensions/mimic/the_lethean_sea/region/r.-7.-2.mca 
[30Aug2026 18:40:08.445] [Server thread/INFO] [org.merlin204.mimic.util.DimensionResourceCopier/]: 御剑凌虚： 从 mimic/the_lethean_sea/region/r.-7.-1.mca 复制到 /workspaces/RETRIEVAL-WATERCLIP/servidor_minecraft/world/dimensions/mimic/the_lethean_sea/region/r.-7.-1.mca 
[30Aug2026 18:40:08.445] [Server thread/INFO] [org.merlin204.mimic.util.DimensionResourceCopier/]: 御剑凌虚： 从 mimic/the_lethean_sea/region/r.-6.9.mca 复制到 /workspaces/RETRIEVAL-WATERCLIP/servidor_minecraft/world/dimensions/mimic/the_lethean_sea/region/r.-6.9.mca 
[30Aug2026 18:40:08.445] [Server thread/INFO] [org.merlin204.mimic.util.DimensionResourceCopier/]: 御剑凌虚： 从 mimic/the_lethean_sea/region/r.-6.8.mca 复制到 /workspaces/RETRIEVAL-WATERCLIP/servidor_minecraft/world/dimensions/mimic/the_lethean_sea/region/r.-6.8.mca 
[30Aug2026 18:40:08.445] [Server thread/INFO] [org.merlin204.mimic.util.DimensionResourceCopier/]: 御剑凌虚： 从 mimic/the_lethean_sea/region/r.-6.7.mca 复制到 /workspaces/RETRIEVAL-WATERCLIP/servidor_minecraft/world/dimensions/mimic/the_lethean_sea/region/r.-6.7.mca 
[30Aug2026 18:40:08.446] [Server thread/INFO] [org.merlin204.mimic.util.DimensionResourceCopier/]: 御剑凌虚： 从 mimic/the_lethean_sea/region/r.-6.6.mca 复制到 /workspaces/RETRIEVAL-WATERCLIP/servidor_minecraft/world/dimensions/mimic/the_lethean_sea/region/r.-6.6.mca 
[30Aug2026 18:40:08.447] [Server thread/INFO] [org.merlin204.mimic.util.DimensionResourceCopier/]: 御剑凌虚： 从 mimic/the_lethean_sea/region/r.-6.5.mca 复制到 /workspaces/RETRIEVAL-WATERCLIP/servidor_minecraft/world/dimensions/mimic/the_lethean_sea/region/r.-6.5.mca 
[30Aug2026 18:40:08.447] [Server thread/INFO] [org.merlin204.mimic.util.DimensionResourceCopier/]: 御剑凌虚： 从 mimic/the_lethean_sea/region/r.-6.4.mca 复制到 /workspaces/RETRIEVAL-WATERCLIP/servidor_minecraft/world/dimensions/mimic/the_lethean_sea/region/r.-6.4.mca 
[30Aug2026 18:40:08.448] [Server thread/INFO] [org.merlin204.mimic.util.DimensionResourceCopier/]: 御剑凌虚： 从 mimic/the_lethean_sea/region/r.-6.3.mca 复制到 /workspaces/RETRIEVAL-WATERCLIP/servidor_minecraft/world/dimensions/mimic/the_lethean_sea/region/r.-6.3.mca 
[30Aug2026 18:40:08.449] [Server thread/INFO] [org.merlin204.mimic.util.DimensionResourceCopier/]: 御剑凌虚： 从 mimic/the_lethean_sea/region/r.-6.2.mca 复制到 /workspaces/RETRIEVAL-WATERCLIP/servidor_minecraft/world/dimensions/mimic/the_lethean_sea/region/r.-6.2.mca 
[30Aug2026 18:40:08.449] [Server thread/INFO] [org.merlin204.mimic.util.DimensionResourceCopier/]: 御剑凌虚： 从 mimic/the_lethean_sea/region/r.-6.1.mca 复制到 /workspaces/RETRIEVAL-WATERCLIP/servidor_minecraft/world/dimensions/mimic/the_lethean_sea/region/r.-6.1.mca 
[30Aug2026 18:40:08.450] [Server thread/INFO] [org.merlin204.mimic.util.DimensionResourceCopier/]: 御剑凌虚： 从 mimic/the_lethean_sea/region/r.-6.0.mca 复制到 /workspaces/RETRIEVAL-WATERCLIP/servidor_minecraft/world/dimensions/mimic/the_lethean_sea/region/r.-6.0.mca 
[30Aug2026 18:40:08.452] [Server thread/INFO] [org.merlin204.mimic.util.DimensionResourceCopier/]: 御剑凌虚： 从 mimic/the_lethean_sea/region/r.-6.-9.mca 复制到 /workspaces/RETRIEVAL-WATERCLIP/servidor_minecraft/world/dimensions/mimic/the_lethean_sea/region/r.-6.-9.mca 
[30Aug2026 18:40:08.453] [Server thread/INFO] [org.merlin204.mimic.util.DimensionResourceCopier/]: 御剑凌虚： 从 mimic/the_lethean_sea/region/r.-6.-8.mca 复制到 /workspaces/RETRIEVAL-WATERCLIP/servidor_minecraft/world/dimensions/mimic/the_lethean_sea/region/r.-6.-8.mca 
[30Aug2026 18:40:08.455] [Server thread/INFO] [org.merlin204.mimic.util.DimensionResourceCopier/]: 御剑凌虚： 从 mimic/the_lethean_sea/region/r.-6.-7.mca 复制到 /workspaces/RETRIEVAL-WATERCLIP/servidor_minecraft/world/dimensions/mimic/the_lethean_sea/region/r.-6.-7.mca 
[30Aug2026 18:40:08.455] [Server thread/INFO] [org.merlin204.mimic.util.DimensionResourceCopier/]: 御剑凌虚： 从 mimic/the_lethean_sea/region/r.-6.-6.mca 复制到 /workspaces/RETRIEVAL-WATERCLIP/servidor_minecraft/world/dimensions/mimic/the_lethean_sea/region/r.-6.-6.mca 
[30Aug2026 18:40:08.455] [Server thread/INFO] [org.merlin204.mimic.util.DimensionResourceCopier/]: 御剑凌虚： 从 mimic/the_lethean_sea/region/r.-6.-5.mca 复制到 /workspaces/RETRIEVAL-WATERCLIP/servidor_minecraft/world/dimensions/mimic/the_lethean_sea/region/r.-6.-5.mca 
[30Aug2026 18:40:08.455] [Server thread/INFO] [org.merlin204.mimic.util.DimensionResourceCopier/]: 御剑凌虚： 从 mimic/the_lethean_sea/region/r.-6.-4.mca 复制到 /workspaces/RETRIEVAL-WATERCLIP/servidor_minecraft/world/dimensions/mimic/the_lethean_sea/region/r.-6.-4.mca 
[30Aug2026 18:40:08.455] [Server thread/INFO] [org.merlin204.mimic.util.DimensionResourceCopier/]: 御剑凌虚： 从 mimic/the_lethean_sea/region/r.-6.-3.mca 复制到 /workspaces/RETRIEVAL-WATERCLIP/servidor_minecraft/world/dimensions/mimic/the_lethean_sea/region/r.-6.-3.mca 
[30Aug2026 18:40:08.457] [Server thread/INFO] [org.merlin204.mimic.util.DimensionResourceCopier/]: 御剑凌虚： 从 mimic/the_lethean_sea/region/r.-6.-2.mca 复制到 /workspaces/RETRIEVAL-WATERCLIP/servidor_minecraft/world/dimensions/mimic/the_lethean_sea/region/r.-6.-2.mca 
[30Aug2026 18:40:08.457] [Server thread/INFO] [org.merlin204.mimic.util.DimensionResourceCopier/]: 御剑凌虚： 从 mimic/the_lethean_sea/region/r.-6.-1.mca 复制到 /workspaces/RETRIEVAL-WATERCLIP/servidor_minecraft/world/dimensions/mimic/the_lethean_sea/region/r.-6.-1.mca 
[30Aug2026 18:40:08.460] [Server thread/INFO] [org.merlin204.mimic.util.DimensionResourceCopier/]: 御剑凌虚： 从 mimic/the_lethean_sea/region/r.-5.9.mca 复制到 /workspaces/RETRIEVAL-WATERCLIP/servidor_minecraft/world/dimensions/mimic/the_lethean_sea/region/r.-5.9.mca 
[30Aug2026 18:40:08.461] [Server thread/INFO] [org.merlin204.mimic.util.DimensionResourceCopier/]: 御剑凌虚： 从 mimic/the_lethean_sea/region/r.-5.8.mca 复制到 /workspaces/RETRIEVAL-WATERCLIP/servidor_minecraft/world/dimensions/mimic/the_lethean_sea/region/r.-5.8.mca 
[30Aug2026 18:40:08.461] [Server thread/INFO] [org.merlin204.mimic.util.DimensionResourceCopier/]: 御剑凌虚： 从 mimic/the_lethean_sea/region/r.-5.7.mca 复制到 /workspaces/RETRIEVAL-WATERCLIP/servidor_minecraft/world/dimensions/mimic/the_lethean_sea/region/r.-5.7.mca 
[30Aug2026 18:40:08.461] [Server thread/INFO] [org.merlin204.mimic.util.DimensionResourceCopier/]: 御剑凌虚： 从 mimic/the_lethean_sea/region/r.-5.6.mca 复制到 /workspaces/RETRIEVAL-WATERCLIP/servidor_minecraft/world/dimensions/mimic/the_lethean_sea/region/r.-5.6.mca 
[30Aug2026 18:40:08.462] [Server thread/INFO] [org.merlin204.mimic.util.DimensionResourceCopier/]: 御剑凌虚： 从 mimic/the_lethean_sea/region/r.-5.5.mca 复制到 /workspaces/RETRIEVAL-WATERCLIP/servidor_minecraft/world/dimensions/mimic/the_lethean_sea/region/r.-5.5.mca 
[30Aug2026 18:40:08.464] [Server thread/INFO] [org.merlin204.mimic.util.DimensionResourceCopier/]: 御剑凌虚： 从 mimic/the_lethean_sea/region/r.-5.4.mca 复制到 /workspaces/RETRIEVAL-WATERCLIP/servidor_minecraft/world/dimensions/mimic/the_lethean_sea/region/r.-5.4.mca 
[30Aug2026 18:40:08.464] [Server thread/INFO] [org.merlin204.mimic.util.DimensionResourceCopier/]: 御剑凌虚： 从 mimic/the_lethean_sea/region/r.-5.3.mca 复制到 /workspaces/RETRIEVAL-WATERCLIP/servidor_minecraft/world/dimensions/mimic/the_lethean_sea/region/r.-5.3.mca 
[30Aug2026 18:40:08.464] [Server thread/INFO] [org.merlin204.mimic.util.DimensionResourceCopier/]: 御剑凌虚： 从 mimic/the_lethean_sea/region/r.-5.2.mca 复制到 /workspaces/RETRIEVAL-WATERCLIP/servidor_minecraft/world/dimensions/mimic/the_lethean_sea/region/r.-5.2.mca 
[30Aug2026 18:40:08.465] [Server thread/INFO] [org.merlin204.mimic.util.DimensionResourceCopier/]: 御剑凌虚： 从 mimic/the_lethean_sea/region/r.-5.1.mca 复制到 /workspaces/RETRIEVAL-WATERCLIP/servidor_minecraft/world/dimensions/mimic/the_lethean_sea/region/r.-5.1.mca 
[30Aug2026 18:40:08.465] [Server thread/INFO] [org.merlin204.mimic.util.DimensionResourceCopier/]: 御剑凌虚： 从 mimic/the_lethean_sea/region/r.-5.0.mca 复制到 /workspaces/RETRIEVAL-WATERCLIP/servidor_minecraft/world/dimensions/mimic/the_lethean_sea/region/r.-5.0.mca 
[30Aug2026 18:40:08.465] [Server thread/INFO] [org.merlin204.mimic.util.DimensionResourceCopier/]: 御剑凌虚： 从 mimic/the_lethean_sea/region/r.-5.-9.mca 复制到 /workspaces/RETRIEVAL-WATERCLIP/servidor_minecraft/world/dimensions/mimic/the_lethean_sea/region/r.-5.-9.mca 
[30Aug2026 18:40:08.466] [Server thread/INFO] [org.merlin204.mimic.util.DimensionResourceCopier/]: 御剑凌虚： 从 mimic/the_lethean_sea/region/r.-5.-8.mca 复制到 /workspaces/RETRIEVAL-WATERCLIP/servidor_minecraft/world/dimensions/mimic/the_lethean_sea/region/r.-5.-8.mca 
[30Aug2026 18:40:08.466] [Server thread/INFO] [org.merlin204.mimic.util.DimensionResourceCopier/]: 御剑凌虚： 从 mimic/the_lethean_sea/region/r.-5.-7.mca 复制到 /workspaces/RETRIEVAL-WATERCLIP/servidor_minecraft/world/dimensions/mimic/the_lethean_sea/region/r.-5.-7.mca 
[30Aug2026 18:40:08.467] [Server thread/INFO] [org.merlin204.mimic.util.DimensionResourceCopier/]: 御剑凌虚： 从 mimic/the_lethean_sea/region/r.-5.-6.mca 复制到 /workspaces/RETRIEVAL-WATERCLIP/servidor_minecraft/world/dimensions/mimic/the_lethean_sea/region/r.-5.-6.mca 
[30Aug2026 18:40:08.467] [Server thread/INFO] [org.merlin204.mimic.util.DimensionResourceCopier/]: 御剑凌虚： 从 mimic/the_lethean_sea/region/r.-5.-5.mca 复制到 /workspaces/RETRIEVAL-WATERCLIP/servidor_minecraft/world/dimensions/mimic/the_lethean_sea/region/r.-5.-5.mca 
[30Aug2026 18:40:08.469] [Server thread/INFO] [org.merlin204.mimic.util.DimensionResourceCopier/]: 御剑凌虚： 从 mimic/the_lethean_sea/region/r.-5.-4.mca 复制到 /workspaces/RETRIEVAL-WATERCLIP/servidor_minecraft/world/dimensions/mimic/the_lethean_sea/region/r.-5.-4.mca 
[30Aug2026 18:40:08.470] [Server thread/INFO] [org.merlin204.mimic.util.DimensionResourceCopier/]: 御剑凌虚： 从 mimic/the_lethean_sea/region/r.-5.-3.mca 复制到 /workspaces/RETRIEVAL-WATERCLIP/servidor_minecraft/world/dimensions/mimic/the_lethean_sea/region/r.-5.-3.mca 
[30Aug2026 18:40:08.471] [Server thread/INFO] [org.merlin204.mimic.util.DimensionResourceCopier/]: 御剑凌虚： 从 mimic/the_lethean_sea/region/r.-5.-2.mca 复制到 /workspaces/RETRIEVAL-WATERCLIP/servidor_minecraft/world/dimensions/mimic/the_lethean_sea/region/r.-5.-2.mca 
[30Aug2026 18:40:08.471] [Server thread/INFO] [org.merlin204.mimic.util.DimensionResourceCopier/]: 御剑凌虚： 从 mimic/the_lethean_sea/region/r.-5.-1.mca 复制到 /workspaces/RETRIEVAL-WATERCLIP/servidor_minecraft/world/dimensions/mimic/the_lethean_sea/region/r.-5.-1.mca 
[30Aug2026 18:40:08.472] [Server thread/INFO] [org.merlin204.mimic.util.DimensionResourceCopier/]: 御剑凌虚： 从 mimic/the_lethean_sea/region/r.-4.9.mca 复制到 /workspaces/RETRIEVAL-WATERCLIP/servidor_minecraft/world/dimensions/mimic/the_lethean_sea/region/r.-4.9.mca 
[30Aug2026 18:40:08.472] [Server thread/INFO] [org.merlin204.mimic.util.DimensionResourceCopier/]: 御剑凌虚： 从 mimic/the_lethean_sea/region/r.-4.8.mca 复制到 /workspaces/RETRIEVAL-WATERCLIP/servidor_minecraft/world/dimensions/mimic/the_lethean_sea/region/r.-4.8.mca 
[30Aug2026 18:40:08.475] [Server thread/INFO] [org.merlin204.mimic.util.DimensionResourceCopier/]: 御剑凌虚： 从 mimic/the_lethean_sea/region/r.-4.7.mca 复制到 /workspaces/RETRIEVAL-WATERCLIP/servidor_minecraft/world/dimensions/mimic/the_lethean_sea/region/r.-4.7.mca 
[30Aug2026 18:40:08.476] [Server thread/INFO] [org.merlin204.mimic.util.DimensionResourceCopier/]: 御剑凌虚： 从 mimic/the_lethean_sea/region/r.-4.6.mca 复制到 /workspaces/RETRIEVAL-WATERCLIP/servidor_minecraft/world/dimensions/mimic/the_lethean_sea/region/r.-4.6.mca 
[30Aug2026 18:40:08.478] [Server thread/INFO] [org.merlin204.mimic.util.DimensionResourceCopier/]: 御剑凌虚： 从 mimic/the_lethean_sea/region/r.-4.5.mca 复制到 /workspaces/RETRIEVAL-WATERCLIP/servidor_minecraft/world/dimensions/mimic/the_lethean_sea/region/r.-4.5.mca 
[30Aug2026 18:40:08.479] [Server thread/INFO] [org.merlin204.mimic.util.DimensionResourceCopier/]: 御剑凌虚： 从 mimic/the_lethean_sea/region/r.-4.4.mca 复制到 /workspaces/RETRIEVAL-WATERCLIP/servidor_minecraft/world/dimensions/mimic/the_lethean_sea/region/r.-4.4.mca 
[30Aug2026 18:40:08.479] [Server thread/INFO] [org.merlin204.mimic.util.DimensionResourceCopier/]: 御剑凌虚： 从 mimic/the_lethean_sea/region/r.-4.3.mca 复制到 /workspaces/RETRIEVAL-WATERCLIP/servidor_minecraft/world/dimensions/mimic/the_lethean_sea/region/r.-4.3.mca 
[30Aug2026 18:40:08.480] [Server thread/INFO] [org.merlin204.mimic.util.DimensionResourceCopier/]: 御剑凌虚： 从 mimic/the_lethean_sea/region/r.-4.2.mca 复制到 /workspaces/RETRIEVAL-WATERCLIP/servidor_minecraft/world/dimensions/mimic/the_lethean_sea/region/r.-4.2.mca 
[30Aug2026 18:40:08.481] [Server thread/INFO] [org.merlin204.mimic.util.DimensionResourceCopier/]: 御剑凌虚： 从 mimic/the_lethean_sea/region/r.-4.1.mca 复制到 /workspaces/RETRIEVAL-WATERCLIP/servidor_minecraft/world/dimensions/mimic/the_lethean_sea/region/r.-4.1.mca 
[30Aug2026 18:40:08.481] [Server thread/INFO] [org.merlin204.mimic.util.DimensionResourceCopier/]: 御剑凌虚： 从 mimic/the_lethean_sea/region/r.-4.0.mca 复制到 /workspaces/RETRIEVAL-WATERCLIP/servidor_minecraft/world/dimensions/mimic/the_lethean_sea/region/r.-4.0.mca 
[30Aug2026 18:40:08.482] [Server thread/INFO] [org.merlin204.mimic.util.DimensionResourceCopier/]: 御剑凌虚： 从 mimic/the_lethean_sea/region/r.-4.-9.mca 复制到 /workspaces/RETRIEVAL-WATERCLIP/servidor_minecraft/world/dimensions/mimic/the_lethean_sea/region/r.-4.-9.mca 
[30Aug2026 18:40:08.482] [Server thread/INFO] [org.merlin204.mimic.util.DimensionResourceCopier/]: 御剑凌虚： 从 mimic/the_lethean_sea/region/r.-4.-8.mca 复制到 /workspaces/RETRIEVAL-WATERCLIP/servidor_minecraft/world/dimensions/mimic/the_lethean_sea/region/r.-4.-8.mca 
[30Aug2026 18:40:08.482] [Server thread/INFO] [org.merlin204.mimic.util.DimensionResourceCopier/]: 御剑凌虚： 从 mimic/the_lethean_sea/region/r.-4.-7.mca 复制到 /workspaces/RETRIEVAL-WATERCLIP/servidor_minecraft/world/dimensions/mimic/the_lethean_sea/region/r.-4.-7.mca 
[30Aug2026 18:40:08.483] [Server thread/INFO] [org.merlin204.mimic.util.DimensionResourceCopier/]: 御剑凌虚： 从 mimic/the_lethean_sea/region/r.-4.-6.mca 复制到 /workspaces/RETRIEVAL-WATERCLIP/servidor_minecraft/world/dimensions/mimic/the_lethean_sea/region/r.-4.-6.mca 
[30Aug2026 18:40:08.483] [Server thread/INFO] [org.merlin204.mimic.util.DimensionResourceCopier/]: 御剑凌虚： 从 mimic/the_lethean_sea/region/r.-4.-5.mca 复制到 /workspaces/RETRIEVAL-WATERCLIP/servidor_minecraft/world/dimensions/mimic/the_lethean_sea/region/r.-4.-5.mca 
[30Aug2026 18:40:08.484] [Server thread/INFO] [org.merlin204.mimic.util.DimensionResourceCopier/]: 御剑凌虚： 从 mimic/the_lethean_sea/region/r.-4.-4.mca 复制到 /workspaces/RETRIEVAL-WATERCLIP/servidor_minecraft/world/dimensions/mimic/the_lethean_sea/region/r.-4.-4.mca 
[30Aug2026 18:40:08.484] [Server thread/INFO] [org.merlin204.mimic.util.DimensionResourceCopier/]: 御剑凌虚： 从 mimic/the_lethean_sea/region/r.-4.-3.mca 复制到 /workspaces/RETRIEVAL-WATERCLIP/servidor_minecraft/world/dimensions/mimic/the_lethean_sea/region/r.-4.-3.mca 
[30Aug2026 18:40:08.485] [Server thread/INFO] [org.merlin204.mimic.util.DimensionResourceCopier/]: 御剑凌虚： 从 mimic/the_lethean_sea/region/r.-4.-2.mca 复制到 /workspaces/RETRIEVAL-WATERCLIP/servidor_minecraft/world/dimensions/mimic/the_lethean_sea/region/r.-4.-2.mca 
[30Aug2026 18:40:08.487] [Server thread/INFO] [org.merlin204.mimic.util.DimensionResourceCopier/]: 御剑凌虚： 从 mimic/the_lethean_sea/region/r.-4.-1.mca 复制到 /workspaces/RETRIEVAL-WATERCLIP/servidor_minecraft/world/dimensions/mimic/the_lethean_sea/region/r.-4.-1.mca 
[30Aug2026 18:40:08.487] [Server thread/INFO] [org.merlin204.mimic.util.DimensionResourceCopier/]: 御剑凌虚： 从 mimic/the_lethean_sea/region/r.-3.9.mca 复制到 /workspaces/RETRIEVAL-WATERCLIP/servidor_minecraft/world/dimensions/mimic/the_lethean_sea/region/r.-3.9.mca 
[30Aug2026 18:40:08.488] [Server thread/INFO] [org.merlin204.mimic.util.DimensionResourceCopier/]: 御剑凌虚： 从 mimic/the_lethean_sea/region/r.-3.8.mca 复制到 /workspaces/RETRIEVAL-WATERCLIP/servidor_minecraft/world/dimensions/mimic/the_lethean_sea/region/r.-3.8.mca 
[30Aug2026 18:40:08.488] [Server thread/INFO] [org.merlin204.mimic.util.DimensionResourceCopier/]: 御剑凌虚： 从 mimic/the_lethean_sea/region/r.-3.7.mca 复制到 /workspaces/RETRIEVAL-WATERCLIP/servidor_minecraft/world/dimensions/mimic/the_lethean_sea/region/r.-3.7.mca 
[30Aug2026 18:40:08.489] [Server thread/INFO] [org.merlin204.mimic.util.DimensionResourceCopier/]: 御剑凌虚： 从 mimic/the_lethean_sea/region/r.-3.6.mca 复制到 /workspaces/RETRIEVAL-WATERCLIP/servidor_minecraft/world/dimensions/mimic/the_lethean_sea/region/r.-3.6.mca 
[30Aug2026 18:40:08.489] [Server thread/INFO] [org.merlin204.mimic.util.DimensionResourceCopier/]: 御剑凌虚： 从 mimic/the_lethean_sea/region/r.-3.5.mca 复制到 /workspaces/RETRIEVAL-WATERCLIP/servidor_minecraft/world/dimensions/mimic/the_lethean_sea/region/r.-3.5.mca 
[30Aug2026 18:40:08.490] [Server thread/INFO] [org.merlin204.mimic.util.DimensionResourceCopier/]: 御剑凌虚： 从 mimic/the_lethean_sea/region/r.-3.4.mca 复制到 /workspaces/RETRIEVAL-WATERCLIP/servidor_minecraft/world/dimensions/mimic/the_lethean_sea/region/r.-3.4.mca 
[30Aug2026 18:40:08.491] [Server thread/INFO] [org.merlin204.mimic.util.DimensionResourceCopier/]: 御剑凌虚： 从 mimic/the_lethean_sea/region/r.-3.3.mca 复制到 /workspaces/RETRIEVAL-WATERCLIP/servidor_minecraft/world/dimensions/mimic/the_lethean_sea/region/r.-3.3.mca 
[30Aug2026 18:40:08.491] [Server thread/INFO] [org.merlin204.mimic.util.DimensionResourceCopier/]: 御剑凌虚： 从 mimic/the_lethean_sea/region/r.-3.2.mca 复制到 /workspaces/RETRIEVAL-WATERCLIP/servidor_minecraft/world/dimensions/mimic/the_lethean_sea/region/r.-3.2.mca 
[30Aug2026 18:40:08.492] [Server thread/INFO] [org.merlin204.mimic.util.DimensionResourceCopier/]: 御剑凌虚： 从 mimic/the_lethean_sea/region/r.-3.1.mca 复制到 /workspaces/RETRIEVAL-WATERCLIP/servidor_minecraft/world/dimensions/mimic/the_lethean_sea/region/r.-3.1.mca 
[30Aug2026 18:40:08.492] [Server thread/INFO] [org.merlin204.mimic.util.DimensionResourceCopier/]: 御剑凌虚： 从 mimic/the_lethean_sea/region/r.-3.0.mca 复制到 /workspaces/RETRIEVAL-WATERCLIP/servidor_minecraft/world/dimensions/mimic/the_lethean_sea/region/r.-3.0.mca 
[30Aug2026 18:40:08.493] [Server thread/INFO] [org.merlin204.mimic.util.DimensionResourceCopier/]: 御剑凌虚： 从 mimic/the_lethean_sea/region/r.-3.-9.mca 复制到 /workspaces/RETRIEVAL-WATERCLIP/servidor_minecraft/world/dimensions/mimic/the_lethean_sea/region/r.-3.-9.mca 
[30Aug2026 18:40:08.493] [Server thread/INFO] [org.merlin204.mimic.util.DimensionResourceCopier/]: 御剑凌虚： 从 mimic/the_lethean_sea/region/r.-3.-8.mca 复制到 /workspaces/RETRIEVAL-WATERCLIP/servidor_minecraft/world/dimensions/mimic/the_lethean_sea/region/r.-3.-8.mca 
[30Aug2026 18:40:08.493] [Server thread/INFO] [org.merlin204.mimic.util.DimensionResourceCopier/]: 御剑凌虚： 从 mimic/the_lethean_sea/region/r.-3.-7.mca 复制到 /workspaces/RETRIEVAL-WATERCLIP/servidor_minecraft/world/dimensions/mimic/the_lethean_sea/region/r.-3.-7.mca 
[30Aug2026 18:40:08.494] [Server thread/INFO] [org.merlin204.mimic.util.DimensionResourceCopier/]: 御剑凌虚： 从 mimic/the_lethean_sea/region/r.-3.-6.mca 复制到 /workspaces/RETRIEVAL-WATERCLIP/servidor_minecraft/world/dimensions/mimic/the_lethean_sea/region/r.-3.-6.mca 
[30Aug2026 18:40:08.496] [Server thread/INFO] [org.merlin204.mimic.util.DimensionResourceCopier/]: 御剑凌虚： 从 mimic/the_lethean_sea/region/r.-3.-5.mca 复制到 /workspaces/RETRIEVAL-WATERCLIP/servidor_minecraft/world/dimensions/mimic/the_lethean_sea/region/r.-3.-5.mca 
[30Aug2026 18:40:08.496] [Server thread/INFO] [org.merlin204.mimic.util.DimensionResourceCopier/]: 御剑凌虚： 从 mimic/the_lethean_sea/region/r.-3.-4.mca 复制到 /workspaces/RETRIEVAL-WATERCLIP/servidor_minecraft/world/dimensions/mimic/the_lethean_sea/region/r.-3.-4.mca 
[30Aug2026 18:40:08.496] [Server thread/INFO] [org.merlin204.mimic.util.DimensionResourceCopier/]: 御剑凌虚： 从 mimic/the_lethean_sea/region/r.-3.-3.mca 复制到 /workspaces/RETRIEVAL-WATERCLIP/servidor_minecraft/world/dimensions/mimic/the_lethean_sea/region/r.-3.-3.mca 
[30Aug2026 18:40:08.497] [Server thread/INFO] [org.merlin204.mimic.util.DimensionResourceCopier/]: 御剑凌虚： 从 mimic/the_lethean_sea/region/r.-3.-2.mca 复制到 /workspaces/RETRIEVAL-WATERCLIP/servidor_minecraft/world/dimensions/mimic/the_lethean_sea/region/r.-3.-2.mca 
[30Aug2026 18:40:08.497] [Server thread/INFO] [org.merlin204.mimic.util.DimensionResourceCopier/]: 御剑凌虚： 从 mimic/the_lethean_sea/region/r.-3.-1.mca 复制到 /workspaces/RETRIEVAL-WATERCLIP/servidor_minecraft/world/dimensions/mimic/the_lethean_sea/region/r.-3.-1.mca 
[30Aug2026 18:40:08.498] [Server thread/INFO] [org.merlin204.mimic.util.DimensionResourceCopier/]: 御剑凌虚： 从 mimic/the_lethean_sea/region/r.-2.9.mca 复制到 /workspaces/RETRIEVAL-WATERCLIP/servidor_minecraft/world/dimensions/mimic/the_lethean_sea/region/r.-2.9.mca 
[30Aug2026 18:40:08.498] [Server thread/INFO] [org.merlin204.mimic.util.DimensionResourceCopier/]: 御剑凌虚： 从 mimic/the_lethean_sea/region/r.-2.8.mca 复制到 /workspaces/RETRIEVAL-WATERCLIP/servidor_minecraft/world/dimensions/mimic/the_lethean_sea/region/r.-2.8.mca 
[30Aug2026 18:40:08.498] [Server thread/INFO] [org.merlin204.mimic.util.DimensionResourceCopier/]: 御剑凌虚： 从 mimic/the_lethean_sea/region/r.-2.7.mca 复制到 /workspaces/RETRIEVAL-WATERCLIP/servidor_minecraft/world/dimensions/mimic/the_lethean_sea/region/r.-2.7.mca 
[30Aug2026 18:40:08.500] [Server thread/INFO] [org.merlin204.mimic.util.DimensionResourceCopier/]: 御剑凌虚： 从 mimic/the_lethean_sea/region/r.-2.6.mca 复制到 /workspaces/RETRIEVAL-WATERCLIP/servidor_minecraft/world/dimensions/mimic/the_lethean_sea/region/r.-2.6.mca 
[30Aug2026 18:40:08.501] [Server thread/INFO] [org.merlin204.mimic.util.DimensionResourceCopier/]: 御剑凌虚： 从 mimic/the_lethean_sea/region/r.-2.5.mca 复制到 /workspaces/RETRIEVAL-WATERCLIP/servidor_minecraft/world/dimensions/mimic/the_lethean_sea/region/r.-2.5.mca 
[30Aug2026 18:40:08.501] [Server thread/INFO] [org.merlin204.mimic.util.DimensionResourceCopier/]: 御剑凌虚： 从 mimic/the_lethean_sea/region/r.-2.4.mca 复制到 /workspaces/RETRIEVAL-WATERCLIP/servidor_minecraft/world/dimensions/mimic/the_lethean_sea/region/r.-2.4.mca 
[30Aug2026 18:40:08.501] [Server thread/INFO] [org.merlin204.mimic.util.DimensionResourceCopier/]: 御剑凌虚： 从 mimic/the_lethean_sea/region/r.-2.3.mca 复制到 /workspaces/RETRIEVAL-WATERCLIP/servidor_minecraft/world/dimensions/mimic/the_lethean_sea/region/r.-2.3.mca 
[30Aug2026 18:40:08.502] [Server thread/INFO] [org.merlin204.mimic.util.DimensionResourceCopier/]: 御剑凌虚： 从 mimic/the_lethean_sea/region/r.-2.2.mca 复制到 /workspaces/RETRIEVAL-WATERCLIP/servidor_minecraft/world/dimensions/mimic/the_lethean_sea/region/r.-2.2.mca 
[30Aug2026 18:40:08.503] [Server thread/INFO] [org.merlin204.mimic.util.DimensionResourceCopier/]: 御剑凌虚： 从 mimic/the_lethean_sea/region/r.-2.1.mca 复制到 /workspaces/RETRIEVAL-WATERCLIP/servidor_minecraft/world/dimensions/mimic/the_lethean_sea/region/r.-2.1.mca 
[30Aug2026 18:40:08.503] [Server thread/INFO] [org.merlin204.mimic.util.DimensionResourceCopier/]: 御剑凌虚： 从 mimic/the_lethean_sea/region/r.-2.0.mca 复制到 /workspaces/RETRIEVAL-WATERCLIP/servidor_minecraft/world/dimensions/mimic/the_lethean_sea/region/r.-2.0.mca 
[30Aug2026 18:40:08.503] [Server thread/INFO] [org.merlin204.mimic.util.DimensionResourceCopier/]: 御剑凌虚： 从 mimic/the_lethean_sea/region/r.-2.-9.mca 复制到 /workspaces/RETRIEVAL-WATERCLIP/servidor_minecraft/world/dimensions/mimic/the_lethean_sea/region/r.-2.-9.mca 
[30Aug2026 18:40:08.504] [Server thread/INFO] [org.merlin204.mimic.util.DimensionResourceCopier/]: 御剑凌虚： 从 mimic/the_lethean_sea/region/r.-2.-8.mca 复制到 /workspaces/RETRIEVAL-WATERCLIP/servidor_minecraft/world/dimensions/mimic/the_lethean_sea/region/r.-2.-8.mca 
[30Aug2026 18:40:08.505] [Server thread/INFO] [org.merlin204.mimic.util.DimensionResourceCopier/]: 御剑凌虚： 从 mimic/the_lethean_sea/region/r.-2.-7.mca 复制到 /workspaces/RETRIEVAL-WATERCLIP/servidor_minecraft/world/dimensions/mimic/the_lethean_sea/region/r.-2.-7.mca 
[30Aug2026 18:40:08.506] [Server thread/INFO] [org.merlin204.mimic.util.DimensionResourceCopier/]: 御剑凌虚： 从 mimic/the_lethean_sea/region/r.-2.-6.mca 复制到 /workspaces/RETRIEVAL-WATERCLIP/servidor_minecraft/world/dimensions/mimic/the_lethean_sea/region/r.-2.-6.mca 
[30Aug2026 18:40:08.506] [Server thread/INFO] [org.merlin204.mimic.util.DimensionResourceCopier/]: 御剑凌虚： 从 mimic/the_lethean_sea/region/r.-2.-5.mca 复制到 /workspaces/RETRIEVAL-WATERCLIP/servidor_minecraft/world/dimensions/mimic/the_lethean_sea/region/r.-2.-5.mca 
[30Aug2026 18:40:08.507] [Server thread/INFO] [org.merlin204.mimic.util.DimensionResourceCopier/]: 御剑凌虚： 从 mimic/the_lethean_sea/region/r.-2.-4.mca 复制到 /workspaces/RETRIEVAL-WATERCLIP/servidor_minecraft/world/dimensions/mimic/the_lethean_sea/region/r.-2.-4.mca 
[30Aug2026 18:40:08.507] [Server thread/INFO] [org.merlin204.mimic.util.DimensionResourceCopier/]: 御剑凌虚： 从 mimic/the_lethean_sea/region/r.-2.-3.mca 复制到 /workspaces/RETRIEVAL-WATERCLIP/servidor_minecraft/world/dimensions/mimic/the_lethean_sea/region/r.-2.-3.mca 
[30Aug2026 18:40:08.508] [Server thread/INFO] [org.merlin204.mimic.util.DimensionResourceCopier/]: 御剑凌虚： 从 mimic/the_lethean_sea/region/r.-2.-2.mca 复制到 /workspaces/RETRIEVAL-WATERCLIP/servidor_minecraft/world/dimensions/mimic/the_lethean_sea/region/r.-2.-2.mca 
[30Aug2026 18:40:08.508] [Server thread/INFO] [org.merlin204.mimic.util.DimensionResourceCopier/]: 御剑凌虚： 从 mimic/the_lethean_sea/region/r.-2.-1.mca 复制到 /workspaces/RETRIEVAL-WATERCLIP/servidor_minecraft/world/dimensions/mimic/the_lethean_sea/region/r.-2.-1.mca 
[30Aug2026 18:40:08.508] [Server thread/INFO] [org.merlin204.mimic.util.DimensionResourceCopier/]: 御剑凌虚： 从 mimic/the_lethean_sea/region/r.-1.9.mca 复制到 /workspaces/RETRIEVAL-WATERCLIP/servidor_minecraft/world/dimensions/mimic/the_lethean_sea/region/r.-1.9.mca 
[30Aug2026 18:40:08.509] [Server thread/INFO] [org.merlin204.mimic.util.DimensionResourceCopier/]: 御剑凌虚： 从 mimic/the_lethean_sea/region/r.-1.8.mca 复制到 /workspaces/RETRIEVAL-WATERCLIP/servidor_minecraft/world/dimensions/mimic/the_lethean_sea/region/r.-1.8.mca 
[30Aug2026 18:40:08.510] [Server thread/INFO] [org.merlin204.mimic.util.DimensionResourceCopier/]: 御剑凌虚： 从 mimic/the_lethean_sea/region/r.-1.7.mca 复制到 /workspaces/RETRIEVAL-WATERCLIP/servidor_minecraft/world/dimensions/mimic/the_lethean_sea/region/r.-1.7.mca 
[30Aug2026 18:40:08.510] [Server thread/INFO] [org.merlin204.mimic.util.DimensionResourceCopier/]: 御剑凌虚： 从 mimic/the_lethean_sea/region/r.-1.6.mca 复制到 /workspaces/RETRIEVAL-WATERCLIP/servidor_minecraft/world/dimensions/mimic/the_lethean_sea/region/r.-1.6.mca 
[30Aug2026 18:40:08.511] [Server thread/INFO] [org.merlin204.mimic.util.DimensionResourceCopier/]: 御剑凌虚： 从 mimic/the_lethean_sea/region/r.-1.5.mca 复制到 /workspaces/RETRIEVAL-WATERCLIP/servidor_minecraft/world/dimensions/mimic/the_lethean_sea/region/r.-1.5.mca 
[30Aug2026 18:40:08.512] [Server thread/INFO] [org.merlin204.mimic.util.DimensionResourceCopier/]: 御剑凌虚： 从 mimic/the_lethean_sea/region/r.-1.4.mca 复制到 /workspaces/RETRIEVAL-WATERCLIP/servidor_minecraft/world/dimensions/mimic/the_lethean_sea/region/r.-1.4.mca 
[30Aug2026 18:40:08.512] [Server thread/INFO] [org.merlin204.mimic.util.DimensionResourceCopier/]: 御剑凌虚： 从 mimic/the_lethean_sea/region/r.-1.3.mca 复制到 /workspaces/RETRIEVAL-WATERCLIP/servidor_minecraft/world/dimensions/mimic/the_lethean_sea/region/r.-1.3.mca 
[30Aug2026 18:40:08.513] [Server thread/INFO] [org.merlin204.mimic.util.DimensionResourceCopier/]: 御剑凌虚： 从 mimic/the_lethean_sea/region/r.-1.2.mca 复制到 /workspaces/RETRIEVAL-WATERCLIP/servidor_minecraft/world/dimensions/mimic/the_lethean_sea/region/r.-1.2.mca 
[30Aug2026 18:40:08.533] [Server thread/INFO] [org.merlin204.mimic.util.DimensionResourceCopier/]: 御剑凌虚： 从 mimic/the_lethean_sea/region/r.-1.1.mca 复制到 /workspaces/RETRIEVAL-WATERCLIP/servidor_minecraft/world/dimensions/mimic/the_lethean_sea/region/r.-1.1.mca 
[30Aug2026 18:40:08.559] [Server thread/INFO] [org.merlin204.mimic.util.DimensionResourceCopier/]: 御剑凌虚： 从 mimic/the_lethean_sea/region/r.-1.0.mca 复制到 /workspaces/RETRIEVAL-WATERCLIP/servidor_minecraft/world/dimensions/mimic/the_lethean_sea/region/r.-1.0.mca 
[30Aug2026 18:40:08.560] [Server thread/INFO] [org.merlin204.mimic.util.DimensionResourceCopier/]: 御剑凌虚： 从 mimic/the_lethean_sea/region/r.-1.-9.mca 复制到 /workspaces/RETRIEVAL-WATERCLIP/servidor_minecraft/world/dimensions/mimic/the_lethean_sea/region/r.-1.-9.mca 
[30Aug2026 18:40:08.560] [Server thread/INFO] [org.merlin204.mimic.util.DimensionResourceCopier/]: 御剑凌虚： 从 mimic/the_lethean_sea/region/r.-1.-8.mca 复制到 /workspaces/RETRIEVAL-WATERCLIP/servidor_minecraft/world/dimensions/mimic/the_lethean_sea/region/r.-1.-8.mca 
[30Aug2026 18:40:08.560] [Server thread/INFO] [org.merlin204.mimic.util.DimensionResourceCopier/]: 御剑凌虚： 从 mimic/the_lethean_sea/region/r.-1.-7.mca 复制到 /workspaces/RETRIEVAL-WATERCLIP/servidor_minecraft/world/dimensions/mimic/the_lethean_sea/region/r.-1.-7.mca 
[30Aug2026 18:40:08.561] [Server thread/INFO] [org.merlin204.mimic.util.DimensionResourceCopier/]: 御剑凌虚： 从 mimic/the_lethean_sea/region/r.-1.-6.mca 复制到 /workspaces/RETRIEVAL-WATERCLIP/servidor_minecraft/world/dimensions/mimic/the_lethean_sea/region/r.-1.-6.mca 
[30Aug2026 18:40:08.561] [Server thread/INFO] [org.merlin204.mimic.util.DimensionResourceCopier/]: 御剑凌虚： 从 mimic/the_lethean_sea/region/r.-1.-5.mca 复制到 /workspaces/RETRIEVAL-WATERCLIP/servidor_minecraft/world/dimensions/mimic/the_lethean_sea/region/r.-1.-5.mca 
[30Aug2026 18:40:08.562] [Server thread/INFO] [org.merlin204.mimic.util.DimensionResourceCopier/]: 御剑凌虚： 从 mimic/the_lethean_sea/region/r.-1.-4.mca 复制到 /workspaces/RETRIEVAL-WATERCLIP/servidor_minecraft/world/dimensions/mimic/the_lethean_sea/region/r.-1.-4.mca 
[30Aug2026 18:40:08.562] [Server thread/INFO] [org.merlin204.mimic.util.DimensionResourceCopier/]: 御剑凌虚： 从 mimic/the_lethean_sea/region/r.-1.-3.mca 复制到 /workspaces/RETRIEVAL-WATERCLIP/servidor_minecraft/world/dimensions/mimic/the_lethean_sea/region/r.-1.-3.mca 
[30Aug2026 18:40:08.563] [Server thread/INFO] [org.merlin204.mimic.util.DimensionResourceCopier/]: 御剑凌虚： 从 mimic/the_lethean_sea/region/r.-1.-2.mca 复制到 /workspaces/RETRIEVAL-WATERCLIP/servidor_minecraft/world/dimensions/mimic/the_lethean_sea/region/r.-1.-2.mca 
[30Aug2026 18:40:08.575] [Server thread/INFO] [org.merlin204.mimic.util.DimensionResourceCopier/]: 御剑凌虚： 从 mimic/the_lethean_sea/region/r.-1.-1.mca 复制到 /workspaces/RETRIEVAL-WATERCLIP/servidor_minecraft/world/dimensions/mimic/the_lethean_sea/region/r.-1.-1.mca 
[30Aug2026 18:40:08.576] [Server thread/INFO] [org.merlin204.mimic.util.DimensionResourceCopier/]: 御剑凌虚： 从 mimic/the_lethean_sea/data/raids.dat 复制到 /workspaces/RETRIEVAL-WATERCLIP/servidor_minecraft/world/dimensions/mimic/the_lethean_sea/data/raids.dat 
[30Aug2026 18:40:08.576] [Server thread/INFO] [org.merlin204.mimic.util.DimensionResourceCopier/]: 御剑凌虚： 从 mimic/the_lethean_sea/data/capabilities.dat 复制到 /workspaces/RETRIEVAL-WATERCLIP/servidor_minecraft/world/dimensions/mimic/the_lethean_sea/data/capabilities.dat 
[30Aug2026 18:40:08.576] [Server thread/INFO] [org.merlin204.mimic.util.DimensionResourceCopier/]: 御剑凌虚： /workspaces/RETRIEVAL-WATERCLIP/servidor_minecraft/world/dimensions/mimic/the_lethean_sea 复制完成。
[30Aug2026 18:40:08.578] [Server thread/INFO] [me.kall.duplicationless.data.EntityTracker/]: Duplicationless Entity Tracker has initialized successfully.
[30Aug2026 18:40:08.595] [Server thread/INFO] [org.merlin204.wraithon.util.DimensionResourceCopier/]: 御剑凌虚： 从 wraithon/sanctum_of_the_wraithon/region/r.9.9.mca 复制到 /workspaces/RETRIEVAL-WATERCLIP/servidor_minecraft/world/dimensions/wraithon/sanctum_of_the_wraithon/region/r.9.9.mca 
[30Aug2026 18:40:08.596] [Server thread/INFO] [org.merlin204.wraithon.util.DimensionResourceCopier/]: 御剑凌虚： 从 wraithon/sanctum_of_the_wraithon/region/r.9.8.mca 复制到 /workspaces/RETRIEVAL-WATERCLIP/servidor_minecraft/world/dimensions/wraithon/sanctum_of_the_wraithon/region/r.9.8.mca 
[30Aug2026 18:40:08.596] [Server thread/INFO] [org.merlin204.wraithon.util.DimensionResourceCopier/]: 御剑凌虚： 从 wraithon/sanctum_of_the_wraithon/region/r.9.7.mca 复制到 /workspaces/RETRIEVAL-WATERCLIP/servidor_minecraft/world/dimensions/wraithon/sanctum_of_the_wraithon/region/r.9.7.mca 
[30Aug2026 18:40:08.598] [Server thread/INFO] [org.merlin204.wraithon.util.DimensionResourceCopier/]: 御剑凌虚： 从 wraithon/sanctum_of_the_wraithon/region/r.9.6.mca 复制到 /workspaces/RETRIEVAL-WATERCLIP/servidor_minecraft/world/dimensions/wraithon/sanctum_of_the_wraithon/region/r.9.6.mca 
[30Aug2026 18:40:08.599] [Server thread/INFO] [org.merlin204.wraithon.util.DimensionResourceCopier/]: 御剑凌虚： 从 wraithon/sanctum_of_the_wraithon/region/r.9.5.mca 复制到 /workspaces/RETRIEVAL-WATERCLIP/servidor_minecraft/world/dimensions/wraithon/sanctum_of_the_wraithon/region/r.9.5.mca 
[30Aug2026 18:40:08.600] [Server thread/INFO] [org.merlin204.wraithon.util.DimensionResourceCopier/]: 御剑凌虚： 从 wraithon/sanctum_of_the_wraithon/region/r.9.4.mca 复制到 /workspaces/RETRIEVAL-WATERCLIP/servidor_minecraft/world/dimensions/wraithon/sanctum_of_the_wraithon/region/r.9.4.mca 
[30Aug2026 18:40:08.601] [Server thread/INFO] [org.merlin204.wraithon.util.DimensionResourceCopier/]: 御剑凌虚： 从 wraithon/sanctum_of_the_wraithon/region/r.9.3.mca 复制到 /workspaces/RETRIEVAL-WATERCLIP/servidor_minecraft/world/dimensions/wraithon/sanctum_of_the_wraithon/region/r.9.3.mca 
[30Aug2026 18:40:08.601] [Server thread/INFO] [org.merlin204.wraithon.util.DimensionResourceCopier/]: 御剑凌虚： 从 wraithon/sanctum_of_the_wraithon/region/r.9.2.mca 复制到 /workspaces/RETRIEVAL-WATERCLIP/servidor_minecraft/world/dimensions/wraithon/sanctum_of_the_wraithon/region/r.9.2.mca 
[30Aug2026 18:40:08.602] [Server thread/INFO] [org.merlin204.wraithon.util.DimensionResourceCopier/]: 御剑凌虚： 从 wraithon/sanctum_of_the_wraithon/region/r.9.1.mca 复制到 /workspaces/RETRIEVAL-WATERCLIP/servidor_minecraft/world/dimensions/wraithon/sanctum_of_the_wraithon/region/r.9.1.mca 
[30Aug2026 18:40:08.602] [Server thread/INFO] [org.merlin204.wraithon.util.DimensionResourceCopier/]: 御剑凌虚： 从 wraithon/sanctum_of_the_wraithon/region/r.9.0.mca 复制到 /workspaces/RETRIEVAL-WATERCLIP/servidor_minecraft/world/dimensions/wraithon/sanctum_of_the_wraithon/region/r.9.0.mca 
[30Aug2026 18:40:08.603] [Server thread/INFO] [org.merlin204.wraithon.util.DimensionResourceCopier/]: 御剑凌虚： 从 wraithon/sanctum_of_the_wraithon/region/r.9.-9.mca 复制到 /workspaces/RETRIEVAL-WATERCLIP/servidor_minecraft/world/dimensions/wraithon/sanctum_of_the_wraithon/region/r.9.-9.mca 
[30Aug2026 18:40:08.606] [Server thread/INFO] [org.merlin204.wraithon.util.DimensionResourceCopier/]: 御剑凌虚： 从 wraithon/sanctum_of_the_wraithon/region/r.9.-8.mca 复制到 /workspaces/RETRIEVAL-WATERCLIP/servidor_minecraft/world/dimensions/wraithon/sanctum_of_the_wraithon/region/r.9.-8.mca 
[30Aug2026 18:40:08.606] [Server thread/INFO] [org.merlin204.wraithon.util.DimensionResourceCopier/]: 御剑凌虚： 从 wraithon/sanctum_of_the_wraithon/region/r.9.-7.mca 复制到 /workspaces/RETRIEVAL-WATERCLIP/servidor_minecraft/world/dimensions/wraithon/sanctum_of_the_wraithon/region/r.9.-7.mca 
[30Aug2026 18:40:08.606] [Server thread/INFO] [org.merlin204.wraithon.util.DimensionResourceCopier/]: 御剑凌虚： 从 wraithon/sanctum_of_the_wraithon/region/r.9.-6.mca 复制到 /workspaces/RETRIEVAL-WATERCLIP/servidor_minecraft/world/dimensions/wraithon/sanctum_of_the_wraithon/region/r.9.-6.mca 
[30Aug2026 18:40:08.607] [Server thread/INFO] [org.merlin204.wraithon.util.DimensionResourceCopier/]: 御剑凌虚： 从 wraithon/sanctum_of_the_wraithon/region/r.9.-5.mca 复制到 /workspaces/RETRIEVAL-WATERCLIP/servidor_minecraft/world/dimensions/wraithon/sanctum_of_the_wraithon/region/r.9.-5.mca 
[30Aug2026 18:40:08.607] [Server thread/INFO] [org.merlin204.wraithon.util.DimensionResourceCopier/]: 御剑凌虚： 从 wraithon/sanctum_of_the_wraithon/region/r.9.-4.mca 复制到 /workspaces/RETRIEVAL-WATERCLIP/servidor_minecraft/world/dimensions/wraithon/sanctum_of_the_wraithon/region/r.9.-4.mca 
[30Aug2026 18:40:08.608] [Server thread/INFO] [org.merlin204.wraithon.util.DimensionResourceCopier/]: 御剑凌虚： 从 wraithon/sanctum_of_the_wraithon/region/r.9.-3.mca 复制到 /workspaces/RETRIEVAL-WATERCLIP/servidor_minecraft/world/dimensions/wraithon/sanctum_of_the_wraithon/region/r.9.-3.mca 
[30Aug2026 18:40:08.609] [Server thread/INFO] [org.merlin204.wraithon.util.DimensionResourceCopier/]: 御剑凌虚： 从 wraithon/sanctum_of_the_wraithon/region/r.9.-2.mca 复制到 /workspaces/RETRIEVAL-WATERCLIP/servidor_minecraft/world/dimensions/wraithon/sanctum_of_the_wraithon/region/r.9.-2.mca 
[30Aug2026 18:40:08.610] [Server thread/INFO] [org.merlin204.wraithon.util.DimensionResourceCopier/]: 御剑凌虚： 从 wraithon/sanctum_of_the_wraithon/region/r.9.-1.mca 复制到 /workspaces/RETRIEVAL-WATERCLIP/servidor_minecraft/world/dimensions/wraithon/sanctum_of_the_wraithon/region/r.9.-1.mca 
[30Aug2026 18:40:08.610] [Server thread/INFO] [org.merlin204.wraithon.util.DimensionResourceCopier/]: 御剑凌虚： 从 wraithon/sanctum_of_the_wraithon/region/r.8.9.mca 复制到 /workspaces/RETRIEVAL-WATERCLIP/servidor_minecraft/world/dimensions/wraithon/sanctum_of_the_wraithon/region/r.8.9.mca 
[30Aug2026 18:40:08.611] [Server thread/INFO] [org.merlin204.wraithon.util.DimensionResourceCopier/]: 御剑凌虚： 从 wraithon/sanctum_of_the_wraithon/region/r.8.8.mca 复制到 /workspaces/RETRIEVAL-WATERCLIP/servidor_minecraft/world/dimensions/wraithon/sanctum_of_the_wraithon/region/r.8.8.mca 
[30Aug2026 18:40:08.611] [Server thread/INFO] [org.merlin204.wraithon.util.DimensionResourceCopier/]: 御剑凌虚： 从 wraithon/sanctum_of_the_wraithon/region/r.8.7.mca 复制到 /workspaces/RETRIEVAL-WATERCLIP/servidor_minecraft/world/dimensions/wraithon/sanctum_of_the_wraithon/region/r.8.7.mca 
[30Aug2026 18:40:08.614] [Server thread/INFO] [org.merlin204.wraithon.util.DimensionResourceCopier/]: 御剑凌虚： 从 wraithon/sanctum_of_the_wraithon/region/r.8.6.mca 复制到 /workspaces/RETRIEVAL-WATERCLIP/servidor_minecraft/world/dimensions/wraithon/sanctum_of_the_wraithon/region/r.8.6.mca 
[30Aug2026 18:40:08.615] [Server thread/INFO] [org.merlin204.wraithon.util.DimensionResourceCopier/]: 御剑凌虚： 从 wraithon/sanctum_of_the_wraithon/region/r.8.5.mca 复制到 /workspaces/RETRIEVAL-WATERCLIP/servidor_minecraft/world/dimensions/wraithon/sanctum_of_the_wraithon/region/r.8.5.mca 
[30Aug2026 18:40:08.615] [Server thread/INFO] [org.merlin204.wraithon.util.DimensionResourceCopier/]: 御剑凌虚： 从 wraithon/sanctum_of_the_wraithon/region/r.8.4.mca 复制到 /workspaces/RETRIEVAL-WATERCLIP/servidor_minecraft/world/dimensions/wraithon/sanctum_of_the_wraithon/region/r.8.4.mca 
[30Aug2026 18:40:08.617] [Server thread/INFO] [org.merlin204.wraithon.util.DimensionResourceCopier/]: 御剑凌虚： 从 wraithon/sanctum_of_the_wraithon/region/r.8.3.mca 复制到 /workspaces/RETRIEVAL-WATERCLIP/servidor_minecraft/world/dimensions/wraithon/sanctum_of_the_wraithon/region/r.8.3.mca 
[30Aug2026 18:40:08.617] [Server thread/INFO] [org.merlin204.wraithon.util.DimensionResourceCopier/]: 御剑凌虚： 从 wraithon/sanctum_of_the_wraithon/region/r.8.2.mca 复制到 /workspaces/RETRIEVAL-WATERCLIP/servidor_minecraft/world/dimensions/wraithon/sanctum_of_the_wraithon/region/r.8.2.mca 
[30Aug2026 18:40:08.618] [Server thread/INFO] [org.merlin204.wraithon.util.DimensionResourceCopier/]: 御剑凌虚： 从 wraithon/sanctum_of_the_wraithon/region/r.8.1.mca 复制到 /workspaces/RETRIEVAL-WATERCLIP/servidor_minecraft/world/dimensions/wraithon/sanctum_of_the_wraithon/region/r.8.1.mca 
[30Aug2026 18:40:08.618] [Server thread/INFO] [org.merlin204.wraithon.util.DimensionResourceCopier/]: 御剑凌虚： 从 wraithon/sanctum_of_the_wraithon/region/r.8.0.mca 复制到 /workspaces/RETRIEVAL-WATERCLIP/servidor_minecraft/world/dimensions/wraithon/sanctum_of_the_wraithon/region/r.8.0.mca 
[30Aug2026 18:40:08.620] [Server thread/INFO] [org.merlin204.wraithon.util.DimensionResourceCopier/]: 御剑凌虚： 从 wraithon/sanctum_of_the_wraithon/region/r.8.-9.mca 复制到 /workspaces/RETRIEVAL-WATERCLIP/servidor_minecraft/world/dimensions/wraithon/sanctum_of_the_wraithon/region/r.8.-9.mca 
[30Aug2026 18:40:08.620] [Server thread/INFO] [org.merlin204.wraithon.util.DimensionResourceCopier/]: 御剑凌虚： 从 wraithon/sanctum_of_the_wraithon/region/r.8.-8.mca 复制到 /workspaces/RETRIEVAL-WATERCLIP/servidor_minecraft/world/dimensions/wraithon/sanctum_of_the_wraithon/region/r.8.-8.mca 
[30Aug2026 18:40:08.623] [Server thread/INFO] [org.merlin204.wraithon.util.DimensionResourceCopier/]: 御剑凌虚： 从 wraithon/sanctum_of_the_wraithon/region/r.8.-7.mca 复制到 /workspaces/RETRIEVAL-WATERCLIP/servidor_minecraft/world/dimensions/wraithon/sanctum_of_the_wraithon/region/r.8.-7.mca 
[30Aug2026 18:40:08.624] [Server thread/INFO] [org.merlin204.wraithon.util.DimensionResourceCopier/]: 御剑凌虚： 从 wraithon/sanctum_of_the_wraithon/region/r.8.-6.mca 复制到 /workspaces/RETRIEVAL-WATERCLIP/servidor_minecraft/world/dimensions/wraithon/sanctum_of_the_wraithon/region/r.8.-6.mca 
[30Aug2026 18:40:08.624] [Server thread/INFO] [org.merlin204.wraithon.util.DimensionResourceCopier/]: 御剑凌虚： 从 wraithon/sanctum_of_the_wraithon/region/r.8.-5.mca 复制到 /workspaces/RETRIEVAL-WATERCLIP/servidor_minecraft/world/dimensions/wraithon/sanctum_of_the_wraithon/region/r.8.-5.mca 
[30Aug2026 18:40:08.625] [Server thread/INFO] [org.merlin204.wraithon.util.DimensionResourceCopier/]: 御剑凌虚： 从 wraithon/sanctum_of_the_wraithon/region/r.8.-4.mca 复制到 /workspaces/RETRIEVAL-WATERCLIP/servidor_minecraft/world/dimensions/wraithon/sanctum_of_the_wraithon/region/r.8.-4.mca 
[30Aug2026 18:40:08.626] [Server thread/INFO] [org.merlin204.wraithon.util.DimensionResourceCopier/]: 御剑凌虚： 从 wraithon/sanctum_of_the_wraithon/region/r.8.-3.mca 复制到 /workspaces/RETRIEVAL-WATERCLIP/servidor_minecraft/world/dimensions/wraithon/sanctum_of_the_wraithon/region/r.8.-3.mca 
[30Aug2026 18:40:08.627] [Server thread/INFO] [org.merlin204.wraithon.util.DimensionResourceCopier/]: 御剑凌虚： 从 wraithon/sanctum_of_the_wraithon/region/r.8.-2.mca 复制到 /workspaces/RETRIEVAL-WATERCLIP/servidor_minecraft/world/dimensions/wraithon/sanctum_of_the_wraithon/region/r.8.-2.mca 
[30Aug2026 18:40:08.627] [Server thread/INFO] [org.merlin204.wraithon.util.DimensionResourceCopier/]: 御剑凌虚： 从 wraithon/sanctum_of_the_wraithon/region/r.8.-1.mca 复制到 /workspaces/RETRIEVAL-WATERCLIP/servidor_minecraft/world/dimensions/wraithon/sanctum_of_the_wraithon/region/r.8.-1.mca 
[30Aug2026 18:40:08.628] [Server thread/INFO] [org.merlin204.wraithon.util.DimensionResourceCopier/]: 御剑凌虚： 从 wraithon/sanctum_of_the_wraithon/region/r.7.9.mca 复制到 /workspaces/RETRIEVAL-WATERCLIP/servidor_minecraft/world/dimensions/wraithon/sanctum_of_the_wraithon/region/r.7.9.mca 
[30Aug2026 18:40:08.628] [Server thread/INFO] [org.merlin204.wraithon.util.DimensionResourceCopier/]: 御剑凌虚： 从 wraithon/sanctum_of_the_wraithon/region/r.7.8.mca 复制到 /workspaces/RETRIEVAL-WATERCLIP/servidor_minecraft/world/dimensions/wraithon/sanctum_of_the_wraithon/region/r.7.8.mca 
[30Aug2026 18:40:08.632] [Server thread/INFO] [org.merlin204.wraithon.util.DimensionResourceCopier/]: 御剑凌虚： 从 wraithon/sanctum_of_the_wraithon/region/r.7.7.mca 复制到 /workspaces/RETRIEVAL-WATERCLIP/servidor_minecraft/world/dimensions/wraithon/sanctum_of_the_wraithon/region/r.7.7.mca 
[30Aug2026 18:40:08.633] [Server thread/INFO] [org.merlin204.wraithon.util.DimensionResourceCopier/]: 御剑凌虚： 从 wraithon/sanctum_of_the_wraithon/region/r.7.6.mca 复制到 /workspaces/RETRIEVAL-WATERCLIP/servidor_minecraft/world/dimensions/wraithon/sanctum_of_the_wraithon/region/r.7.6.mca 
[30Aug2026 18:40:08.633] [Server thread/INFO] [org.merlin204.wraithon.util.DimensionResourceCopier/]: 御剑凌虚： 从 wraithon/sanctum_of_the_wraithon/region/r.7.5.mca 复制到 /workspaces/RETRIEVAL-WATERCLIP/servidor_minecraft/world/dimensions/wraithon/sanctum_of_the_wraithon/region/r.7.5.mca 
[30Aug2026 18:40:08.633] [Server thread/INFO] [org.merlin204.wraithon.util.DimensionResourceCopier/]: 御剑凌虚： 从 wraithon/sanctum_of_the_wraithon/region/r.7.4.mca 复制到 /workspaces/RETRIEVAL-WATERCLIP/servidor_minecraft/world/dimensions/wraithon/sanctum_of_the_wraithon/region/r.7.4.mca 
[30Aug2026 18:40:08.636] [Server thread/INFO] [org.merlin204.wraithon.util.DimensionResourceCopier/]: 御剑凌虚： 从 wraithon/sanctum_of_the_wraithon/region/r.7.3.mca 复制到 /workspaces/RETRIEVAL-WATERCLIP/servidor_minecraft/world/dimensions/wraithon/sanctum_of_the_wraithon/region/r.7.3.mca 
[30Aug2026 18:40:08.637] [Server thread/INFO] [org.merlin204.wraithon.util.DimensionResourceCopier/]: 御剑凌虚： 从 wraithon/sanctum_of_the_wraithon/region/r.7.2.mca 复制到 /workspaces/RETRIEVAL-WATERCLIP/servidor_minecraft/world/dimensions/wraithon/sanctum_of_the_wraithon/region/r.7.2.mca 
[30Aug2026 18:40:08.638] [Server thread/INFO] [org.merlin204.wraithon.util.DimensionResourceCopier/]: 御剑凌虚： 从 wraithon/sanctum_of_the_wraithon/region/r.7.1.mca 复制到 /workspaces/RETRIEVAL-WATERCLIP/servidor_minecraft/world/dimensions/wraithon/sanctum_of_the_wraithon/region/r.7.1.mca 
[30Aug2026 18:40:08.638] [Server thread/INFO] [org.merlin204.wraithon.util.DimensionResourceCopier/]: 御剑凌虚： 从 wraithon/sanctum_of_the_wraithon/region/r.7.0.mca 复制到 /workspaces/RETRIEVAL-WATERCLIP/servidor_minecraft/world/dimensions/wraithon/sanctum_of_the_wraithon/region/r.7.0.mca 
[30Aug2026 18:40:08.639] [Server thread/INFO] [org.merlin204.wraithon.util.DimensionResourceCopier/]: 御剑凌虚： 从 wraithon/sanctum_of_the_wraithon/region/r.7.-9.mca 复制到 /workspaces/RETRIEVAL-WATERCLIP/servidor_minecraft/world/dimensions/wraithon/sanctum_of_the_wraithon/region/r.7.-9.mca 
[30Aug2026 18:40:08.639] [Server thread/INFO] [org.merlin204.wraithon.util.DimensionResourceCopier/]: 御剑凌虚： 从 wraithon/sanctum_of_the_wraithon/region/r.7.-8.mca 复制到 /workspaces/RETRIEVAL-WATERCLIP/servidor_minecraft/world/dimensions/wraithon/sanctum_of_the_wraithon/region/r.7.-8.mca 
[30Aug2026 18:40:08.640] [Server thread/INFO] [org.merlin204.wraithon.util.DimensionResourceCopier/]: 御剑凌虚： 从 wraithon/sanctum_of_the_wraithon/region/r.7.-7.mca 复制到 /workspaces/RETRIEVAL-WATERCLIP/servidor_minecraft/world/dimensions/wraithon/sanctum_of_the_wraithon/region/r.7.-7.mca 
[30Aug2026 18:40:08.641] [Server thread/INFO] [org.merlin204.wraithon.util.DimensionResourceCopier/]: 御剑凌虚： 从 wraithon/sanctum_of_the_wraithon/region/r.7.-6.mca 复制到 /workspaces/RETRIEVAL-WATERCLIP/servidor_minecraft/world/dimensions/wraithon/sanctum_of_the_wraithon/region/r.7.-6.mca 
[30Aug2026 18:40:08.644] [Server thread/INFO] [org.merlin204.wraithon.util.DimensionResourceCopier/]: 御剑凌虚： 从 wraithon/sanctum_of_the_wraithon/region/r.7.-5.mca 复制到 /workspaces/RETRIEVAL-WATERCLIP/servidor_minecraft/world/dimensions/wraithon/sanctum_of_the_wraithon/region/r.7.-5.mca 
[30Aug2026 18:40:08.644] [Server thread/INFO] [org.merlin204.wraithon.util.DimensionResourceCopier/]: 御剑凌虚： 从 wraithon/sanctum_of_the_wraithon/region/r.7.-4.mca 复制到 /workspaces/RETRIEVAL-WATERCLIP/servidor_minecraft/world/dimensions/wraithon/sanctum_of_the_wraithon/region/r.7.-4.mca 
[30Aug2026 18:40:08.645] [Server thread/INFO] [org.merlin204.wraithon.util.DimensionResourceCopier/]: 御剑凌虚： 从 wraithon/sanctum_of_the_wraithon/region/r.7.-3.mca 复制到 /workspaces/RETRIEVAL-WATERCLIP/servidor_minecraft/world/dimensions/wraithon/sanctum_of_the_wraithon/region/r.7.-3.mca 
[30Aug2026 18:40:08.646] [Server thread/INFO] [org.merlin204.wraithon.util.DimensionResourceCopier/]: 御剑凌虚： 从 wraithon/sanctum_of_the_wraithon/region/r.7.-2.mca 复制到 /workspaces/RETRIEVAL-WATERCLIP/servidor_minecraft/world/dimensions/wraithon/sanctum_of_the_wraithon/region/r.7.-2.mca 
[30Aug2026 18:40:08.647] [Server thread/INFO] [org.merlin204.wraithon.util.DimensionResourceCopier/]: 御剑凌虚： 从 wraithon/sanctum_of_the_wraithon/region/r.7.-1.mca 复制到 /workspaces/RETRIEVAL-WATERCLIP/servidor_minecraft/world/dimensions/wraithon/sanctum_of_the_wraithon/region/r.7.-1.mca 
[30Aug2026 18:40:08.647] [Server thread/INFO] [org.merlin204.wraithon.util.DimensionResourceCopier/]: 御剑凌虚： 从 wraithon/sanctum_of_the_wraithon/region/r.6.9.mca 复制到 /workspaces/RETRIEVAL-WATERCLIP/servidor_minecraft/world/dimensions/wraithon/sanctum_of_the_wraithon/region/r.6.9.mca 
[30Aug2026 18:40:08.648] [Server thread/INFO] [org.merlin204.wraithon.util.DimensionResourceCopier/]: 御剑凌虚： 从 wraithon/sanctum_of_the_wraithon/region/r.6.8.mca 复制到 /workspaces/RETRIEVAL-WATERCLIP/servidor_minecraft/world/dimensions/wraithon/sanctum_of_the_wraithon/region/r.6.8.mca 
[30Aug2026 18:40:08.648] [Server thread/INFO] [org.merlin204.wraithon.util.DimensionResourceCopier/]: 御剑凌虚： 从 wraithon/sanctum_of_the_wraithon/region/r.6.7.mca 复制到 /workspaces/RETRIEVAL-WATERCLIP/servidor_minecraft/world/dimensions/wraithon/sanctum_of_the_wraithon/region/r.6.7.mca 
[30Aug2026 18:40:08.649] [Server thread/INFO] [org.merlin204.wraithon.util.DimensionResourceCopier/]: 御剑凌虚： 从 wraithon/sanctum_of_the_wraithon/region/r.6.6.mca 复制到 /workspaces/RETRIEVAL-WATERCLIP/servidor_minecraft/world/dimensions/wraithon/sanctum_of_the_wraithon/region/r.6.6.mca 
[30Aug2026 18:40:08.649] [Server thread/INFO] [org.merlin204.wraithon.util.DimensionResourceCopier/]: 御剑凌虚： 从 wraithon/sanctum_of_the_wraithon/region/r.6.5.mca 复制到 /workspaces/RETRIEVAL-WATERCLIP/servidor_minecraft/world/dimensions/wraithon/sanctum_of_the_wraithon/region/r.6.5.mca 
[30Aug2026 18:40:08.651] [Server thread/INFO] [org.merlin204.wraithon.util.DimensionResourceCopier/]: 御剑凌虚： 从 wraithon/sanctum_of_the_wraithon/region/r.6.4.mca 复制到 /workspaces/RETRIEVAL-WATERCLIP/servidor_minecraft/world/dimensions/wraithon/sanctum_of_the_wraithon/region/r.6.4.mca 
[30Aug2026 18:40:08.652] [Server thread/INFO] [org.merlin204.wraithon.util.DimensionResourceCopier/]: 御剑凌虚： 从 wraithon/sanctum_of_the_wraithon/region/r.6.3.mca 复制到 /workspaces/RETRIEVAL-WATERCLIP/servidor_minecraft/world/dimensions/wraithon/sanctum_of_the_wraithon/region/r.6.3.mca 
[30Aug2026 18:40:08.652] [Server thread/INFO] [org.merlin204.wraithon.util.DimensionResourceCopier/]: 御剑凌虚： 从 wraithon/sanctum_of_the_wraithon/region/r.6.2.mca 复制到 /workspaces/RETRIEVAL-WATERCLIP/servidor_minecraft/world/dimensions/wraithon/sanctum_of_the_wraithon/region/r.6.2.mca 
[30Aug2026 18:40:08.652] [Server thread/INFO] [org.merlin204.wraithon.util.DimensionResourceCopier/]: 御剑凌虚： 从 wraithon/sanctum_of_the_wraithon/region/r.6.1.mca 复制到 /workspaces/RETRIEVAL-WATERCLIP/servidor_minecraft/world/dimensions/wraithon/sanctum_of_the_wraithon/region/r.6.1.mca 
[30Aug2026 18:40:08.653] [Server thread/INFO] [org.merlin204.wraithon.util.DimensionResourceCopier/]: 御剑凌虚： 从 wraithon/sanctum_of_the_wraithon/region/r.6.0.mca 复制到 /workspaces/RETRIEVAL-WATERCLIP/servidor_minecraft/world/dimensions/wraithon/sanctum_of_the_wraithon/region/r.6.0.mca 
[30Aug2026 18:40:08.654] [Server thread/INFO] [org.merlin204.wraithon.util.DimensionResourceCopier/]: 御剑凌虚： 从 wraithon/sanctum_of_the_wraithon/region/r.6.-9.mca 复制到 /workspaces/RETRIEVAL-WATERCLIP/servidor_minecraft/world/dimensions/wraithon/sanctum_of_the_wraithon/region/r.6.-9.mca 
[30Aug2026 18:40:08.655] [Server thread/INFO] [org.merlin204.wraithon.util.DimensionResourceCopier/]: 御剑凌虚： 从 wraithon/sanctum_of_the_wraithon/region/r.6.-8.mca 复制到 /workspaces/RETRIEVAL-WATERCLIP/servidor_minecraft/world/dimensions/wraithon/sanctum_of_the_wraithon/region/r.6.-8.mca 
[30Aug2026 18:40:08.655] [Server thread/INFO] [org.merlin204.wraithon.util.DimensionResourceCopier/]: 御剑凌虚： 从 wraithon/sanctum_of_the_wraithon/region/r.6.-7.mca 复制到 /workspaces/RETRIEVAL-WATERCLIP/servidor_minecraft/world/dimensions/wraithon/sanctum_of_the_wraithon/region/r.6.-7.mca 
[30Aug2026 18:40:08.656] [Server thread/INFO] [org.merlin204.wraithon.util.DimensionResourceCopier/]: 御剑凌虚： 从 wraithon/sanctum_of_the_wraithon/region/r.6.-6.mca 复制到 /workspaces/RETRIEVAL-WATERCLIP/servidor_minecraft/world/dimensions/wraithon/sanctum_of_the_wraithon/region/r.6.-6.mca 
[30Aug2026 18:40:08.656] [Server thread/INFO] [org.merlin204.wraithon.util.DimensionResourceCopier/]: 御剑凌虚： 从 wraithon/sanctum_of_the_wraithon/region/r.6.-5.mca 复制到 /workspaces/RETRIEVAL-WATERCLIP/servidor_minecraft/world/dimensions/wraithon/sanctum_of_the_wraithon/region/r.6.-5.mca 
[30Aug2026 18:40:08.656] [Server thread/INFO] [org.merlin204.wraithon.util.DimensionResourceCopier/]: 御剑凌虚： 从 wraithon/sanctum_of_the_wraithon/region/r.6.-4.mca 复制到 /workspaces/RETRIEVAL-WATERCLIP/servidor_minecraft/world/dimensions/wraithon/sanctum_of_the_wraithon/region/r.6.-4.mca 
[30Aug2026 18:40:08.658] [Server thread/INFO] [org.merlin204.wraithon.util.DimensionResourceCopier/]: 御剑凌虚： 从 wraithon/sanctum_of_the_wraithon/region/r.6.-3.mca 复制到 /workspaces/RETRIEVAL-WATERCLIP/servidor_minecraft/world/dimensions/wraithon/sanctum_of_the_wraithon/region/r.6.-3.mca 
[30Aug2026 18:40:08.658] [Server thread/INFO] [org.merlin204.wraithon.util.DimensionResourceCopier/]: 御剑凌虚： 从 wraithon/sanctum_of_the_wraithon/region/r.6.-2.mca 复制到 /workspaces/RETRIEVAL-WATERCLIP/servidor_minecraft/world/dimensions/wraithon/sanctum_of_the_wraithon/region/r.6.-2.mca 
[30Aug2026 18:40:08.659] [Server thread/INFO] [org.merlin204.wraithon.util.DimensionResourceCopier/]: 御剑凌虚： 从 wraithon/sanctum_of_the_wraithon/region/r.6.-1.mca 复制到 /workspaces/RETRIEVAL-WATERCLIP/servidor_minecraft/world/dimensions/wraithon/sanctum_of_the_wraithon/region/r.6.-1.mca 
[30Aug2026 18:40:08.659] [Server thread/INFO] [org.merlin204.wraithon.util.DimensionResourceCopier/]: 御剑凌虚： 从 wraithon/sanctum_of_the_wraithon/region/r.5.9.mca 复制到 /workspaces/RETRIEVAL-WATERCLIP/servidor_minecraft/world/dimensions/wraithon/sanctum_of_the_wraithon/region/r.5.9.mca 
[30Aug2026 18:40:08.660] [Server thread/INFO] [org.merlin204.wraithon.util.DimensionResourceCopier/]: 御剑凌虚： 从 wraithon/sanctum_of_the_wraithon/region/r.5.8.mca 复制到 /workspaces/RETRIEVAL-WATERCLIP/servidor_minecraft/world/dimensions/wraithon/sanctum_of_the_wraithon/region/r.5.8.mca 
[30Aug2026 18:40:08.662] [Server thread/INFO] [org.merlin204.wraithon.util.DimensionResourceCopier/]: 御剑凌虚： 从 wraithon/sanctum_of_the_wraithon/region/r.5.7.mca 复制到 /workspaces/RETRIEVAL-WATERCLIP/servidor_minecraft/world/dimensions/wraithon/sanctum_of_the_wraithon/region/r.5.7.mca 
[30Aug2026 18:40:08.662] [Server thread/INFO] [org.merlin204.wraithon.util.DimensionResourceCopier/]: 御剑凌虚： 从 wraithon/sanctum_of_the_wraithon/region/r.5.6.mca 复制到 /workspaces/RETRIEVAL-WATERCLIP/servidor_minecraft/world/dimensions/wraithon/sanctum_of_the_wraithon/region/r.5.6.mca 
[30Aug2026 18:40:08.663] [Server thread/INFO] [org.merlin204.wraithon.util.DimensionResourceCopier/]: 御剑凌虚： 从 wraithon/sanctum_of_the_wraithon/region/r.5.5.mca 复制到 /workspaces/RETRIEVAL-WATERCLIP/servidor_minecraft/world/dimensions/wraithon/sanctum_of_the_wraithon/region/r.5.5.mca 
[30Aug2026 18:40:08.664] [Server thread/INFO] [org.merlin204.wraithon.util.DimensionResourceCopier/]: 御剑凌虚： 从 wraithon/sanctum_of_the_wraithon/region/r.5.4.mca 复制到 /workspaces/RETRIEVAL-WATERCLIP/servidor_minecraft/world/dimensions/wraithon/sanctum_of_the_wraithon/region/r.5.4.mca 
[30Aug2026 18:40:08.665] [Server thread/INFO] [org.merlin204.wraithon.util.DimensionResourceCopier/]: 御剑凌虚： 从 wraithon/sanctum_of_the_wraithon/region/r.5.3.mca 复制到 /workspaces/RETRIEVAL-WATERCLIP/servidor_minecraft/world/dimensions/wraithon/sanctum_of_the_wraithon/region/r.5.3.mca 
[30Aug2026 18:40:08.668] [Server thread/INFO] [org.merlin204.wraithon.util.DimensionResourceCopier/]: 御剑凌虚： 从 wraithon/sanctum_of_the_wraithon/region/r.5.2.mca 复制到 /workspaces/RETRIEVAL-WATERCLIP/servidor_minecraft/world/dimensions/wraithon/sanctum_of_the_wraithon/region/r.5.2.mca 
[30Aug2026 18:40:08.668] [Server thread/INFO] [org.merlin204.wraithon.util.DimensionResourceCopier/]: 御剑凌虚： 从 wraithon/sanctum_of_the_wraithon/region/r.5.1.mca 复制到 /workspaces/RETRIEVAL-WATERCLIP/servidor_minecraft/world/dimensions/wraithon/sanctum_of_the_wraithon/region/r.5.1.mca 
[30Aug2026 18:40:08.669] [Server thread/INFO] [org.merlin204.wraithon.util.DimensionResourceCopier/]: 御剑凌虚： 从 wraithon/sanctum_of_the_wraithon/region/r.5.0.mca 复制到 /workspaces/RETRIEVAL-WATERCLIP/servidor_minecraft/world/dimensions/wraithon/sanctum_of_the_wraithon/region/r.5.0.mca 
[30Aug2026 18:40:08.669] [Server thread/INFO] [org.merlin204.wraithon.util.DimensionResourceCopier/]: 御剑凌虚： 从 wraithon/sanctum_of_the_wraithon/region/r.5.-9.mca 复制到 /workspaces/RETRIEVAL-WATERCLIP/servidor_minecraft/world/dimensions/wraithon/sanctum_of_the_wraithon/region/r.5.-9.mca 
[30Aug2026 18:40:08.669] [Server thread/INFO] [org.merlin204.wraithon.util.DimensionResourceCopier/]: 御剑凌虚： 从 wraithon/sanctum_of_the_wraithon/region/r.5.-8.mca 复制到 /workspaces/RETRIEVAL-WATERCLIP/servidor_minecraft/world/dimensions/wraithon/sanctum_of_the_wraithon/region/r.5.-8.mca 
[30Aug2026 18:40:08.671] [Server thread/INFO] [org.merlin204.wraithon.util.DimensionResourceCopier/]: 御剑凌虚： 从 wraithon/sanctum_of_the_wraithon/region/r.5.-7.mca 复制到 /workspaces/RETRIEVAL-WATERCLIP/servidor_minecraft/world/dimensions/wraithon/sanctum_of_the_wraithon/region/r.5.-7.mca 
[30Aug2026 18:40:08.673] [Server thread/INFO] [org.merlin204.wraithon.util.DimensionResourceCopier/]: 御剑凌虚： 从 wraithon/sanctum_of_the_wraithon/region/r.5.-6.mca 复制到 /workspaces/RETRIEVAL-WATERCLIP/servidor_minecraft/world/dimensions/wraithon/sanctum_of_the_wraithon/region/r.5.-6.mca 
[30Aug2026 18:40:08.673] [Server thread/INFO] [org.merlin204.wraithon.util.DimensionResourceCopier/]: 御剑凌虚： 从 wraithon/sanctum_of_the_wraithon/region/r.5.-5.mca 复制到 /workspaces/RETRIEVAL-WATERCLIP/servidor_minecraft/world/dimensions/wraithon/sanctum_of_the_wraithon/region/r.5.-5.mca 
[30Aug2026 18:40:08.674] [Server thread/INFO] [org.merlin204.wraithon.util.DimensionResourceCopier/]: 御剑凌虚： 从 wraithon/sanctum_of_the_wraithon/region/r.5.-4.mca 复制到 /workspaces/RETRIEVAL-WATERCLIP/servidor_minecraft/world/dimensions/wraithon/sanctum_of_the_wraithon/region/r.5.-4.mca 
[30Aug2026 18:40:08.675] [Server thread/INFO] [org.merlin204.wraithon.util.DimensionResourceCopier/]: 御剑凌虚： 从 wraithon/sanctum_of_the_wraithon/region/r.5.-3.mca 复制到 /workspaces/RETRIEVAL-WATERCLIP/servidor_minecraft/world/dimensions/wraithon/sanctum_of_the_wraithon/region/r.5.-3.mca 
[30Aug2026 18:40:08.676] [Server thread/INFO] [org.merlin204.wraithon.util.DimensionResourceCopier/]: 御剑凌虚： 从 wraithon/sanctum_of_the_wraithon/region/r.5.-2.mca 复制到 /workspaces/RETRIEVAL-WATERCLIP/servidor_minecraft/world/dimensions/wraithon/sanctum_of_the_wraithon/region/r.5.-2.mca 
[30Aug2026 18:40:08.676] [Server thread/INFO] [org.merlin204.wraithon.util.DimensionResourceCopier/]: 御剑凌虚： 从 wraithon/sanctum_of_the_wraithon/region/r.5.-1.mca 复制到 /workspaces/RETRIEVAL-WATERCLIP/servidor_minecraft/world/dimensions/wraithon/sanctum_of_the_wraithon/region/r.5.-1.mca 
[30Aug2026 18:40:08.677] [Server thread/INFO] [org.merlin204.wraithon.util.DimensionResourceCopier/]: 御剑凌虚： 从 wraithon/sanctum_of_the_wraithon/region/r.4.9.mca 复制到 /workspaces/RETRIEVAL-WATERCLIP/servidor_minecraft/world/dimensions/wraithon/sanctum_of_the_wraithon/region/r.4.9.mca 
[30Aug2026 18:40:08.677] [Server thread/INFO] [org.merlin204.wraithon.util.DimensionResourceCopier/]: 御剑凌虚： 从 wraithon/sanctum_of_the_wraithon/region/r.4.8.mca 复制到 /workspaces/RETRIEVAL-WATERCLIP/servidor_minecraft/world/dimensions/wraithon/sanctum_of_the_wraithon/region/r.4.8.mca 
[30Aug2026 18:40:08.678] [Server thread/INFO] [org.merlin204.wraithon.util.DimensionResourceCopier/]: 御剑凌虚： 从 wraithon/sanctum_of_the_wraithon/region/r.4.7.mca 复制到 /workspaces/RETRIEVAL-WATERCLIP/servidor_minecraft/world/dimensions/wraithon/sanctum_of_the_wraithon/region/r.4.7.mca 
[30Aug2026 18:40:08.679] [Server thread/INFO] [org.merlin204.wraithon.util.DimensionResourceCopier/]: 御剑凌虚： 从 wraithon/sanctum_of_the_wraithon/region/r.4.6.mca 复制到 /workspaces/RETRIEVAL-WATERCLIP/servidor_minecraft/world/dimensions/wraithon/sanctum_of_the_wraithon/region/r.4.6.mca 
[30Aug2026 18:40:08.681] [Server thread/INFO] [org.merlin204.wraithon.util.DimensionResourceCopier/]: 御剑凌虚： 从 wraithon/sanctum_of_the_wraithon/region/r.4.5.mca 复制到 /workspaces/RETRIEVAL-WATERCLIP/servidor_minecraft/world/dimensions/wraithon/sanctum_of_the_wraithon/region/r.4.5.mca 
[30Aug2026 18:40:08.682] [Server thread/INFO] [org.merlin204.wraithon.util.DimensionResourceCopier/]: 御剑凌虚： 从 wraithon/sanctum_of_the_wraithon/region/r.4.4.mca 复制到 /workspaces/RETRIEVAL-WATERCLIP/servidor_minecraft/world/dimensions/wraithon/sanctum_of_the_wraithon/region/r.4.4.mca 
[30Aug2026 18:40:08.682] [Server thread/INFO] [org.merlin204.wraithon.util.DimensionResourceCopier/]: 御剑凌虚： 从 wraithon/sanctum_of_the_wraithon/region/r.4.3.mca 复制到 /workspaces/RETRIEVAL-WATERCLIP/servidor_minecraft/world/dimensions/wraithon/sanctum_of_the_wraithon/region/r.4.3.mca 
[30Aug2026 18:40:08.682] [Server thread/INFO] [org.merlin204.wraithon.util.DimensionResourceCopier/]: 御剑凌虚： 从 wraithon/sanctum_of_the_wraithon/region/r.4.2.mca 复制到 /workspaces/RETRIEVAL-WATERCLIP/servidor_minecraft/world/dimensions/wraithon/sanctum_of_the_wraithon/region/r.4.2.mca 
[30Aug2026 18:40:08.684] [Server thread/INFO] [org.merlin204.wraithon.util.DimensionResourceCopier/]: 御剑凌虚： 从 wraithon/sanctum_of_the_wraithon/region/r.4.1.mca 复制到 /workspaces/RETRIEVAL-WATERCLIP/servidor_minecraft/world/dimensions/wraithon/sanctum_of_the_wraithon/region/r.4.1.mca 
[30Aug2026 18:40:08.685] [Server thread/INFO] [org.merlin204.wraithon.util.DimensionResourceCopier/]: 御剑凌虚： 从 wraithon/sanctum_of_the_wraithon/region/r.4.0.mca 复制到 /workspaces/RETRIEVAL-WATERCLIP/servidor_minecraft/world/dimensions/wraithon/sanctum_of_the_wraithon/region/r.4.0.mca 
[30Aug2026 18:40:08.686] [Server thread/INFO] [org.merlin204.wraithon.util.DimensionResourceCopier/]: 御剑凌虚： 从 wraithon/sanctum_of_the_wraithon/region/r.4.-9.mca 复制到 /workspaces/RETRIEVAL-WATERCLIP/servidor_minecraft/world/dimensions/wraithon/sanctum_of_the_wraithon/region/r.4.-9.mca 
[30Aug2026 18:40:08.689] [Server thread/INFO] [org.merlin204.wraithon.util.DimensionResourceCopier/]: 御剑凌虚： 从 wraithon/sanctum_of_the_wraithon/region/r.4.-8.mca 复制到 /workspaces/RETRIEVAL-WATERCLIP/servidor_minecraft/world/dimensions/wraithon/sanctum_of_the_wraithon/region/r.4.-8.mca 
[30Aug2026 18:40:08.689] [Server thread/INFO] [org.merlin204.wraithon.util.DimensionResourceCopier/]: 御剑凌虚： 从 wraithon/sanctum_of_the_wraithon/region/r.4.-7.mca 复制到 /workspaces/RETRIEVAL-WATERCLIP/servidor_minecraft/world/dimensions/wraithon/sanctum_of_the_wraithon/region/r.4.-7.mca 
[30Aug2026 18:40:08.690] [Server thread/INFO] [org.merlin204.wraithon.util.DimensionResourceCopier/]: 御剑凌虚： 从 wraithon/sanctum_of_the_wraithon/region/r.4.-6.mca 复制到 /workspaces/RETRIEVAL-WATERCLIP/servidor_minecraft/world/dimensions/wraithon/sanctum_of_the_wraithon/region/r.4.-6.mca 
[30Aug2026 18:40:08.690] [Server thread/INFO] [org.merlin204.wraithon.util.DimensionResourceCopier/]: 御剑凌虚： 从 wraithon/sanctum_of_the_wraithon/region/r.4.-5.mca 复制到 /workspaces/RETRIEVAL-WATERCLIP/servidor_minecraft/world/dimensions/wraithon/sanctum_of_the_wraithon/region/r.4.-5.mca 
[30Aug2026 18:40:08.692] [Server thread/INFO] [org.merlin204.wraithon.util.DimensionResourceCopier/]: 御剑凌虚： 从 wraithon/sanctum_of_the_wraithon/region/r.4.-4.mca 复制到 /workspaces/RETRIEVAL-WATERCLIP/servidor_minecraft/world/dimensions/wraithon/sanctum_of_the_wraithon/region/r.4.-4.mca 
[30Aug2026 18:40:08.692] [Server thread/INFO] [org.merlin204.wraithon.util.DimensionResourceCopier/]: 御剑凌虚： 从 wraithon/sanctum_of_the_wraithon/region/r.4.-3.mca 复制到 /workspaces/RETRIEVAL-WATERCLIP/servidor_minecraft/world/dimensions/wraithon/sanctum_of_the_wraithon/region/r.4.-3.mca 
[30Aug2026 18:40:08.693] [Server thread/INFO] [org.merlin204.wraithon.util.DimensionResourceCopier/]: 御剑凌虚： 从 wraithon/sanctum_of_the_wraithon/region/r.4.-2.mca 复制到 /workspaces/RETRIEVAL-WATERCLIP/servidor_minecraft/world/dimensions/wraithon/sanctum_of_the_wraithon/region/r.4.-2.mca 
[30Aug2026 18:40:08.693] [Server thread/INFO] [org.merlin204.wraithon.util.DimensionResourceCopier/]: 御剑凌虚： 从 wraithon/sanctum_of_the_wraithon/region/r.4.-1.mca 复制到 /workspaces/RETRIEVAL-WATERCLIP/servidor_minecraft/world/dimensions/wraithon/sanctum_of_the_wraithon/region/r.4.-1.mca 
[30Aug2026 18:40:08.695] [Server thread/INFO] [org.merlin204.wraithon.util.DimensionResourceCopier/]: 御剑凌虚： 从 wraithon/sanctum_of_the_wraithon/region/r.3.9.mca 复制到 /workspaces/RETRIEVAL-WATERCLIP/servidor_minecraft/world/dimensions/wraithon/sanctum_of_the_wraithon/region/r.3.9.mca 
[30Aug2026 18:40:08.696] [Server thread/INFO] [org.merlin204.wraithon.util.DimensionResourceCopier/]: 御剑凌虚： 从 wraithon/sanctum_of_the_wraithon/region/r.3.8.mca 复制到 /workspaces/RETRIEVAL-WATERCLIP/servidor_minecraft/world/dimensions/wraithon/sanctum_of_the_wraithon/region/r.3.8.mca 
[30Aug2026 18:40:08.696] [Server thread/INFO] [org.merlin204.wraithon.util.DimensionResourceCopier/]: 御剑凌虚： 从 wraithon/sanctum_of_the_wraithon/region/r.3.7.mca 复制到 /workspaces/RETRIEVAL-WATERCLIP/servidor_minecraft/world/dimensions/wraithon/sanctum_of_the_wraithon/region/r.3.7.mca 
[30Aug2026 18:40:08.699] [Server thread/INFO] [org.merlin204.wraithon.util.DimensionResourceCopier/]: 御剑凌虚： 从 wraithon/sanctum_of_the_wraithon/region/r.3.6.mca 复制到 /workspaces/RETRIEVAL-WATERCLIP/servidor_minecraft/world/dimensions/wraithon/sanctum_of_the_wraithon/region/r.3.6.mca 
[30Aug2026 18:40:08.699] [Server thread/INFO] [org.merlin204.wraithon.util.DimensionResourceCopier/]: 御剑凌虚： 从 wraithon/sanctum_of_the_wraithon/region/r.3.5.mca 复制到 /workspaces/RETRIEVAL-WATERCLIP/servidor_minecraft/world/dimensions/wraithon/sanctum_of_the_wraithon/region/r.3.5.mca 
[30Aug2026 18:40:08.699] [Server thread/INFO] [org.merlin204.wraithon.util.DimensionResourceCopier/]: 御剑凌虚： 从 wraithon/sanctum_of_the_wraithon/region/r.3.4.mca 复制到 /workspaces/RETRIEVAL-WATERCLIP/servidor_minecraft/world/dimensions/wraithon/sanctum_of_the_wraithon/region/r.3.4.mca 
[30Aug2026 18:40:08.700] [Server thread/INFO] [org.merlin204.wraithon.util.DimensionResourceCopier/]: 御剑凌虚： 从 wraithon/sanctum_of_the_wraithon/region/r.3.3.mca 复制到 /workspaces/RETRIEVAL-WATERCLIP/servidor_minecraft/world/dimensions/wraithon/sanctum_of_the_wraithon/region/r.3.3.mca 
[30Aug2026 18:40:08.701] [Server thread/INFO] [org.merlin204.wraithon.util.DimensionResourceCopier/]: 御剑凌虚： 从 wraithon/sanctum_of_the_wraithon/region/r.3.2.mca 复制到 /workspaces/RETRIEVAL-WATERCLIP/servidor_minecraft/world/dimensions/wraithon/sanctum_of_the_wraithon/region/r.3.2.mca 
[30Aug2026 18:40:08.702] [Server thread/INFO] [org.merlin204.wraithon.util.DimensionResourceCopier/]: 御剑凌虚： 从 wraithon/sanctum_of_the_wraithon/region/r.3.1.mca 复制到 /workspaces/RETRIEVAL-WATERCLIP/servidor_minecraft/world/dimensions/wraithon/sanctum_of_the_wraithon/region/r.3.1.mca 
[30Aug2026 18:40:08.702] [Server thread/INFO] [org.merlin204.wraithon.util.DimensionResourceCopier/]: 御剑凌虚： 从 wraithon/sanctum_of_the_wraithon/region/r.3.0.mca 复制到 /workspaces/RETRIEVAL-WATERCLIP/servidor_minecraft/world/dimensions/wraithon/sanctum_of_the_wraithon/region/r.3.0.mca 
[30Aug2026 18:40:08.704] [Server thread/INFO] [org.merlin204.wraithon.util.DimensionResourceCopier/]: 御剑凌虚： 从 wraithon/sanctum_of_the_wraithon/region/r.3.-9.mca 复制到 /workspaces/RETRIEVAL-WATERCLIP/servidor_minecraft/world/dimensions/wraithon/sanctum_of_the_wraithon/region/r.3.-9.mca 
[30Aug2026 18:40:08.705] [Server thread/INFO] [org.merlin204.wraithon.util.DimensionResourceCopier/]: 御剑凌虚： 从 wraithon/sanctum_of_the_wraithon/region/r.3.-8.mca 复制到 /workspaces/RETRIEVAL-WATERCLIP/servidor_minecraft/world/dimensions/wraithon/sanctum_of_the_wraithon/region/r.3.-8.mca 
[30Aug2026 18:40:08.705] [Server thread/INFO] [org.merlin204.wraithon.util.DimensionResourceCopier/]: 御剑凌虚： 从 wraithon/sanctum_of_the_wraithon/region/r.3.-7.mca 复制到 /workspaces/RETRIEVAL-WATERCLIP/servidor_minecraft/world/dimensions/wraithon/sanctum_of_the_wraithon/region/r.3.-7.mca 
[30Aug2026 18:40:08.706] [Server thread/INFO] [org.merlin204.wraithon.util.DimensionResourceCopier/]: 御剑凌虚： 从 wraithon/sanctum_of_the_wraithon/region/r.3.-6.mca 复制到 /workspaces/RETRIEVAL-WATERCLIP/servidor_minecraft/world/dimensions/wraithon/sanctum_of_the_wraithon/region/r.3.-6.mca 
[30Aug2026 18:40:08.706] [Server thread/INFO] [org.merlin204.wraithon.util.DimensionResourceCopier/]: 御剑凌虚： 从 wraithon/sanctum_of_the_wraithon/region/r.3.-5.mca 复制到 /workspaces/RETRIEVAL-WATERCLIP/servidor_minecraft/world/dimensions/wraithon/sanctum_of_the_wraithon/region/r.3.-5.mca 
[30Aug2026 18:40:08.708] [Server thread/INFO] [org.merlin204.wraithon.util.DimensionResourceCopier/]: 御剑凌虚： 从 wraithon/sanctum_of_the_wraithon/region/r.3.-4.mca 复制到 /workspaces/RETRIEVAL-WATERCLIP/servidor_minecraft/world/dimensions/wraithon/sanctum_of_the_wraithon/region/r.3.-4.mca 
[30Aug2026 18:40:08.709] [Server thread/INFO] [org.merlin204.wraithon.util.DimensionResourceCopier/]: 御剑凌虚： 从 wraithon/sanctum_of_the_wraithon/region/r.3.-3.mca 复制到 /workspaces/RETRIEVAL-WATERCLIP/servidor_minecraft/world/dimensions/wraithon/sanctum_of_the_wraithon/region/r.3.-3.mca 
[30Aug2026 18:40:08.710] [Server thread/INFO] [org.merlin204.wraithon.util.DimensionResourceCopier/]: 御剑凌虚： 从 wraithon/sanctum_of_the_wraithon/region/r.3.-2.mca 复制到 /workspaces/RETRIEVAL-WATERCLIP/servidor_minecraft/world/dimensions/wraithon/sanctum_of_the_wraithon/region/r.3.-2.mca 
[30Aug2026 18:40:08.710] [Server thread/INFO] [org.merlin204.wraithon.util.DimensionResourceCopier/]: 御剑凌虚： 从 wraithon/sanctum_of_the_wraithon/region/r.3.-1.mca 复制到 /workspaces/RETRIEVAL-WATERCLIP/servidor_minecraft/world/dimensions/wraithon/sanctum_of_the_wraithon/region/r.3.-1.mca 
[30Aug2026 18:40:08.711] [Server thread/INFO] [org.merlin204.wraithon.util.DimensionResourceCopier/]: 御剑凌虚： 从 wraithon/sanctum_of_the_wraithon/region/r.2.9.mca 复制到 /workspaces/RETRIEVAL-WATERCLIP/servidor_minecraft/world/dimensions/wraithon/sanctum_of_the_wraithon/region/r.2.9.mca 
[30Aug2026 18:40:08.711] [Server thread/INFO] [org.merlin204.wraithon.util.DimensionResourceCopier/]: 御剑凌虚： 从 wraithon/sanctum_of_the_wraithon/region/r.2.8.mca 复制到 /workspaces/RETRIEVAL-WATERCLIP/servidor_minecraft/world/dimensions/wraithon/sanctum_of_the_wraithon/region/r.2.8.mca 
[30Aug2026 18:40:08.713] [Server thread/INFO] [org.merlin204.wraithon.util.DimensionResourceCopier/]: 御剑凌虚： 从 wraithon/sanctum_of_the_wraithon/region/r.2.7.mca 复制到 /workspaces/RETRIEVAL-WATERCLIP/servidor_minecraft/world/dimensions/wraithon/sanctum_of_the_wraithon/region/r.2.7.mca 
[30Aug2026 18:40:08.714] [Server thread/INFO] [org.merlin204.wraithon.util.DimensionResourceCopier/]: 御剑凌虚： 从 wraithon/sanctum_of_the_wraithon/region/r.2.6.mca 复制到 /workspaces/RETRIEVAL-WATERCLIP/servidor_minecraft/world/dimensions/wraithon/sanctum_of_the_wraithon/region/r.2.6.mca 
[30Aug2026 18:40:08.715] [Server thread/INFO] [org.merlin204.wraithon.util.DimensionResourceCopier/]: 御剑凌虚： 从 wraithon/sanctum_of_the_wraithon/region/r.2.5.mca 复制到 /workspaces/RETRIEVAL-WATERCLIP/servidor_minecraft/world/dimensions/wraithon/sanctum_of_the_wraithon/region/r.2.5.mca 
[30Aug2026 18:40:08.715] [Server thread/INFO] [org.merlin204.wraithon.util.DimensionResourceCopier/]: 御剑凌虚： 从 wraithon/sanctum_of_the_wraithon/region/r.2.4.mca 复制到 /workspaces/RETRIEVAL-WATERCLIP/servidor_minecraft/world/dimensions/wraithon/sanctum_of_the_wraithon/region/r.2.4.mca 
[30Aug2026 18:40:08.716] [Server thread/INFO] [org.merlin204.wraithon.util.DimensionResourceCopier/]: 御剑凌虚： 从 wraithon/sanctum_of_the_wraithon/region/r.2.3.mca 复制到 /workspaces/RETRIEVAL-WATERCLIP/servidor_minecraft/world/dimensions/wraithon/sanctum_of_the_wraithon/region/r.2.3.mca 
[30Aug2026 18:40:08.717] [Server thread/INFO] [org.merlin204.wraithon.util.DimensionResourceCopier/]: 御剑凌虚： 从 wraithon/sanctum_of_the_wraithon/region/r.2.2.mca 复制到 /workspaces/RETRIEVAL-WATERCLIP/servidor_minecraft/world/dimensions/wraithon/sanctum_of_the_wraithon/region/r.2.2.mca 
[30Aug2026 18:40:08.721] [Server thread/INFO] [org.merlin204.wraithon.util.DimensionResourceCopier/]: 御剑凌虚： 从 wraithon/sanctum_of_the_wraithon/region/r.2.1.mca 复制到 /workspaces/RETRIEVAL-WATERCLIP/servidor_minecraft/world/dimensions/wraithon/sanctum_of_the_wraithon/region/r.2.1.mca 
[30Aug2026 18:40:08.734] [Server thread/INFO] [org.merlin204.wraithon.util.DimensionResourceCopier/]: 御剑凌虚： 从 wraithon/sanctum_of_the_wraithon/region/r.2.0.mca 复制到 /workspaces/RETRIEVAL-WATERCLIP/servidor_minecraft/world/dimensions/wraithon/sanctum_of_the_wraithon/region/r.2.0.mca 
[30Aug2026 18:40:08.735] [Server thread/INFO] [org.merlin204.wraithon.util.DimensionResourceCopier/]: 御剑凌虚： 从 wraithon/sanctum_of_the_wraithon/region/r.2.-9.mca 复制到 /workspaces/RETRIEVAL-WATERCLIP/servidor_minecraft/world/dimensions/wraithon/sanctum_of_the_wraithon/region/r.2.-9.mca 
[30Aug2026 18:40:08.736] [Server thread/INFO] [org.merlin204.wraithon.util.DimensionResourceCopier/]: 御剑凌虚： 从 wraithon/sanctum_of_the_wraithon/region/r.2.-8.mca 复制到 /workspaces/RETRIEVAL-WATERCLIP/servidor_minecraft/world/dimensions/wraithon/sanctum_of_the_wraithon/region/r.2.-8.mca 
[30Aug2026 18:40:08.736] [Server thread/INFO] [org.merlin204.wraithon.util.DimensionResourceCopier/]: 御剑凌虚： 从 wraithon/sanctum_of_the_wraithon/region/r.2.-7.mca 复制到 /workspaces/RETRIEVAL-WATERCLIP/servidor_minecraft/world/dimensions/wraithon/sanctum_of_the_wraithon/region/r.2.-7.mca 
[30Aug2026 18:40:08.737] [Server thread/INFO] [org.merlin204.wraithon.util.DimensionResourceCopier/]: 御剑凌虚： 从 wraithon/sanctum_of_the_wraithon/region/r.2.-6.mca 复制到 /workspaces/RETRIEVAL-WATERCLIP/servidor_minecraft/world/dimensions/wraithon/sanctum_of_the_wraithon/region/r.2.-6.mca 
[30Aug2026 18:40:08.738] [Server thread/INFO] [org.merlin204.wraithon.util.DimensionResourceCopier/]: 御剑凌虚： 从 wraithon/sanctum_of_the_wraithon/region/r.2.-5.mca 复制到 /workspaces/RETRIEVAL-WATERCLIP/servidor_minecraft/world/dimensions/wraithon/sanctum_of_the_wraithon/region/r.2.-5.mca 
[30Aug2026 18:40:08.738] [Server thread/INFO] [org.merlin204.wraithon.util.DimensionResourceCopier/]: 御剑凌虚： 从 wraithon/sanctum_of_the_wraithon/region/r.2.-4.mca 复制到 /workspaces/RETRIEVAL-WATERCLIP/servidor_minecraft/world/dimensions/wraithon/sanctum_of_the_wraithon/region/r.2.-4.mca 
[30Aug2026 18:40:08.739] [Server thread/INFO] [org.merlin204.wraithon.util.DimensionResourceCopier/]: 御剑凌虚： 从 wraithon/sanctum_of_the_wraithon/region/r.2.-3.mca 复制到 /workspaces/RETRIEVAL-WATERCLIP/servidor_minecraft/world/dimensions/wraithon/sanctum_of_the_wraithon/region/r.2.-3.mca 
[30Aug2026 18:40:08.743] [Server thread/INFO] [org.merlin204.wraithon.util.DimensionResourceCopier/]: 御剑凌虚： 从 wraithon/sanctum_of_the_wraithon/region/r.2.-2.mca 复制到 /workspaces/RETRIEVAL-WATERCLIP/servidor_minecraft/world/dimensions/wraithon/sanctum_of_the_wraithon/region/r.2.-2.mca 
[30Aug2026 18:40:08.746] [Server thread/INFO] [org.merlin204.wraithon.util.DimensionResourceCopier/]: 御剑凌虚： 从 wraithon/sanctum_of_the_wraithon/region/r.2.-1.mca 复制到 /workspaces/RETRIEVAL-WATERCLIP/servidor_minecraft/world/dimensions/wraithon/sanctum_of_the_wraithon/region/r.2.-1.mca 
[30Aug2026 18:40:08.747] [Server thread/INFO] [org.merlin204.wraithon.util.DimensionResourceCopier/]: 御剑凌虚： 从 wraithon/sanctum_of_the_wraithon/region/r.1.9.mca 复制到 /workspaces/RETRIEVAL-WATERCLIP/servidor_minecraft/world/dimensions/wraithon/sanctum_of_the_wraithon/region/r.1.9.mca 
[30Aug2026 18:40:08.747] [Server thread/INFO] [org.merlin204.wraithon.util.DimensionResourceCopier/]: 御剑凌虚： 从 wraithon/sanctum_of_the_wraithon/region/r.1.8.mca 复制到 /workspaces/RETRIEVAL-WATERCLIP/servidor_minecraft/world/dimensions/wraithon/sanctum_of_the_wraithon/region/r.1.8.mca 
[30Aug2026 18:40:08.747] [Server thread/INFO] [org.merlin204.wraithon.util.DimensionResourceCopier/]: 御剑凌虚： 从 wraithon/sanctum_of_the_wraithon/region/r.1.7.mca 复制到 /workspaces/RETRIEVAL-WATERCLIP/servidor_minecraft/world/dimensions/wraithon/sanctum_of_the_wraithon/region/r.1.7.mca 
[30Aug2026 18:40:08.748] [Server thread/INFO] [org.merlin204.wraithon.util.DimensionResourceCopier/]: 御剑凌虚： 从 wraithon/sanctum_of_the_wraithon/region/r.1.6.mca 复制到 /workspaces/RETRIEVAL-WATERCLIP/servidor_minecraft/world/dimensions/wraithon/sanctum_of_the_wraithon/region/r.1.6.mca 
[30Aug2026 18:40:08.748] [Server thread/INFO] [org.merlin204.wraithon.util.DimensionResourceCopier/]: 御剑凌虚： 从 wraithon/sanctum_of_the_wraithon/region/r.1.5.mca 复制到 /workspaces/RETRIEVAL-WATERCLIP/servidor_minecraft/world/dimensions/wraithon/sanctum_of_the_wraithon/region/r.1.5.mca 
[30Aug2026 18:40:08.749] [Server thread/INFO] [org.merlin204.wraithon.util.DimensionResourceCopier/]: 御剑凌虚： 从 wraithon/sanctum_of_the_wraithon/region/r.1.4.mca 复制到 /workspaces/RETRIEVAL-WATERCLIP/servidor_minecraft/world/dimensions/wraithon/sanctum_of_the_wraithon/region/r.1.4.mca 
[30Aug2026 18:40:08.749] [Server thread/INFO] [org.merlin204.wraithon.util.DimensionResourceCopier/]: 御剑凌虚： 从 wraithon/sanctum_of_the_wraithon/region/r.1.3.mca 复制到 /workspaces/RETRIEVAL-WATERCLIP/servidor_minecraft/world/dimensions/wraithon/sanctum_of_the_wraithon/region/r.1.3.mca 
[30Aug2026 18:40:08.750] [Server thread/INFO] [org.merlin204.wraithon.util.DimensionResourceCopier/]: 御剑凌虚： 从 wraithon/sanctum_of_the_wraithon/region/r.1.2.mca 复制到 /workspaces/RETRIEVAL-WATERCLIP/servidor_minecraft/world/dimensions/wraithon/sanctum_of_the_wraithon/region/r.1.2.mca 
[30Aug2026 18:40:08.773] [Server thread/INFO] [org.merlin204.wraithon.util.DimensionResourceCopier/]: 御剑凌虚： 从 wraithon/sanctum_of_the_wraithon/region/r.1.1.mca 复制到 /workspaces/RETRIEVAL-WATERCLIP/servidor_minecraft/world/dimensions/wraithon/sanctum_of_the_wraithon/region/r.1.1.mca 
[30Aug2026 18:40:08.819] [Server thread/INFO] [org.merlin204.wraithon.util.DimensionResourceCopier/]: 御剑凌虚： 从 wraithon/sanctum_of_the_wraithon/region/r.1.0.mca 复制到 /workspaces/RETRIEVAL-WATERCLIP/servidor_minecraft/world/dimensions/wraithon/sanctum_of_the_wraithon/region/r.1.0.mca 
[30Aug2026 18:40:08.820] [Server thread/INFO] [org.merlin204.wraithon.util.DimensionResourceCopier/]: 御剑凌虚： 从 wraithon/sanctum_of_the_wraithon/region/r.1.-9.mca 复制到 /workspaces/RETRIEVAL-WATERCLIP/servidor_minecraft/world/dimensions/wraithon/sanctum_of_the_wraithon/region/r.1.-9.mca 
[30Aug2026 18:40:08.820] [Server thread/INFO] [org.merlin204.wraithon.util.DimensionResourceCopier/]: 御剑凌虚： 从 wraithon/sanctum_of_the_wraithon/region/r.1.-8.mca 复制到 /workspaces/RETRIEVAL-WATERCLIP/servidor_minecraft/world/dimensions/wraithon/sanctum_of_the_wraithon/region/r.1.-8.mca 
[30Aug2026 18:40:08.821] [Server thread/INFO] [org.merlin204.wraithon.util.DimensionResourceCopier/]: 御剑凌虚： 从 wraithon/sanctum_of_the_wraithon/region/r.1.-7.mca 复制到 /workspaces/RETRIEVAL-WATERCLIP/servidor_minecraft/world/dimensions/wraithon/sanctum_of_the_wraithon/region/r.1.-7.mca 
[30Aug2026 18:40:08.821] [Server thread/INFO] [org.merlin204.wraithon.util.DimensionResourceCopier/]: 御剑凌虚： 从 wraithon/sanctum_of_the_wraithon/region/r.1.-6.mca 复制到 /workspaces/RETRIEVAL-WATERCLIP/servidor_minecraft/world/dimensions/wraithon/sanctum_of_the_wraithon/region/r.1.-6.mca 
[30Aug2026 18:40:08.822] [Server thread/INFO] [org.merlin204.wraithon.util.DimensionResourceCopier/]: 御剑凌虚： 从 wraithon/sanctum_of_the_wraithon/region/r.1.-5.mca 复制到 /workspaces/RETRIEVAL-WATERCLIP/servidor_minecraft/world/dimensions/wraithon/sanctum_of_the_wraithon/region/r.1.-5.mca 
[30Aug2026 18:40:08.822] [Server thread/INFO] [org.merlin204.wraithon.util.DimensionResourceCopier/]: 御剑凌虚： 从 wraithon/sanctum_of_the_wraithon/region/r.1.-4.mca 复制到 /workspaces/RETRIEVAL-WATERCLIP/servidor_minecraft/world/dimensions/wraithon/sanctum_of_the_wraithon/region/r.1.-4.mca 
[30Aug2026 18:40:08.822] [Server thread/INFO] [org.merlin204.wraithon.util.DimensionResourceCopier/]: 御剑凌虚： 从 wraithon/sanctum_of_the_wraithon/region/r.1.-3.mca 复制到 /workspaces/RETRIEVAL-WATERCLIP/servidor_minecraft/world/dimensions/wraithon/sanctum_of_the_wraithon/region/r.1.-3.mca 
[30Aug2026 18:40:08.830] [Server thread/INFO] [org.merlin204.wraithon.util.DimensionResourceCopier/]: 御剑凌虚： 从 wraithon/sanctum_of_the_wraithon/region/r.1.-2.mca 复制到 /workspaces/RETRIEVAL-WATERCLIP/servidor_minecraft/world/dimensions/wraithon/sanctum_of_the_wraithon/region/r.1.-2.mca 
[30Aug2026 18:40:08.885] [Server thread/INFO] [org.merlin204.wraithon.util.DimensionResourceCopier/]: 御剑凌虚： 从 wraithon/sanctum_of_the_wraithon/region/r.1.-1.mca 复制到 /workspaces/RETRIEVAL-WATERCLIP/servidor_minecraft/world/dimensions/wraithon/sanctum_of_the_wraithon/region/r.1.-1.mca 
[30Aug2026 18:40:08.891] [Server thread/INFO] [org.merlin204.wraithon.util.DimensionResourceCopier/]: 御剑凌虚： 从 wraithon/sanctum_of_the_wraithon/region/r.0.9.mca 复制到 /workspaces/RETRIEVAL-WATERCLIP/servidor_minecraft/world/dimensions/wraithon/sanctum_of_the_wraithon/region/r.0.9.mca 
[30Aug2026 18:40:08.892] [Server thread/INFO] [org.merlin204.wraithon.util.DimensionResourceCopier/]: 御剑凌虚： 从 wraithon/sanctum_of_the_wraithon/region/r.0.8.mca 复制到 /workspaces/RETRIEVAL-WATERCLIP/servidor_minecraft/world/dimensions/wraithon/sanctum_of_the_wraithon/region/r.0.8.mca 
[30Aug2026 18:40:08.893] [Server thread/INFO] [org.merlin204.wraithon.util.DimensionResourceCopier/]: 御剑凌虚： 从 wraithon/sanctum_of_the_wraithon/region/r.0.7.mca 复制到 /workspaces/RETRIEVAL-WATERCLIP/servidor_minecraft/world/dimensions/wraithon/sanctum_of_the_wraithon/region/r.0.7.mca 
[30Aug2026 18:40:08.893] [Server thread/INFO] [org.merlin204.wraithon.util.DimensionResourceCopier/]: 御剑凌虚： 从 wraithon/sanctum_of_the_wraithon/region/r.0.6.mca 复制到 /workspaces/RETRIEVAL-WATERCLIP/servidor_minecraft/world/dimensions/wraithon/sanctum_of_the_wraithon/region/r.0.6.mca 
[30Aug2026 18:40:08.894] [Server thread/INFO] [org.merlin204.wraithon.util.DimensionResourceCopier/]: 御剑凌虚： 从 wraithon/sanctum_of_the_wraithon/region/r.0.5.mca 复制到 /workspaces/RETRIEVAL-WATERCLIP/servidor_minecraft/world/dimensions/wraithon/sanctum_of_the_wraithon/region/r.0.5.mca 
[30Aug2026 18:40:08.895] [Server thread/INFO] [org.merlin204.wraithon.util.DimensionResourceCopier/]: 御剑凌虚： 从 wraithon/sanctum_of_the_wraithon/region/r.0.4.mca 复制到 /workspaces/RETRIEVAL-WATERCLIP/servidor_minecraft/world/dimensions/wraithon/sanctum_of_the_wraithon/region/r.0.4.mca 
[30Aug2026 18:40:08.896] [Server thread/INFO] [org.merlin204.wraithon.util.DimensionResourceCopier/]: 御剑凌虚： 从 wraithon/sanctum_of_the_wraithon/region/r.0.3.mca 复制到 /workspaces/RETRIEVAL-WATERCLIP/servidor_minecraft/world/dimensions/wraithon/sanctum_of_the_wraithon/region/r.0.3.mca 
[30Aug2026 18:40:08.909] [Server thread/INFO] [org.merlin204.wraithon.util.DimensionResourceCopier/]: 御剑凌虚： 从 wraithon/sanctum_of_the_wraithon/region/r.0.2.mca 复制到 /workspaces/RETRIEVAL-WATERCLIP/servidor_minecraft/world/dimensions/wraithon/sanctum_of_the_wraithon/region/r.0.2.mca 
[30Aug2026 18:40:08.973] [Server thread/INFO] [org.merlin204.wraithon.util.DimensionResourceCopier/]: 御剑凌虚： 从 wraithon/sanctum_of_the_wraithon/region/r.0.1.mca 复制到 /workspaces/RETRIEVAL-WATERCLIP/servidor_minecraft/world/dimensions/wraithon/sanctum_of_the_wraithon/region/r.0.1.mca 
[30Aug2026 18:40:09.090] [Server thread/INFO] [org.merlin204.wraithon.util.DimensionResourceCopier/]: 御剑凌虚： 从 wraithon/sanctum_of_the_wraithon/region/r.0.0.mca 复制到 /workspaces/RETRIEVAL-WATERCLIP/servidor_minecraft/world/dimensions/wraithon/sanctum_of_the_wraithon/region/r.0.0.mca 
[30Aug2026 18:40:09.091] [Server thread/INFO] [org.merlin204.wraithon.util.DimensionResourceCopier/]: 御剑凌虚： 从 wraithon/sanctum_of_the_wraithon/region/r.0.-9.mca 复制到 /workspaces/RETRIEVAL-WATERCLIP/servidor_minecraft/world/dimensions/wraithon/sanctum_of_the_wraithon/region/r.0.-9.mca 
[30Aug2026 18:40:09.091] [Server thread/INFO] [org.merlin204.wraithon.util.DimensionResourceCopier/]: 御剑凌虚： 从 wraithon/sanctum_of_the_wraithon/region/r.0.-8.mca 复制到 /workspaces/RETRIEVAL-WATERCLIP/servidor_minecraft/world/dimensions/wraithon/sanctum_of_the_wraithon/region/r.0.-8.mca 
[30Aug2026 18:40:09.091] [Server thread/INFO] [org.merlin204.wraithon.util.DimensionResourceCopier/]: 御剑凌虚： 从 wraithon/sanctum_of_the_wraithon/region/r.0.-7.mca 复制到 /workspaces/RETRIEVAL-WATERCLIP/servidor_minecraft/world/dimensions/wraithon/sanctum_of_the_wraithon/region/r.0.-7.mca 
[30Aug2026 18:40:09.092] [Server thread/INFO] [org.merlin204.wraithon.util.DimensionResourceCopier/]: 御剑凌虚： 从 wraithon/sanctum_of_the_wraithon/region/r.0.-6.mca 复制到 /workspaces/RETRIEVAL-WATERCLIP/servidor_minecraft/world/dimensions/wraithon/sanctum_of_the_wraithon/region/r.0.-6.mca 
[30Aug2026 18:40:09.092] [Server thread/INFO] [org.merlin204.wraithon.util.DimensionResourceCopier/]: 御剑凌虚： 从 wraithon/sanctum_of_the_wraithon/region/r.0.-5.mca 复制到 /workspaces/RETRIEVAL-WATERCLIP/servidor_minecraft/world/dimensions/wraithon/sanctum_of_the_wraithon/region/r.0.-5.mca 
[30Aug2026 18:40:09.093] [Server thread/INFO] [org.merlin204.wraithon.util.DimensionResourceCopier/]: 御剑凌虚： 从 wraithon/sanctum_of_the_wraithon/region/r.0.-4.mca 复制到 /workspaces/RETRIEVAL-WATERCLIP/servidor_minecraft/world/dimensions/wraithon/sanctum_of_the_wraithon/region/r.0.-4.mca 
[30Aug2026 18:40:09.093] [Server thread/INFO] [org.merlin204.wraithon.util.DimensionResourceCopier/]: 御剑凌虚： 从 wraithon/sanctum_of_the_wraithon/region/r.0.-3.mca 复制到 /workspaces/RETRIEVAL-WATERCLIP/servidor_minecraft/world/dimensions/wraithon/sanctum_of_the_wraithon/region/r.0.-3.mca 
[30Aug2026 18:40:09.107] [Server thread/INFO] [org.merlin204.wraithon.util.DimensionResourceCopier/]: 御剑凌虚： 从 wraithon/sanctum_of_the_wraithon/region/r.0.-2.mca 复制到 /workspaces/RETRIEVAL-WATERCLIP/servidor_minecraft/world/dimensions/wraithon/sanctum_of_the_wraithon/region/r.0.-2.mca 
[30Aug2026 18:40:09.140] [Server thread/INFO] [org.merlin204.wraithon.util.DimensionResourceCopier/]: 御剑凌虚： 从 wraithon/sanctum_of_the_wraithon/region/r.0.-1.mca 复制到 /workspaces/RETRIEVAL-WATERCLIP/servidor_minecraft/world/dimensions/wraithon/sanctum_of_the_wraithon/region/r.0.-1.mca 
[30Aug2026 18:40:09.141] [Server thread/INFO] [org.merlin204.wraithon.util.DimensionResourceCopier/]: 御剑凌虚： 从 wraithon/sanctum_of_the_wraithon/region/r.-9.9.mca 复制到 /workspaces/RETRIEVAL-WATERCLIP/servidor_minecraft/world/dimensions/wraithon/sanctum_of_the_wraithon/region/r.-9.9.mca 
[30Aug2026 18:40:09.141] [Server thread/INFO] [org.merlin204.wraithon.util.DimensionResourceCopier/]: 御剑凌虚： 从 wraithon/sanctum_of_the_wraithon/region/r.-9.8.mca 复制到 /workspaces/RETRIEVAL-WATERCLIP/servidor_minecraft/world/dimensions/wraithon/sanctum_of_the_wraithon/region/r.-9.8.mca 
[30Aug2026 18:40:09.142] [Server thread/INFO] [org.merlin204.wraithon.util.DimensionResourceCopier/]: 御剑凌虚： 从 wraithon/sanctum_of_the_wraithon/region/r.-9.7.mca 复制到 /workspaces/RETRIEVAL-WATERCLIP/servidor_minecraft/world/dimensions/wraithon/sanctum_of_the_wraithon/region/r.-9.7.mca 
[30Aug2026 18:40:09.142] [Server thread/INFO] [org.merlin204.wraithon.util.DimensionResourceCopier/]: 御剑凌虚： 从 wraithon/sanctum_of_the_wraithon/region/r.-9.6.mca 复制到 /workspaces/RETRIEVAL-WATERCLIP/servidor_minecraft/world/dimensions/wraithon/sanctum_of_the_wraithon/region/r.-9.6.mca 
[30Aug2026 18:40:09.143] [Server thread/INFO] [org.merlin204.wraithon.util.DimensionResourceCopier/]: 御剑凌虚： 从 wraithon/sanctum_of_the_wraithon/region/r.-9.5.mca 复制到 /workspaces/RETRIEVAL-WATERCLIP/servidor_minecraft/world/dimensions/wraithon/sanctum_of_the_wraithon/region/r.-9.5.mca 
[30Aug2026 18:40:09.143] [Server thread/INFO] [org.merlin204.wraithon.util.DimensionResourceCopier/]: 御剑凌虚： 从 wraithon/sanctum_of_the_wraithon/region/r.-9.4.mca 复制到 /workspaces/RETRIEVAL-WATERCLIP/servidor_minecraft/world/dimensions/wraithon/sanctum_of_the_wraithon/region/r.-9.4.mca 
[30Aug2026 18:40:09.144] [Server thread/INFO] [org.merlin204.wraithon.util.DimensionResourceCopier/]: 御剑凌虚： 从 wraithon/sanctum_of_the_wraithon/region/r.-9.3.mca 复制到 /workspaces/RETRIEVAL-WATERCLIP/servidor_minecraft/world/dimensions/wraithon/sanctum_of_the_wraithon/region/r.-9.3.mca 
[30Aug2026 18:40:09.145] [Server thread/INFO] [org.merlin204.wraithon.util.DimensionResourceCopier/]: 御剑凌虚： 从 wraithon/sanctum_of_the_wraithon/region/r.-9.2.mca 复制到 /workspaces/RETRIEVAL-WATERCLIP/servidor_minecraft/world/dimensions/wraithon/sanctum_of_the_wraithon/region/r.-9.2.mca 
[30Aug2026 18:40:09.145] [Server thread/INFO] [org.merlin204.wraithon.util.DimensionResourceCopier/]: 御剑凌虚： 从 wraithon/sanctum_of_the_wraithon/region/r.-9.1.mca 复制到 /workspaces/RETRIEVAL-WATERCLIP/servidor_minecraft/world/dimensions/wraithon/sanctum_of_the_wraithon/region/r.-9.1.mca 
[30Aug2026 18:40:09.145] [Server thread/INFO] [org.merlin204.wraithon.util.DimensionResourceCopier/]: 御剑凌虚： 从 wraithon/sanctum_of_the_wraithon/region/r.-9.0.mca 复制到 /workspaces/RETRIEVAL-WATERCLIP/servidor_minecraft/world/dimensions/wraithon/sanctum_of_the_wraithon/region/r.-9.0.mca 
[30Aug2026 18:40:09.146] [Server thread/INFO] [org.merlin204.wraithon.util.DimensionResourceCopier/]: 御剑凌虚： 从 wraithon/sanctum_of_the_wraithon/region/r.-9.-9.mca 复制到 /workspaces/RETRIEVAL-WATERCLIP/servidor_minecraft/world/dimensions/wraithon/sanctum_of_the_wraithon/region/r.-9.-9.mca 
[30Aug2026 18:40:09.146] [Server thread/INFO] [org.merlin204.wraithon.util.DimensionResourceCopier/]: 御剑凌虚： 从 wraithon/sanctum_of_the_wraithon/region/r.-9.-8.mca 复制到 /workspaces/RETRIEVAL-WATERCLIP/servidor_minecraft/world/dimensions/wraithon/sanctum_of_the_wraithon/region/r.-9.-8.mca 
[30Aug2026 18:40:09.149] [Server thread/INFO] [org.merlin204.wraithon.util.DimensionResourceCopier/]: 御剑凌虚： 从 wraithon/sanctum_of_the_wraithon/region/r.-9.-7.mca 复制到 /workspaces/RETRIEVAL-WATERCLIP/servidor_minecraft/world/dimensions/wraithon/sanctum_of_the_wraithon/region/r.-9.-7.mca 
[30Aug2026 18:40:09.149] [Server thread/INFO] [org.merlin204.wraithon.util.DimensionResourceCopier/]: 御剑凌虚： 从 wraithon/sanctum_of_the_wraithon/region/r.-9.-6.mca 复制到 /workspaces/RETRIEVAL-WATERCLIP/servidor_minecraft/world/dimensions/wraithon/sanctum_of_the_wraithon/region/r.-9.-6.mca 
[30Aug2026 18:40:09.150] [Server thread/INFO] [org.merlin204.wraithon.util.DimensionResourceCopier/]: 御剑凌虚： 从 wraithon/sanctum_of_the_wraithon/region/r.-9.-5.mca 复制到 /workspaces/RETRIEVAL-WATERCLIP/servidor_minecraft/world/dimensions/wraithon/sanctum_of_the_wraithon/region/r.-9.-5.mca 
[30Aug2026 18:40:09.150] [Server thread/INFO] [org.merlin204.wraithon.util.DimensionResourceCopier/]: 御剑凌虚： 从 wraithon/sanctum_of_the_wraithon/region/r.-9.-4.mca 复制到 /workspaces/RETRIEVAL-WATERCLIP/servidor_minecraft/world/dimensions/wraithon/sanctum_of_the_wraithon/region/r.-9.-4.mca 
[30Aug2026 18:40:09.151] [Server thread/INFO] [org.merlin204.wraithon.util.DimensionResourceCopier/]: 御剑凌虚： 从 wraithon/sanctum_of_the_wraithon/region/r.-9.-3.mca 复制到 /workspaces/RETRIEVAL-WATERCLIP/servidor_minecraft/world/dimensions/wraithon/sanctum_of_the_wraithon/region/r.-9.-3.mca 
[30Aug2026 18:40:09.152] [Server thread/INFO] [org.merlin204.wraithon.util.DimensionResourceCopier/]: 御剑凌虚： 从 wraithon/sanctum_of_the_wraithon/region/r.-9.-2.mca 复制到 /workspaces/RETRIEVAL-WATERCLIP/servidor_minecraft/world/dimensions/wraithon/sanctum_of_the_wraithon/region/r.-9.-2.mca 
[30Aug2026 18:40:09.154] [Server thread/INFO] [org.merlin204.wraithon.util.DimensionResourceCopier/]: 御剑凌虚： 从 wraithon/sanctum_of_the_wraithon/region/r.-9.-1.mca 复制到 /workspaces/RETRIEVAL-WATERCLIP/servidor_minecraft/world/dimensions/wraithon/sanctum_of_the_wraithon/region/r.-9.-1.mca 
[30Aug2026 18:40:09.154] [Server thread/INFO] [org.merlin204.wraithon.util.DimensionResourceCopier/]: 御剑凌虚： 从 wraithon/sanctum_of_the_wraithon/region/r.-8.9.mca 复制到 /workspaces/RETRIEVAL-WATERCLIP/servidor_minecraft/world/dimensions/wraithon/sanctum_of_the_wraithon/region/r.-8.9.mca 
[30Aug2026 18:40:09.155] [Server thread/INFO] [org.merlin204.wraithon.util.DimensionResourceCopier/]: 御剑凌虚： 从 wraithon/sanctum_of_the_wraithon/region/r.-8.8.mca 复制到 /workspaces/RETRIEVAL-WATERCLIP/servidor_minecraft/world/dimensions/wraithon/sanctum_of_the_wraithon/region/r.-8.8.mca 
[30Aug2026 18:40:09.155] [Server thread/INFO] [org.merlin204.wraithon.util.DimensionResourceCopier/]: 御剑凌虚： 从 wraithon/sanctum_of_the_wraithon/region/r.-8.7.mca 复制到 /workspaces/RETRIEVAL-WATERCLIP/servidor_minecraft/world/dimensions/wraithon/sanctum_of_the_wraithon/region/r.-8.7.mca 
[30Aug2026 18:40:09.157] [Server thread/INFO] [org.merlin204.wraithon.util.DimensionResourceCopier/]: 御剑凌虚： 从 wraithon/sanctum_of_the_wraithon/region/r.-8.6.mca 复制到 /workspaces/RETRIEVAL-WATERCLIP/servidor_minecraft/world/dimensions/wraithon/sanctum_of_the_wraithon/region/r.-8.6.mca 
[30Aug2026 18:40:09.157] [Server thread/INFO] [org.merlin204.wraithon.util.DimensionResourceCopier/]: 御剑凌虚： 从 wraithon/sanctum_of_the_wraithon/region/r.-8.5.mca 复制到 /workspaces/RETRIEVAL-WATERCLIP/servidor_minecraft/world/dimensions/wraithon/sanctum_of_the_wraithon/region/r.-8.5.mca 
[30Aug2026 18:40:09.159] [Server thread/INFO] [org.merlin204.wraithon.util.DimensionResourceCopier/]: 御剑凌虚： 从 wraithon/sanctum_of_the_wraithon/region/r.-8.4.mca 复制到 /workspaces/RETRIEVAL-WATERCLIP/servidor_minecraft/world/dimensions/wraithon/sanctum_of_the_wraithon/region/r.-8.4.mca 
[30Aug2026 18:40:09.159] [Server thread/INFO] [org.merlin204.wraithon.util.DimensionResourceCopier/]: 御剑凌虚： 从 wraithon/sanctum_of_the_wraithon/region/r.-8.3.mca 复制到 /workspaces/RETRIEVAL-WATERCLIP/servidor_minecraft/world/dimensions/wraithon/sanctum_of_the_wraithon/region/r.-8.3.mca 
[30Aug2026 18:40:09.160] [Server thread/INFO] [org.merlin204.wraithon.util.DimensionResourceCopier/]: 御剑凌虚： 从 wraithon/sanctum_of_the_wraithon/region/r.-8.2.mca 复制到 /workspaces/RETRIEVAL-WATERCLIP/servidor_minecraft/world/dimensions/wraithon/sanctum_of_the_wraithon/region/r.-8.2.mca 
[30Aug2026 18:40:09.160] [Server thread/INFO] [org.merlin204.wraithon.util.DimensionResourceCopier/]: 御剑凌虚： 从 wraithon/sanctum_of_the_wraithon/region/r.-8.1.mca 复制到 /workspaces/RETRIEVAL-WATERCLIP/servidor_minecraft/world/dimensions/wraithon/sanctum_of_the_wraithon/region/r.-8.1.mca 
[30Aug2026 18:40:09.162] [Server thread/INFO] [org.merlin204.wraithon.util.DimensionResourceCopier/]: 御剑凌虚： 从 wraithon/sanctum_of_the_wraithon/region/r.-8.0.mca 复制到 /workspaces/RETRIEVAL-WATERCLIP/servidor_minecraft/world/dimensions/wraithon/sanctum_of_the_wraithon/region/r.-8.0.mca 
[30Aug2026 18:40:09.162] [Server thread/INFO] [org.merlin204.wraithon.util.DimensionResourceCopier/]: 御剑凌虚： 从 wraithon/sanctum_of_the_wraithon/region/r.-8.-9.mca 复制到 /workspaces/RETRIEVAL-WATERCLIP/servidor_minecraft/world/dimensions/wraithon/sanctum_of_the_wraithon/region/r.-8.-9.mca 
[30Aug2026 18:40:09.163] [Server thread/INFO] [org.merlin204.wraithon.util.DimensionResourceCopier/]: 御剑凌虚： 从 wraithon/sanctum_of_the_wraithon/region/r.-8.-8.mca 复制到 /workspaces/RETRIEVAL-WATERCLIP/servidor_minecraft/world/dimensions/wraithon/sanctum_of_the_wraithon/region/r.-8.-8.mca 
[30Aug2026 18:40:09.164] [Server thread/INFO] [org.merlin204.wraithon.util.DimensionResourceCopier/]: 御剑凌虚： 从 wraithon/sanctum_of_the_wraithon/region/r.-8.-7.mca 复制到 /workspaces/RETRIEVAL-WATERCLIP/servidor_minecraft/world/dimensions/wraithon/sanctum_of_the_wraithon/region/r.-8.-7.mca 
[30Aug2026 18:40:09.165] [Server thread/INFO] [org.merlin204.wraithon.util.DimensionResourceCopier/]: 御剑凌虚： 从 wraithon/sanctum_of_the_wraithon/region/r.-8.-6.mca 复制到 /workspaces/RETRIEVAL-WATERCLIP/servidor_minecraft/world/dimensions/wraithon/sanctum_of_the_wraithon/region/r.-8.-6.mca 
[30Aug2026 18:40:09.165] [Server thread/INFO] [org.merlin204.wraithon.util.DimensionResourceCopier/]: 御剑凌虚： 从 wraithon/sanctum_of_the_wraithon/region/r.-8.-5.mca 复制到 /workspaces/RETRIEVAL-WATERCLIP/servidor_minecraft/world/dimensions/wraithon/sanctum_of_the_wraithon/region/r.-8.-5.mca 
[30Aug2026 18:40:09.166] [Server thread/INFO] [org.merlin204.wraithon.util.DimensionResourceCopier/]: 御剑凌虚： 从 wraithon/sanctum_of_the_wraithon/region/r.-8.-4.mca 复制到 /workspaces/RETRIEVAL-WATERCLIP/servidor_minecraft/world/dimensions/wraithon/sanctum_of_the_wraithon/region/r.-8.-4.mca 
[30Aug2026 18:40:09.166] [Server thread/INFO] [org.merlin204.wraithon.util.DimensionResourceCopier/]: 御剑凌虚： 从 wraithon/sanctum_of_the_wraithon/region/r.-8.-3.mca 复制到 /workspaces/RETRIEVAL-WATERCLIP/servidor_minecraft/world/dimensions/wraithon/sanctum_of_the_wraithon/region/r.-8.-3.mca 
[30Aug2026 18:40:09.168] [Server thread/INFO] [org.merlin204.wraithon.util.DimensionResourceCopier/]: 御剑凌虚： 从 wraithon/sanctum_of_the_wraithon/region/r.-8.-2.mca 复制到 /workspaces/RETRIEVAL-WATERCLIP/servidor_minecraft/world/dimensions/wraithon/sanctum_of_the_wraithon/region/r.-8.-2.mca 
[30Aug2026 18:40:09.168] [Server thread/INFO] [org.merlin204.wraithon.util.DimensionResourceCopier/]: 御剑凌虚： 从 wraithon/sanctum_of_the_wraithon/region/r.-8.-1.mca 复制到 /workspaces/RETRIEVAL-WATERCLIP/servidor_minecraft/world/dimensions/wraithon/sanctum_of_the_wraithon/region/r.-8.-1.mca 
[30Aug2026 18:40:09.168] [Server thread/INFO] [org.merlin204.wraithon.util.DimensionResourceCopier/]: 御剑凌虚： 从 wraithon/sanctum_of_the_wraithon/region/r.-7.9.mca 复制到 /workspaces/RETRIEVAL-WATERCLIP/servidor_minecraft/world/dimensions/wraithon/sanctum_of_the_wraithon/region/r.-7.9.mca 
[30Aug2026 18:40:09.169] [Server thread/INFO] [org.merlin204.wraithon.util.DimensionResourceCopier/]: 御剑凌虚： 从 wraithon/sanctum_of_the_wraithon/region/r.-7.8.mca 复制到 /workspaces/RETRIEVAL-WATERCLIP/servidor_minecraft/world/dimensions/wraithon/sanctum_of_the_wraithon/region/r.-7.8.mca 
[30Aug2026 18:40:09.169] [Server thread/INFO] [org.merlin204.wraithon.util.DimensionResourceCopier/]: 御剑凌虚： 从 wraithon/sanctum_of_the_wraithon/region/r.-7.7.mca 复制到 /workspaces/RETRIEVAL-WATERCLIP/servidor_minecraft/world/dimensions/wraithon/sanctum_of_the_wraithon/region/r.-7.7.mca 
[30Aug2026 18:40:09.169] [Server thread/INFO] [org.merlin204.wraithon.util.DimensionResourceCopier/]: 御剑凌虚： 从 wraithon/sanctum_of_the_wraithon/region/r.-7.6.mca 复制到 /workspaces/RETRIEVAL-WATERCLIP/servidor_minecraft/world/dimensions/wraithon/sanctum_of_the_wraithon/region/r.-7.6.mca 
[30Aug2026 18:40:09.169] [Server thread/INFO] [org.merlin204.wraithon.util.DimensionResourceCopier/]: 御剑凌虚： 从 wraithon/sanctum_of_the_wraithon/region/r.-7.5.mca 复制到 /workspaces/RETRIEVAL-WATERCLIP/servidor_minecraft/world/dimensions/wraithon/sanctum_of_the_wraithon/region/r.-7.5.mca 
[30Aug2026 18:40:09.170] [Server thread/INFO] [org.merlin204.wraithon.util.DimensionResourceCopier/]: 御剑凌虚： 从 wraithon/sanctum_of_the_wraithon/region/r.-7.4.mca 复制到 /workspaces/RETRIEVAL-WATERCLIP/servidor_minecraft/world/dimensions/wraithon/sanctum_of_the_wraithon/region/r.-7.4.mca 
[30Aug2026 18:40:09.170] [Server thread/INFO] [org.merlin204.wraithon.util.DimensionResourceCopier/]: 御剑凌虚： 从 wraithon/sanctum_of_the_wraithon/region/r.-7.3.mca 复制到 /workspaces/RETRIEVAL-WATERCLIP/servidor_minecraft/world/dimensions/wraithon/sanctum_of_the_wraithon/region/r.-7.3.mca 
[30Aug2026 18:40:09.170] [Server thread/INFO] [org.merlin204.wraithon.util.DimensionResourceCopier/]: 御剑凌虚： 从 wraithon/sanctum_of_the_wraithon/region/r.-7.2.mca 复制到 /workspaces/RETRIEVAL-WATERCLIP/servidor_minecraft/world/dimensions/wraithon/sanctum_of_the_wraithon/region/r.-7.2.mca 
[30Aug2026 18:40:09.171] [Server thread/INFO] [org.merlin204.wraithon.util.DimensionResourceCopier/]: 御剑凌虚： 从 wraithon/sanctum_of_the_wraithon/region/r.-7.1.mca 复制到 /workspaces/RETRIEVAL-WATERCLIP/servidor_minecraft/world/dimensions/wraithon/sanctum_of_the_wraithon/region/r.-7.1.mca 
[30Aug2026 18:40:09.171] [Server thread/INFO] [org.merlin204.wraithon.util.DimensionResourceCopier/]: 御剑凌虚： 从 wraithon/sanctum_of_the_wraithon/region/r.-7.0.mca 复制到 /workspaces/RETRIEVAL-WATERCLIP/servidor_minecraft/world/dimensions/wraithon/sanctum_of_the_wraithon/region/r.-7.0.mca 
[30Aug2026 18:40:09.171] [Server thread/INFO] [org.merlin204.wraithon.util.DimensionResourceCopier/]: 御剑凌虚： 从 wraithon/sanctum_of_the_wraithon/region/r.-7.-9.mca 复制到 /workspaces/RETRIEVAL-WATERCLIP/servidor_minecraft/world/dimensions/wraithon/sanctum_of_the_wraithon/region/r.-7.-9.mca 
[30Aug2026 18:40:09.171] [Server thread/INFO] [org.merlin204.wraithon.util.DimensionResourceCopier/]: 御剑凌虚： 从 wraithon/sanctum_of_the_wraithon/region/r.-7.-8.mca 复制到 /workspaces/RETRIEVAL-WATERCLIP/servidor_minecraft/world/dimensions/wraithon/sanctum_of_the_wraithon/region/r.-7.-8.mca 
[30Aug2026 18:40:09.172] [Server thread/INFO] [org.merlin204.wraithon.util.DimensionResourceCopier/]: 御剑凌虚： 从 wraithon/sanctum_of_the_wraithon/region/r.-7.-7.mca 复制到 /workspaces/RETRIEVAL-WATERCLIP/servidor_minecraft/world/dimensions/wraithon/sanctum_of_the_wraithon/region/r.-7.-7.mca 
[30Aug2026 18:40:09.172] [Server thread/INFO] [org.merlin204.wraithon.util.DimensionResourceCopier/]: 御剑凌虚： 从 wraithon/sanctum_of_the_wraithon/region/r.-7.-6.mca 复制到 /workspaces/RETRIEVAL-WATERCLIP/servidor_minecraft/world/dimensions/wraithon/sanctum_of_the_wraithon/region/r.-7.-6.mca 
[30Aug2026 18:40:09.174] [Server thread/INFO] [org.merlin204.wraithon.util.DimensionResourceCopier/]: 御剑凌虚： 从 wraithon/sanctum_of_the_wraithon/region/r.-7.-5.mca 复制到 /workspaces/RETRIEVAL-WATERCLIP/servidor_minecraft/world/dimensions/wraithon/sanctum_of_the_wraithon/region/r.-7.-5.mca 
[30Aug2026 18:40:09.174] [Server thread/INFO] [org.merlin204.wraithon.util.DimensionResourceCopier/]: 御剑凌虚： 从 wraithon/sanctum_of_the_wraithon/region/r.-7.-4.mca 复制到 /workspaces/RETRIEVAL-WATERCLIP/servidor_minecraft/world/dimensions/wraithon/sanctum_of_the_wraithon/region/r.-7.-4.mca 
[30Aug2026 18:40:09.174] [Server thread/INFO] [org.merlin204.wraithon.util.DimensionResourceCopier/]: 御剑凌虚： 从 wraithon/sanctum_of_the_wraithon/region/r.-7.-3.mca 复制到 /workspaces/RETRIEVAL-WATERCLIP/servidor_minecraft/world/dimensions/wraithon/sanctum_of_the_wraithon/region/r.-7.-3.mca 
[30Aug2026 18:40:09.175] [Server thread/INFO] [org.merlin204.wraithon.util.DimensionResourceCopier/]: 御剑凌虚： 从 wraithon/sanctum_of_the_wraithon/region/r.-7.-2.mca 复制到 /workspaces/RETRIEVAL-WATERCLIP/servidor_minecraft/world/dimensions/wraithon/sanctum_of_the_wraithon/region/r.-7.-2.mca 
[30Aug2026 18:40:09.175] [Server thread/INFO] [org.merlin204.wraithon.util.DimensionResourceCopier/]: 御剑凌虚： 从 wraithon/sanctum_of_the_wraithon/region/r.-7.-1.mca 复制到 /workspaces/RETRIEVAL-WATERCLIP/servidor_minecraft/world/dimensions/wraithon/sanctum_of_the_wraithon/region/r.-7.-1.mca 
[30Aug2026 18:40:09.175] [Server thread/INFO] [org.merlin204.wraithon.util.DimensionResourceCopier/]: 御剑凌虚： 从 wraithon/sanctum_of_the_wraithon/region/r.-6.9.mca 复制到 /workspaces/RETRIEVAL-WATERCLIP/servidor_minecraft/world/dimensions/wraithon/sanctum_of_the_wraithon/region/r.-6.9.mca 
[30Aug2026 18:40:09.175] [Server thread/INFO] [org.merlin204.wraithon.util.DimensionResourceCopier/]: 御剑凌虚： 从 wraithon/sanctum_of_the_wraithon/region/r.-6.8.mca 复制到 /workspaces/RETRIEVAL-WATERCLIP/servidor_minecraft/world/dimensions/wraithon/sanctum_of_the_wraithon/region/r.-6.8.mca 
[30Aug2026 18:40:09.176] [Server thread/INFO] [org.merlin204.wraithon.util.DimensionResourceCopier/]: 御剑凌虚： 从 wraithon/sanctum_of_the_wraithon/region/r.-6.7.mca 复制到 /workspaces/RETRIEVAL-WATERCLIP/servidor_minecraft/world/dimensions/wraithon/sanctum_of_the_wraithon/region/r.-6.7.mca 
[30Aug2026 18:40:09.176] [Server thread/INFO] [org.merlin204.wraithon.util.DimensionResourceCopier/]: 御剑凌虚： 从 wraithon/sanctum_of_the_wraithon/region/r.-6.6.mca 复制到 /workspaces/RETRIEVAL-WATERCLIP/servidor_minecraft/world/dimensions/wraithon/sanctum_of_the_wraithon/region/r.-6.6.mca 
[30Aug2026 18:40:09.176] [Server thread/INFO] [org.merlin204.wraithon.util.DimensionResourceCopier/]: 御剑凌虚： 从 wraithon/sanctum_of_the_wraithon/region/r.-6.5.mca 复制到 /workspaces/RETRIEVAL-WATERCLIP/servidor_minecraft/world/dimensions/wraithon/sanctum_of_the_wraithon/region/r.-6.5.mca 
[30Aug2026 18:40:09.176] [Server thread/INFO] [org.merlin204.wraithon.util.DimensionResourceCopier/]: 御剑凌虚： 从 wraithon/sanctum_of_the_wraithon/region/r.-6.4.mca 复制到 /workspaces/RETRIEVAL-WATERCLIP/servidor_minecraft/world/dimensions/wraithon/sanctum_of_the_wraithon/region/r.-6.4.mca 
[30Aug2026 18:40:09.178] [Server thread/INFO] [org.merlin204.wraithon.util.DimensionResourceCopier/]: 御剑凌虚： 从 wraithon/sanctum_of_the_wraithon/region/r.-6.3.mca 复制到 /workspaces/RETRIEVAL-WATERCLIP/servidor_minecraft/world/dimensions/wraithon/sanctum_of_the_wraithon/region/r.-6.3.mca 
[30Aug2026 18:40:09.178] [Server thread/INFO] [org.merlin204.wraithon.util.DimensionResourceCopier/]: 御剑凌虚： 从 wraithon/sanctum_of_the_wraithon/region/r.-6.2.mca 复制到 /workspaces/RETRIEVAL-WATERCLIP/servidor_minecraft/world/dimensions/wraithon/sanctum_of_the_wraithon/region/r.-6.2.mca 
[30Aug2026 18:40:09.179] [Server thread/INFO] [org.merlin204.wraithon.util.DimensionResourceCopier/]: 御剑凌虚： 从 wraithon/sanctum_of_the_wraithon/region/r.-6.1.mca 复制到 /workspaces/RETRIEVAL-WATERCLIP/servidor_minecraft/world/dimensions/wraithon/sanctum_of_the_wraithon/region/r.-6.1.mca 
[30Aug2026 18:40:09.179] [Server thread/INFO] [org.merlin204.wraithon.util.DimensionResourceCopier/]: 御剑凌虚： 从 wraithon/sanctum_of_the_wraithon/region/r.-6.0.mca 复制到 /workspaces/RETRIEVAL-WATERCLIP/servidor_minecraft/world/dimensions/wraithon/sanctum_of_the_wraithon/region/r.-6.0.mca 
[30Aug2026 18:40:09.180] [Server thread/INFO] [org.merlin204.wraithon.util.DimensionResourceCopier/]: 御剑凌虚： 从 wraithon/sanctum_of_the_wraithon/region/r.-6.-9.mca 复制到 /workspaces/RETRIEVAL-WATERCLIP/servidor_minecraft/world/dimensions/wraithon/sanctum_of_the_wraithon/region/r.-6.-9.mca 
[30Aug2026 18:40:09.180] [Server thread/INFO] [org.merlin204.wraithon.util.DimensionResourceCopier/]: 御剑凌虚： 从 wraithon/sanctum_of_the_wraithon/region/r.-6.-8.mca 复制到 /workspaces/RETRIEVAL-WATERCLIP/servidor_minecraft/world/dimensions/wraithon/sanctum_of_the_wraithon/region/r.-6.-8.mca 
[30Aug2026 18:40:09.180] [Server thread/INFO] [org.merlin204.wraithon.util.DimensionResourceCopier/]: 御剑凌虚： 从 wraithon/sanctum_of_the_wraithon/region/r.-6.-7.mca 复制到 /workspaces/RETRIEVAL-WATERCLIP/servidor_minecraft/world/dimensions/wraithon/sanctum_of_the_wraithon/region/r.-6.-7.mca 
[30Aug2026 18:40:09.180] [Server thread/INFO] [org.merlin204.wraithon.util.DimensionResourceCopier/]: 御剑凌虚： 从 wraithon/sanctum_of_the_wraithon/region/r.-6.-6.mca 复制到 /workspaces/RETRIEVAL-WATERCLIP/servidor_minecraft/world/dimensions/wraithon/sanctum_of_the_wraithon/region/r.-6.-6.mca 
[30Aug2026 18:40:09.181] [Server thread/INFO] [org.merlin204.wraithon.util.DimensionResourceCopier/]: 御剑凌虚： 从 wraithon/sanctum_of_the_wraithon/region/r.-6.-5.mca 复制到 /workspaces/RETRIEVAL-WATERCLIP/servidor_minecraft/world/dimensions/wraithon/sanctum_of_the_wraithon/region/r.-6.-5.mca 
[30Aug2026 18:40:09.181] [Server thread/INFO] [org.merlin204.wraithon.util.DimensionResourceCopier/]: 御剑凌虚： 从 wraithon/sanctum_of_the_wraithon/region/r.-6.-4.mca 复制到 /workspaces/RETRIEVAL-WATERCLIP/servidor_minecraft/world/dimensions/wraithon/sanctum_of_the_wraithon/region/r.-6.-4.mca 
[30Aug2026 18:40:09.183] [Server thread/INFO] [org.merlin204.wraithon.util.DimensionResourceCopier/]: 御剑凌虚： 从 wraithon/sanctum_of_the_wraithon/region/r.-6.-3.mca 复制到 /workspaces/RETRIEVAL-WATERCLIP/servidor_minecraft/world/dimensions/wraithon/sanctum_of_the_wraithon/region/r.-6.-3.mca 
[30Aug2026 18:40:09.183] [Server thread/INFO] [org.merlin204.wraithon.util.DimensionResourceCopier/]: 御剑凌虚： 从 wraithon/sanctum_of_the_wraithon/region/r.-6.-2.mca 复制到 /workspaces/RETRIEVAL-WATERCLIP/servidor_minecraft/world/dimensions/wraithon/sanctum_of_the_wraithon/region/r.-6.-2.mca 
[30Aug2026 18:40:09.183] [Server thread/INFO] [org.merlin204.wraithon.util.DimensionResourceCopier/]: 御剑凌虚： 从 wraithon/sanctum_of_the_wraithon/region/r.-6.-1.mca 复制到 /workspaces/RETRIEVAL-WATERCLIP/servidor_minecraft/world/dimensions/wraithon/sanctum_of_the_wraithon/region/r.-6.-1.mca 
[30Aug2026 18:40:09.183] [Server thread/INFO] [org.merlin204.wraithon.util.DimensionResourceCopier/]: 御剑凌虚： 从 wraithon/sanctum_of_the_wraithon/region/r.-5.9.mca 复制到 /workspaces/RETRIEVAL-WATERCLIP/servidor_minecraft/world/dimensions/wraithon/sanctum_of_the_wraithon/region/r.-5.9.mca 
[30Aug2026 18:40:09.184] [Server thread/INFO] [org.merlin204.wraithon.util.DimensionResourceCopier/]: 御剑凌虚： 从 wraithon/sanctum_of_the_wraithon/region/r.-5.8.mca 复制到 /workspaces/RETRIEVAL-WATERCLIP/servidor_minecraft/world/dimensions/wraithon/sanctum_of_the_wraithon/region/r.-5.8.mca 
[30Aug2026 18:40:09.184] [Server thread/INFO] [org.merlin204.wraithon.util.DimensionResourceCopier/]: 御剑凌虚： 从 wraithon/sanctum_of_the_wraithon/region/r.-5.7.mca 复制到 /workspaces/RETRIEVAL-WATERCLIP/servidor_minecraft/world/dimensions/wraithon/sanctum_of_the_wraithon/region/r.-5.7.mca 
[30Aug2026 18:40:09.186] [Server thread/INFO] [org.merlin204.wraithon.util.DimensionResourceCopier/]: 御剑凌虚： 从 wraithon/sanctum_of_the_wraithon/region/r.-5.6.mca 复制到 /workspaces/RETRIEVAL-WATERCLIP/servidor_minecraft/world/dimensions/wraithon/sanctum_of_the_wraithon/region/r.-5.6.mca 
[30Aug2026 18:40:09.186] [Server thread/INFO] [org.merlin204.wraithon.util.DimensionResourceCopier/]: 御剑凌虚： 从 wraithon/sanctum_of_the_wraithon/region/r.-5.5.mca 复制到 /workspaces/RETRIEVAL-WATERCLIP/servidor_minecraft/world/dimensions/wraithon/sanctum_of_the_wraithon/region/r.-5.5.mca 
[30Aug2026 18:40:09.186] [Server thread/INFO] [org.merlin204.wraithon.util.DimensionResourceCopier/]: 御剑凌虚： 从 wraithon/sanctum_of_the_wraithon/region/r.-5.4.mca 复制到 /workspaces/RETRIEVAL-WATERCLIP/servidor_minecraft/world/dimensions/wraithon/sanctum_of_the_wraithon/region/r.-5.4.mca 
[30Aug2026 18:40:09.189] [Server thread/INFO] [org.merlin204.wraithon.util.DimensionResourceCopier/]: 御剑凌虚： 从 wraithon/sanctum_of_the_wraithon/region/r.-5.3.mca 复制到 /workspaces/RETRIEVAL-WATERCLIP/servidor_minecraft/world/dimensions/wraithon/sanctum_of_the_wraithon/region/r.-5.3.mca 
[30Aug2026 18:40:09.189] [Server thread/INFO] [org.merlin204.wraithon.util.DimensionResourceCopier/]: 御剑凌虚： 从 wraithon/sanctum_of_the_wraithon/region/r.-5.2.mca 复制到 /workspaces/RETRIEVAL-WATERCLIP/servidor_minecraft/world/dimensions/wraithon/sanctum_of_the_wraithon/region/r.-5.2.mca 
[30Aug2026 18:40:09.190] [Server thread/INFO] [org.merlin204.wraithon.util.DimensionResourceCopier/]: 御剑凌虚： 从 wraithon/sanctum_of_the_wraithon/region/r.-5.1.mca 复制到 /workspaces/RETRIEVAL-WATERCLIP/servidor_minecraft/world/dimensions/wraithon/sanctum_of_the_wraithon/region/r.-5.1.mca 
[30Aug2026 18:40:09.190] [Server thread/INFO] [org.merlin204.wraithon.util.DimensionResourceCopier/]: 御剑凌虚： 从 wraithon/sanctum_of_the_wraithon/region/r.-5.0.mca 复制到 /workspaces/RETRIEVAL-WATERCLIP/servidor_minecraft/world/dimensions/wraithon/sanctum_of_the_wraithon/region/r.-5.0.mca 
[30Aug2026 18:40:09.191] [Server thread/INFO] [org.merlin204.wraithon.util.DimensionResourceCopier/]: 御剑凌虚： 从 wraithon/sanctum_of_the_wraithon/region/r.-5.-9.mca 复制到 /workspaces/RETRIEVAL-WATERCLIP/servidor_minecraft/world/dimensions/wraithon/sanctum_of_the_wraithon/region/r.-5.-9.mca 
[30Aug2026 18:40:09.191] [Server thread/INFO] [org.merlin204.wraithon.util.DimensionResourceCopier/]: 御剑凌虚： 从 wraithon/sanctum_of_the_wraithon/region/r.-5.-8.mca 复制到 /workspaces/RETRIEVAL-WATERCLIP/servidor_minecraft/world/dimensions/wraithon/sanctum_of_the_wraithon/region/r.-5.-8.mca 
[30Aug2026 18:40:09.191] [Server thread/INFO] [org.merlin204.wraithon.util.DimensionResourceCopier/]: 御剑凌虚： 从 wraithon/sanctum_of_the_wraithon/region/r.-5.-7.mca 复制到 /workspaces/RETRIEVAL-WATERCLIP/servidor_minecraft/world/dimensions/wraithon/sanctum_of_the_wraithon/region/r.-5.-7.mca 
[30Aug2026 18:40:09.191] [Server thread/INFO] [org.merlin204.wraithon.util.DimensionResourceCopier/]: 御剑凌虚： 从 wraithon/sanctum_of_the_wraithon/region/r.-5.-6.mca 复制到 /workspaces/RETRIEVAL-WATERCLIP/servidor_minecraft/world/dimensions/wraithon/sanctum_of_the_wraithon/region/r.-5.-6.mca 
[30Aug2026 18:40:09.192] [Server thread/INFO] [org.merlin204.wraithon.util.DimensionResourceCopier/]: 御剑凌虚： 从 wraithon/sanctum_of_the_wraithon/region/r.-5.-5.mca 复制到 /workspaces/RETRIEVAL-WATERCLIP/servidor_minecraft/world/dimensions/wraithon/sanctum_of_the_wraithon/region/r.-5.-5.mca 
[30Aug2026 18:40:09.192] [Server thread/INFO] [org.merlin204.wraithon.util.DimensionResourceCopier/]: 御剑凌虚： 从 wraithon/sanctum_of_the_wraithon/region/r.-5.-4.mca 复制到 /workspaces/RETRIEVAL-WATERCLIP/servidor_minecraft/world/dimensions/wraithon/sanctum_of_the_wraithon/region/r.-5.-4.mca 
[30Aug2026 18:40:09.192] [Server thread/INFO] [org.merlin204.wraithon.util.DimensionResourceCopier/]: 御剑凌虚： 从 wraithon/sanctum_of_the_wraithon/region/r.-5.-3.mca 复制到 /workspaces/RETRIEVAL-WATERCLIP/servidor_minecraft/world/dimensions/wraithon/sanctum_of_the_wraithon/region/r.-5.-3.mca 
[30Aug2026 18:40:09.192] [Server thread/INFO] [org.merlin204.wraithon.util.DimensionResourceCopier/]: 御剑凌虚： 从 wraithon/sanctum_of_the_wraithon/region/r.-5.-2.mca 复制到 /workspaces/RETRIEVAL-WATERCLIP/servidor_minecraft/world/dimensions/wraithon/sanctum_of_the_wraithon/region/r.-5.-2.mca 
[30Aug2026 18:40:09.193] [Server thread/INFO] [org.merlin204.wraithon.util.DimensionResourceCopier/]: 御剑凌虚： 从 wraithon/sanctum_of_the_wraithon/region/r.-5.-1.mca 复制到 /workspaces/RETRIEVAL-WATERCLIP/servidor_minecraft/world/dimensions/wraithon/sanctum_of_the_wraithon/region/r.-5.-1.mca 
[30Aug2026 18:40:09.194] [Server thread/INFO] [org.merlin204.wraithon.util.DimensionResourceCopier/]: 御剑凌虚： 从 wraithon/sanctum_of_the_wraithon/region/r.-4.9.mca 复制到 /workspaces/RETRIEVAL-WATERCLIP/servidor_minecraft/world/dimensions/wraithon/sanctum_of_the_wraithon/region/r.-4.9.mca 
[30Aug2026 18:40:09.195] [Server thread/INFO] [org.merlin204.wraithon.util.DimensionResourceCopier/]: 御剑凌虚： 从 wraithon/sanctum_of_the_wraithon/region/r.-4.8.mca 复制到 /workspaces/RETRIEVAL-WATERCLIP/servidor_minecraft/world/dimensions/wraithon/sanctum_of_the_wraithon/region/r.-4.8.mca 
[30Aug2026 18:40:09.195] [Server thread/INFO] [org.merlin204.wraithon.util.DimensionResourceCopier/]: 御剑凌虚： 从 wraithon/sanctum_of_the_wraithon/region/r.-4.7.mca 复制到 /workspaces/RETRIEVAL-WATERCLIP/servidor_minecraft/world/dimensions/wraithon/sanctum_of_the_wraithon/region/r.-4.7.mca 
[30Aug2026 18:40:09.196] [Server thread/INFO] [org.merlin204.wraithon.util.DimensionResourceCopier/]: 御剑凌虚： 从 wraithon/sanctum_of_the_wraithon/region/r.-4.6.mca 复制到 /workspaces/RETRIEVAL-WATERCLIP/servidor_minecraft/world/dimensions/wraithon/sanctum_of_the_wraithon/region/r.-4.6.mca 
[30Aug2026 18:40:09.196] [Server thread/INFO] [org.merlin204.wraithon.util.DimensionResourceCopier/]: 御剑凌虚： 从 wraithon/sanctum_of_the_wraithon/region/r.-4.5.mca 复制到 /workspaces/RETRIEVAL-WATERCLIP/servidor_minecraft/world/dimensions/wraithon/sanctum_of_the_wraithon/region/r.-4.5.mca 
[30Aug2026 18:40:09.196] [Server thread/INFO] [org.merlin204.wraithon.util.DimensionResourceCopier/]: 御剑凌虚： 从 wraithon/sanctum_of_the_wraithon/region/r.-4.4.mca 复制到 /workspaces/RETRIEVAL-WATERCLIP/servidor_minecraft/world/dimensions/wraithon/sanctum_of_the_wraithon/region/r.-4.4.mca 
[30Aug2026 18:40:09.196] [Server thread/INFO] [org.merlin204.wraithon.util.DimensionResourceCopier/]: 御剑凌虚： 从 wraithon/sanctum_of_the_wraithon/region/r.-4.3.mca 复制到 /workspaces/RETRIEVAL-WATERCLIP/servidor_minecraft/world/dimensions/wraithon/sanctum_of_the_wraithon/region/r.-4.3.mca 
[30Aug2026 18:40:09.197] [Server thread/INFO] [org.merlin204.wraithon.util.DimensionResourceCopier/]: 御剑凌虚： 从 wraithon/sanctum_of_the_wraithon/region/r.-4.2.mca 复制到 /workspaces/RETRIEVAL-WATERCLIP/servidor_minecraft/world/dimensions/wraithon/sanctum_of_the_wraithon/region/r.-4.2.mca 
[30Aug2026 18:40:09.197] [Server thread/INFO] [org.merlin204.wraithon.util.DimensionResourceCopier/]: 御剑凌虚： 从 wraithon/sanctum_of_the_wraithon/region/r.-4.1.mca 复制到 /workspaces/RETRIEVAL-WATERCLIP/servidor_minecraft/world/dimensions/wraithon/sanctum_of_the_wraithon/region/r.-4.1.mca 
[30Aug2026 18:40:09.197] [Server thread/INFO] [org.merlin204.wraithon.util.DimensionResourceCopier/]: 御剑凌虚： 从 wraithon/sanctum_of_the_wraithon/region/r.-4.0.mca 复制到 /workspaces/RETRIEVAL-WATERCLIP/servidor_minecraft/world/dimensions/wraithon/sanctum_of_the_wraithon/region/r.-4.0.mca 
[30Aug2026 18:40:09.197] [Server thread/INFO] [org.merlin204.wraithon.util.DimensionResourceCopier/]: 御剑凌虚： 从 wraithon/sanctum_of_the_wraithon/region/r.-4.-9.mca 复制到 /workspaces/RETRIEVAL-WATERCLIP/servidor_minecraft/world/dimensions/wraithon/sanctum_of_the_wraithon/region/r.-4.-9.mca 
[30Aug2026 18:40:09.198] [Server thread/INFO] [org.merlin204.wraithon.util.DimensionResourceCopier/]: 御剑凌虚： 从 wraithon/sanctum_of_the_wraithon/region/r.-4.-8.mca 复制到 /workspaces/RETRIEVAL-WATERCLIP/servidor_minecraft/world/dimensions/wraithon/sanctum_of_the_wraithon/region/r.-4.-8.mca 
[30Aug2026 18:40:09.198] [Server thread/INFO] [org.merlin204.wraithon.util.DimensionResourceCopier/]: 御剑凌虚： 从 wraithon/sanctum_of_the_wraithon/region/r.-4.-7.mca 复制到 /workspaces/RETRIEVAL-WATERCLIP/servidor_minecraft/world/dimensions/wraithon/sanctum_of_the_wraithon/region/r.-4.-7.mca 
[30Aug2026 18:40:09.200] [Server thread/INFO] [org.merlin204.wraithon.util.DimensionResourceCopier/]: 御剑凌虚： 从 wraithon/sanctum_of_the_wraithon/region/r.-4.-6.mca 复制到 /workspaces/RETRIEVAL-WATERCLIP/servidor_minecraft/world/dimensions/wraithon/sanctum_of_the_wraithon/region/r.-4.-6.mca 
[30Aug2026 18:40:09.200] [Server thread/INFO] [org.merlin204.wraithon.util.DimensionResourceCopier/]: 御剑凌虚： 从 wraithon/sanctum_of_the_wraithon/region/r.-4.-5.mca 复制到 /workspaces/RETRIEVAL-WATERCLIP/servidor_minecraft/world/dimensions/wraithon/sanctum_of_the_wraithon/region/r.-4.-5.mca 
[30Aug2026 18:40:09.201] [Server thread/INFO] [org.merlin204.wraithon.util.DimensionResourceCopier/]: 御剑凌虚： 从 wraithon/sanctum_of_the_wraithon/region/r.-4.-4.mca 复制到 /workspaces/RETRIEVAL-WATERCLIP/servidor_minecraft/world/dimensions/wraithon/sanctum_of_the_wraithon/region/r.-4.-4.mca 
[30Aug2026 18:40:09.202] [Server thread/INFO] [org.merlin204.wraithon.util.DimensionResourceCopier/]: 御剑凌虚： 从 wraithon/sanctum_of_the_wraithon/region/r.-4.-3.mca 复制到 /workspaces/RETRIEVAL-WATERCLIP/servidor_minecraft/world/dimensions/wraithon/sanctum_of_the_wraithon/region/r.-4.-3.mca 
[30Aug2026 18:40:09.202] [Server thread/INFO] [org.merlin204.wraithon.util.DimensionResourceCopier/]: 御剑凌虚： 从 wraithon/sanctum_of_the_wraithon/region/r.-4.-2.mca 复制到 /workspaces/RETRIEVAL-WATERCLIP/servidor_minecraft/world/dimensions/wraithon/sanctum_of_the_wraithon/region/r.-4.-2.mca 
[30Aug2026 18:40:09.202] [Server thread/INFO] [org.merlin204.wraithon.util.DimensionResourceCopier/]: 御剑凌虚： 从 wraithon/sanctum_of_the_wraithon/region/r.-4.-1.mca 复制到 /workspaces/RETRIEVAL-WATERCLIP/servidor_minecraft/world/dimensions/wraithon/sanctum_of_the_wraithon/region/r.-4.-1.mca 
[30Aug2026 18:40:09.203] [Server thread/INFO] [org.merlin204.wraithon.util.DimensionResourceCopier/]: 御剑凌虚： 从 wraithon/sanctum_of_the_wraithon/region/r.-3.9.mca 复制到 /workspaces/RETRIEVAL-WATERCLIP/servidor_minecraft/world/dimensions/wraithon/sanctum_of_the_wraithon/region/r.-3.9.mca 
[30Aug2026 18:40:09.203] [Server thread/INFO] [org.merlin204.wraithon.util.DimensionResourceCopier/]: 御剑凌虚： 从 wraithon/sanctum_of_the_wraithon/region/r.-3.8.mca 复制到 /workspaces/RETRIEVAL-WATERCLIP/servidor_minecraft/world/dimensions/wraithon/sanctum_of_the_wraithon/region/r.-3.8.mca 
[30Aug2026 18:40:09.204] [Server thread/INFO] [org.merlin204.wraithon.util.DimensionResourceCopier/]: 御剑凌虚： 从 wraithon/sanctum_of_the_wraithon/region/r.-3.7.mca 复制到 /workspaces/RETRIEVAL-WATERCLIP/servidor_minecraft/world/dimensions/wraithon/sanctum_of_the_wraithon/region/r.-3.7.mca 
[30Aug2026 18:40:09.204] [Server thread/INFO] [org.merlin204.wraithon.util.DimensionResourceCopier/]: 御剑凌虚： 从 wraithon/sanctum_of_the_wraithon/region/r.-3.6.mca 复制到 /workspaces/RETRIEVAL-WATERCLIP/servidor_minecraft/world/dimensions/wraithon/sanctum_of_the_wraithon/region/r.-3.6.mca 
[30Aug2026 18:40:09.206] [Server thread/INFO] [org.merlin204.wraithon.util.DimensionResourceCopier/]: 御剑凌虚： 从 wraithon/sanctum_of_the_wraithon/region/r.-3.5.mca 复制到 /workspaces/RETRIEVAL-WATERCLIP/servidor_minecraft/world/dimensions/wraithon/sanctum_of_the_wraithon/region/r.-3.5.mca 
[30Aug2026 18:40:09.206] [Server thread/INFO] [org.merlin204.wraithon.util.DimensionResourceCopier/]: 御剑凌虚： 从 wraithon/sanctum_of_the_wraithon/region/r.-3.4.mca 复制到 /workspaces/RETRIEVAL-WATERCLIP/servidor_minecraft/world/dimensions/wraithon/sanctum_of_the_wraithon/region/r.-3.4.mca 
[30Aug2026 18:40:09.207] [Server thread/INFO] [org.merlin204.wraithon.util.DimensionResourceCopier/]: 御剑凌虚： 从 wraithon/sanctum_of_the_wraithon/region/r.-3.3.mca 复制到 /workspaces/RETRIEVAL-WATERCLIP/servidor_minecraft/world/dimensions/wraithon/sanctum_of_the_wraithon/region/r.-3.3.mca 
[30Aug2026 18:40:09.207] [Server thread/INFO] [org.merlin204.wraithon.util.DimensionResourceCopier/]: 御剑凌虚： 从 wraithon/sanctum_of_the_wraithon/region/r.-3.2.mca 复制到 /workspaces/RETRIEVAL-WATERCLIP/servidor_minecraft/world/dimensions/wraithon/sanctum_of_the_wraithon/region/r.-3.2.mca 
[30Aug2026 18:40:09.208] [Server thread/INFO] [org.merlin204.wraithon.util.DimensionResourceCopier/]: 御剑凌虚： 从 wraithon/sanctum_of_the_wraithon/region/r.-3.1.mca 复制到 /workspaces/RETRIEVAL-WATERCLIP/servidor_minecraft/world/dimensions/wraithon/sanctum_of_the_wraithon/region/r.-3.1.mca 
[30Aug2026 18:40:09.208] [Server thread/INFO] [org.merlin204.wraithon.util.DimensionResourceCopier/]: 御剑凌虚： 从 wraithon/sanctum_of_the_wraithon/region/r.-3.0.mca 复制到 /workspaces/RETRIEVAL-WATERCLIP/servidor_minecraft/world/dimensions/wraithon/sanctum_of_the_wraithon/region/r.-3.0.mca 
[30Aug2026 18:40:09.208] [Server thread/INFO] [org.merlin204.wraithon.util.DimensionResourceCopier/]: 御剑凌虚： 从 wraithon/sanctum_of_the_wraithon/region/r.-3.-9.mca 复制到 /workspaces/RETRIEVAL-WATERCLIP/servidor_minecraft/world/dimensions/wraithon/sanctum_of_the_wraithon/region/r.-3.-9.mca 
[30Aug2026 18:40:09.209] [Server thread/INFO] [org.merlin204.wraithon.util.DimensionResourceCopier/]: 御剑凌虚： 从 wraithon/sanctum_of_the_wraithon/region/r.-3.-8.mca 复制到 /workspaces/RETRIEVAL-WATERCLIP/servidor_minecraft/world/dimensions/wraithon/sanctum_of_the_wraithon/region/r.-3.-8.mca 
[30Aug2026 18:40:09.209] [Server thread/INFO] [org.merlin204.wraithon.util.DimensionResourceCopier/]: 御剑凌虚： 从 wraithon/sanctum_of_the_wraithon/region/r.-3.-7.mca 复制到 /workspaces/RETRIEVAL-WATERCLIP/servidor_minecraft/world/dimensions/wraithon/sanctum_of_the_wraithon/region/r.-3.-7.mca 
[30Aug2026 18:40:09.209] [Server thread/INFO] [org.merlin204.wraithon.util.DimensionResourceCopier/]: 御剑凌虚： 从 wraithon/sanctum_of_the_wraithon/region/r.-3.-6.mca 复制到 /workspaces/RETRIEVAL-WATERCLIP/servidor_minecraft/world/dimensions/wraithon/sanctum_of_the_wraithon/region/r.-3.-6.mca 
[30Aug2026 18:40:09.209] [Server thread/INFO] [org.merlin204.wraithon.util.DimensionResourceCopier/]: 御剑凌虚： 从 wraithon/sanctum_of_the_wraithon/region/r.-3.-5.mca 复制到 /workspaces/RETRIEVAL-WATERCLIP/servidor_minecraft/world/dimensions/wraithon/sanctum_of_the_wraithon/region/r.-3.-5.mca 
[30Aug2026 18:40:09.210] [Server thread/INFO] [org.merlin204.wraithon.util.DimensionResourceCopier/]: 御剑凌虚： 从 wraithon/sanctum_of_the_wraithon/region/r.-3.-4.mca 复制到 /workspaces/RETRIEVAL-WATERCLIP/servidor_minecraft/world/dimensions/wraithon/sanctum_of_the_wraithon/region/r.-3.-4.mca 
[30Aug2026 18:40:09.211] [Server thread/INFO] [org.merlin204.wraithon.util.DimensionResourceCopier/]: 御剑凌虚： 从 wraithon/sanctum_of_the_wraithon/region/r.-3.-3.mca 复制到 /workspaces/RETRIEVAL-WATERCLIP/servidor_minecraft/world/dimensions/wraithon/sanctum_of_the_wraithon/region/r.-3.-3.mca 
[30Aug2026 18:40:09.212] [Server thread/INFO] [org.merlin204.wraithon.util.DimensionResourceCopier/]: 御剑凌虚： 从 wraithon/sanctum_of_the_wraithon/region/r.-3.-2.mca 复制到 /workspaces/RETRIEVAL-WATERCLIP/servidor_minecraft/world/dimensions/wraithon/sanctum_of_the_wraithon/region/r.-3.-2.mca 
[30Aug2026 18:40:09.212] [Server thread/INFO] [org.merlin204.wraithon.util.DimensionResourceCopier/]: 御剑凌虚： 从 wraithon/sanctum_of_the_wraithon/region/r.-3.-1.mca 复制到 /workspaces/RETRIEVAL-WATERCLIP/servidor_minecraft/world/dimensions/wraithon/sanctum_of_the_wraithon/region/r.-3.-1.mca 
[30Aug2026 18:40:09.213] [Server thread/INFO] [org.merlin204.wraithon.util.DimensionResourceCopier/]: 御剑凌虚： 从 wraithon/sanctum_of_the_wraithon/region/r.-2.9.mca 复制到 /workspaces/RETRIEVAL-WATERCLIP/servidor_minecraft/world/dimensions/wraithon/sanctum_of_the_wraithon/region/r.-2.9.mca 
[30Aug2026 18:40:09.213] [Server thread/INFO] [org.merlin204.wraithon.util.DimensionResourceCopier/]: 御剑凌虚： 从 wraithon/sanctum_of_the_wraithon/region/r.-2.8.mca 复制到 /workspaces/RETRIEVAL-WATERCLIP/servidor_minecraft/world/dimensions/wraithon/sanctum_of_the_wraithon/region/r.-2.8.mca 
[30Aug2026 18:40:09.213] [Server thread/INFO] [org.merlin204.wraithon.util.DimensionResourceCopier/]: 御剑凌虚： 从 wraithon/sanctum_of_the_wraithon/region/r.-2.7.mca 复制到 /workspaces/RETRIEVAL-WATERCLIP/servidor_minecraft/world/dimensions/wraithon/sanctum_of_the_wraithon/region/r.-2.7.mca 
[30Aug2026 18:40:09.213] [Server thread/INFO] [org.merlin204.wraithon.util.DimensionResourceCopier/]: 御剑凌虚： 从 wraithon/sanctum_of_the_wraithon/region/r.-2.6.mca 复制到 /workspaces/RETRIEVAL-WATERCLIP/servidor_minecraft/world/dimensions/wraithon/sanctum_of_the_wraithon/region/r.-2.6.mca 
[30Aug2026 18:40:09.214] [Server thread/INFO] [org.merlin204.wraithon.util.DimensionResourceCopier/]: 御剑凌虚： 从 wraithon/sanctum_of_the_wraithon/region/r.-2.5.mca 复制到 /workspaces/RETRIEVAL-WATERCLIP/servidor_minecraft/world/dimensions/wraithon/sanctum_of_the_wraithon/region/r.-2.5.mca 
[30Aug2026 18:40:09.214] [Server thread/INFO] [org.merlin204.wraithon.util.DimensionResourceCopier/]: 御剑凌虚： 从 wraithon/sanctum_of_the_wraithon/region/r.-2.4.mca 复制到 /workspaces/RETRIEVAL-WATERCLIP/servidor_minecraft/world/dimensions/wraithon/sanctum_of_the_wraithon/region/r.-2.4.mca 
[30Aug2026 18:40:09.214] [Server thread/INFO] [org.merlin204.wraithon.util.DimensionResourceCopier/]: 御剑凌虚： 从 wraithon/sanctum_of_the_wraithon/region/r.-2.3.mca 复制到 /workspaces/RETRIEVAL-WATERCLIP/servidor_minecraft/world/dimensions/wraithon/sanctum_of_the_wraithon/region/r.-2.3.mca 
[30Aug2026 18:40:09.216] [Server thread/INFO] [org.merlin204.wraithon.util.DimensionResourceCopier/]: 御剑凌虚： 从 wraithon/sanctum_of_the_wraithon/region/r.-2.2.mca 复制到 /workspaces/RETRIEVAL-WATERCLIP/servidor_minecraft/world/dimensions/wraithon/sanctum_of_the_wraithon/region/r.-2.2.mca 
[30Aug2026 18:40:09.224] [Server thread/INFO] [org.merlin204.wraithon.util.DimensionResourceCopier/]: 御剑凌虚： 从 wraithon/sanctum_of_the_wraithon/region/r.-2.1.mca 复制到 /workspaces/RETRIEVAL-WATERCLIP/servidor_minecraft/world/dimensions/wraithon/sanctum_of_the_wraithon/region/r.-2.1.mca 
[30Aug2026 18:40:09.232] [Server thread/INFO] [org.merlin204.wraithon.util.DimensionResourceCopier/]: 御剑凌虚： 从 wraithon/sanctum_of_the_wraithon/region/r.-2.0.mca 复制到 /workspaces/RETRIEVAL-WATERCLIP/servidor_minecraft/world/dimensions/wraithon/sanctum_of_the_wraithon/region/r.-2.0.mca 
[30Aug2026 18:40:09.232] [Server thread/INFO] [org.merlin204.wraithon.util.DimensionResourceCopier/]: 御剑凌虚： 从 wraithon/sanctum_of_the_wraithon/region/r.-2.-9.mca 复制到 /workspaces/RETRIEVAL-WATERCLIP/servidor_minecraft/world/dimensions/wraithon/sanctum_of_the_wraithon/region/r.-2.-9.mca 
[30Aug2026 18:40:09.233] [Server thread/INFO] [org.merlin204.wraithon.util.DimensionResourceCopier/]: 御剑凌虚： 从 wraithon/sanctum_of_the_wraithon/region/r.-2.-8.mca 复制到 /workspaces/RETRIEVAL-WATERCLIP/servidor_minecraft/world/dimensions/wraithon/sanctum_of_the_wraithon/region/r.-2.-8.mca 
[30Aug2026 18:40:09.233] [Server thread/INFO] [org.merlin204.wraithon.util.DimensionResourceCopier/]: 御剑凌虚： 从 wraithon/sanctum_of_the_wraithon/region/r.-2.-7.mca 复制到 /workspaces/RETRIEVAL-WATERCLIP/servidor_minecraft/world/dimensions/wraithon/sanctum_of_the_wraithon/region/r.-2.-7.mca 
[30Aug2026 18:40:09.234] [Server thread/INFO] [org.merlin204.wraithon.util.DimensionResourceCopier/]: 御剑凌虚： 从 wraithon/sanctum_of_the_wraithon/region/r.-2.-6.mca 复制到 /workspaces/RETRIEVAL-WATERCLIP/servidor_minecraft/world/dimensions/wraithon/sanctum_of_the_wraithon/region/r.-2.-6.mca 
[30Aug2026 18:40:09.235] [Server thread/INFO] [org.merlin204.wraithon.util.DimensionResourceCopier/]: 御剑凌虚： 从 wraithon/sanctum_of_the_wraithon/region/r.-2.-5.mca 复制到 /workspaces/RETRIEVAL-WATERCLIP/servidor_minecraft/world/dimensions/wraithon/sanctum_of_the_wraithon/region/r.-2.-5.mca 
[30Aug2026 18:40:09.235] [Server thread/INFO] [org.merlin204.wraithon.util.DimensionResourceCopier/]: 御剑凌虚： 从 wraithon/sanctum_of_the_wraithon/region/r.-2.-4.mca 复制到 /workspaces/RETRIEVAL-WATERCLIP/servidor_minecraft/world/dimensions/wraithon/sanctum_of_the_wraithon/region/r.-2.-4.mca 
[30Aug2026 18:40:09.236] [Server thread/INFO] [org.merlin204.wraithon.util.DimensionResourceCopier/]: 御剑凌虚： 从 wraithon/sanctum_of_the_wraithon/region/r.-2.-3.mca 复制到 /workspaces/RETRIEVAL-WATERCLIP/servidor_minecraft/world/dimensions/wraithon/sanctum_of_the_wraithon/region/r.-2.-3.mca 
[30Aug2026 18:40:09.236] [Server thread/INFO] [org.merlin204.wraithon.util.DimensionResourceCopier/]: 御剑凌虚： 从 wraithon/sanctum_of_the_wraithon/region/r.-2.-2.mca 复制到 /workspaces/RETRIEVAL-WATERCLIP/servidor_minecraft/world/dimensions/wraithon/sanctum_of_the_wraithon/region/r.-2.-2.mca 
[30Aug2026 18:40:09.240] [Server thread/INFO] [org.merlin204.wraithon.util.DimensionResourceCopier/]: 御剑凌虚： 从 wraithon/sanctum_of_the_wraithon/region/r.-2.-1.mca 复制到 /workspaces/RETRIEVAL-WATERCLIP/servidor_minecraft/world/dimensions/wraithon/sanctum_of_the_wraithon/region/r.-2.-1.mca 
[30Aug2026 18:40:09.240] [Server thread/INFO] [org.merlin204.wraithon.util.DimensionResourceCopier/]: 御剑凌虚： 从 wraithon/sanctum_of_the_wraithon/region/r.-1.9.mca 复制到 /workspaces/RETRIEVAL-WATERCLIP/servidor_minecraft/world/dimensions/wraithon/sanctum_of_the_wraithon/region/r.-1.9.mca 
[30Aug2026 18:40:09.241] [Server thread/INFO] [org.merlin204.wraithon.util.DimensionResourceCopier/]: 御剑凌虚： 从 wraithon/sanctum_of_the_wraithon/region/r.-1.8.mca 复制到 /workspaces/RETRIEVAL-WATERCLIP/servidor_minecraft/world/dimensions/wraithon/sanctum_of_the_wraithon/region/r.-1.8.mca 
[30Aug2026 18:40:09.241] [Server thread/INFO] [org.merlin204.wraithon.util.DimensionResourceCopier/]: 御剑凌虚： 从 wraithon/sanctum_of_the_wraithon/region/r.-1.7.mca 复制到 /workspaces/RETRIEVAL-WATERCLIP/servidor_minecraft/world/dimensions/wraithon/sanctum_of_the_wraithon/region/r.-1.7.mca 
[30Aug2026 18:40:09.242] [Server thread/INFO] [org.merlin204.wraithon.util.DimensionResourceCopier/]: 御剑凌虚： 从 wraithon/sanctum_of_the_wraithon/region/r.-1.6.mca 复制到 /workspaces/RETRIEVAL-WATERCLIP/servidor_minecraft/world/dimensions/wraithon/sanctum_of_the_wraithon/region/r.-1.6.mca 
[30Aug2026 18:40:09.242] [Server thread/INFO] [org.merlin204.wraithon.util.DimensionResourceCopier/]: 御剑凌虚： 从 wraithon/sanctum_of_the_wraithon/region/r.-1.5.mca 复制到 /workspaces/RETRIEVAL-WATERCLIP/servidor_minecraft/world/dimensions/wraithon/sanctum_of_the_wraithon/region/r.-1.5.mca 
[30Aug2026 18:40:09.242] [Server thread/INFO] [org.merlin204.wraithon.util.DimensionResourceCopier/]: 御剑凌虚： 从 wraithon/sanctum_of_the_wraithon/region/r.-1.4.mca 复制到 /workspaces/RETRIEVAL-WATERCLIP/servidor_minecraft/world/dimensions/wraithon/sanctum_of_the_wraithon/region/r.-1.4.mca 
[30Aug2026 18:40:09.243] [Server thread/INFO] [org.merlin204.wraithon.util.DimensionResourceCopier/]: 御剑凌虚： 从 wraithon/sanctum_of_the_wraithon/region/r.-1.3.mca 复制到 /workspaces/RETRIEVAL-WATERCLIP/servidor_minecraft/world/dimensions/wraithon/sanctum_of_the_wraithon/region/r.-1.3.mca 
[30Aug2026 18:40:09.244] [Server thread/INFO] [org.merlin204.wraithon.util.DimensionResourceCopier/]: 御剑凌虚： 从 wraithon/sanctum_of_the_wraithon/region/r.-1.2.mca 复制到 /workspaces/RETRIEVAL-WATERCLIP/servidor_minecraft/world/dimensions/wraithon/sanctum_of_the_wraithon/region/r.-1.2.mca 
[30Aug2026 18:40:09.266] [Server thread/INFO] [org.merlin204.wraithon.util.DimensionResourceCopier/]: 御剑凌虚： 从 wraithon/sanctum_of_the_wraithon/region/r.-1.1.mca 复制到 /workspaces/RETRIEVAL-WATERCLIP/servidor_minecraft/world/dimensions/wraithon/sanctum_of_the_wraithon/region/r.-1.1.mca 
[30Aug2026 18:40:09.305] [Server thread/INFO] [org.merlin204.wraithon.util.DimensionResourceCopier/]: 御剑凌虚： 从 wraithon/sanctum_of_the_wraithon/region/r.-1.0.mca 复制到 /workspaces/RETRIEVAL-WATERCLIP/servidor_minecraft/world/dimensions/wraithon/sanctum_of_the_wraithon/region/r.-1.0.mca 
[30Aug2026 18:40:09.306] [Server thread/INFO] [org.merlin204.wraithon.util.DimensionResourceCopier/]: 御剑凌虚： 从 wraithon/sanctum_of_the_wraithon/region/r.-1.-9.mca 复制到 /workspaces/RETRIEVAL-WATERCLIP/servidor_minecraft/world/dimensions/wraithon/sanctum_of_the_wraithon/region/r.-1.-9.mca 
[30Aug2026 18:40:09.307] [Server thread/INFO] [org.merlin204.wraithon.util.DimensionResourceCopier/]: 御剑凌虚： 从 wraithon/sanctum_of_the_wraithon/region/r.-1.-8.mca 复制到 /workspaces/RETRIEVAL-WATERCLIP/servidor_minecraft/world/dimensions/wraithon/sanctum_of_the_wraithon/region/r.-1.-8.mca 
[30Aug2026 18:40:09.308] [Server thread/INFO] [org.merlin204.wraithon.util.DimensionResourceCopier/]: 御剑凌虚： 从 wraithon/sanctum_of_the_wraithon/region/r.-1.-7.mca 复制到 /workspaces/RETRIEVAL-WATERCLIP/servidor_minecraft/world/dimensions/wraithon/sanctum_of_the_wraithon/region/r.-1.-7.mca 
[30Aug2026 18:40:09.308] [Server thread/INFO] [org.merlin204.wraithon.util.DimensionResourceCopier/]: 御剑凌虚： 从 wraithon/sanctum_of_the_wraithon/region/r.-1.-6.mca 复制到 /workspaces/RETRIEVAL-WATERCLIP/servidor_minecraft/world/dimensions/wraithon/sanctum_of_the_wraithon/region/r.-1.-6.mca 
[30Aug2026 18:40:09.309] [Server thread/INFO] [org.merlin204.wraithon.util.DimensionResourceCopier/]: 御剑凌虚： 从 wraithon/sanctum_of_the_wraithon/region/r.-1.-5.mca 复制到 /workspaces/RETRIEVAL-WATERCLIP/servidor_minecraft/world/dimensions/wraithon/sanctum_of_the_wraithon/region/r.-1.-5.mca 
[30Aug2026 18:40:09.310] [Server thread/INFO] [org.merlin204.wraithon.util.DimensionResourceCopier/]: 御剑凌虚： 从 wraithon/sanctum_of_the_wraithon/region/r.-1.-4.mca 复制到 /workspaces/RETRIEVAL-WATERCLIP/servidor_minecraft/world/dimensions/wraithon/sanctum_of_the_wraithon/region/r.-1.-4.mca 
[30Aug2026 18:40:09.311] [Server thread/INFO] [org.merlin204.wraithon.util.DimensionResourceCopier/]: 御剑凌虚： 从 wraithon/sanctum_of_the_wraithon/region/r.-1.-3.mca 复制到 /workspaces/RETRIEVAL-WATERCLIP/servidor_minecraft/world/dimensions/wraithon/sanctum_of_the_wraithon/region/r.-1.-3.mca 
[30Aug2026 18:40:09.322] [Server thread/INFO] [org.merlin204.wraithon.util.DimensionResourceCopier/]: 御剑凌虚： 从 wraithon/sanctum_of_the_wraithon/region/r.-1.-2.mca 复制到 /workspaces/RETRIEVAL-WATERCLIP/servidor_minecraft/world/dimensions/wraithon/sanctum_of_the_wraithon/region/r.-1.-2.mca 
[30Aug2026 18:40:09.380] [Server thread/INFO] [org.merlin204.wraithon.util.DimensionResourceCopier/]: 御剑凌虚： 从 wraithon/sanctum_of_the_wraithon/region/r.-1.-1.mca 复制到 /workspaces/RETRIEVAL-WATERCLIP/servidor_minecraft/world/dimensions/wraithon/sanctum_of_the_wraithon/region/r.-1.-1.mca 
[30Aug2026 18:40:09.381] [Server thread/INFO] [org.merlin204.wraithon.util.DimensionResourceCopier/]: 御剑凌虚： 从 wraithon/sanctum_of_the_wraithon/data/raids.dat 复制到 /workspaces/RETRIEVAL-WATERCLIP/servidor_minecraft/world/dimensions/wraithon/sanctum_of_the_wraithon/data/raids.dat 
[30Aug2026 18:40:09.382] [Server thread/INFO] [org.merlin204.wraithon.util.DimensionResourceCopier/]: 御剑凌虚： 从 wraithon/sanctum_of_the_wraithon/data/capabilities.dat 复制到 /workspaces/RETRIEVAL-WATERCLIP/servidor_minecraft/world/dimensions/wraithon/sanctum_of_the_wraithon/data/capabilities.dat 
[30Aug2026 18:40:09.484] [Server thread/INFO] [org.merlin204.wraithon.util.DimensionResourceCopier/]: 御剑凌虚： 从 wraithon/sanctum_of_the_wraithon/data/DistantHorizons.sqlite 复制到 /workspaces/RETRIEVAL-WATERCLIP/servidor_minecraft/world/dimensions/wraithon/sanctum_of_the_wraithon/data/DistantHorizons.sqlite 
[30Aug2026 18:40:09.484] [Server thread/INFO] [org.merlin204.wraithon.util.DimensionResourceCopier/]: 御剑凌虚： /workspaces/RETRIEVAL-WATERCLIP/servidor_minecraft/world/dimensions/wraithon/sanctum_of_the_wraithon 复制完成。
[30Aug2026 18:40:09.498] [Server thread/INFO] [terrablender/]: Initialized TerraBlender biomes for level stem minecraft:the_nether
[30Aug2026 18:40:09.800] [Server thread/INFO] [terrablender/]: Initialized TerraBlender biomes for level stem minecraft:overworld
[30Aug2026 18:40:09.804] [Server thread/INFO] [net.jadenxgamer.elysium_api.Elysium/]: ElysiumBiomeSource successfully initialized for minecraft:overworld
[30Aug2026 18:40:09.805] [Server thread/INFO] [net.jadenxgamer.elysium_api.Elysium/]: ElysiumBiomeSource successfully initialized for minecraft:the_nether
[30Aug2026 18:40:09.806] [Server thread/INFO] [net.minecraft.server.dedicated.DedicatedServer/]: Preparing level "world"
[30Aug2026 18:40:13.970] [Server thread/WARN] [net.minecraft.network.syncher.SynchedEntityData/]: defineId called for: class net.minecraft.world.entity.vehicle.Boat from class com.dannbrown.deltaboxlib.common.content.entity.boat.BaseBoatEntity
[30Aug2026 18:40:14.068] [Server thread/WARN] [net.minecraft.network.syncher.SynchedEntityData/]: defineId called for: class com.cerbon.bosses_of_mass_destruction.entity.custom.obsidilith.ObsidilithEntity from class com.cerbon.bosses_of_mass_destruction.entity.custom.obsidilith.ObsidilithUtils
[30Aug2026 18:40:14.095] [Server thread/WARN] [net.minecraft.network.syncher.SynchedEntityData/]: defineId called for: class com.cerbon.bosses_of_mass_destruction.entity.util.BaseEntity from class com.cerbon.bosses_of_mass_destruction.entity.custom.void_blossom.hitbox.NetworkedHitboxManager
[30Aug2026 18:40:14.127] [Server thread/WARN] [net.minecraft.network.syncher.SynchedEntityData/]: defineId called for: class com.cerbon.bosses_of_mass_destruction.entity.custom.gauntlet.GauntletEntity from class com.cerbon.bosses_of_mass_destruction.projectile.PetalBladeProjectile
[30Aug2026 18:40:14.548] [Server thread/INFO] [voicechat/]: [voicechat] Successfully migrated config voicechat-server.toml
[30Aug2026 18:40:14.878] [Server thread/WARN] [com.structureessentials.StructureEssentials/]: Non-unique structure_set salt:0 potentially creating overlapping structures detected. Structure sets: [minecraft:mineshafts, minecraft:strongholds, minecraft:buried_treasures]
[30Aug2026 18:40:14.879] [Server thread/WARN] [com.structureessentials.StructureEssentials/]: Non-unique structure_set salt:100922847 potentially creating overlapping structures detected. Structure sets: [mns:medium_house, mns:medium_house_2]
[30Aug2026 18:40:14.879] [Server thread/WARN] [com.structureessentials.StructureEssentials/]: Non-unique structure_set salt:254835856 potentially creating overlapping structures detected. Structure sets: [awesomedungeonocean:brigantine, awesomedungeonocean:ocean_quad]
[30Aug2026 18:40:14.879] [Server thread/WARN] [com.structureessentials.StructureEssentials/]: Non-unique structure_set salt:10387313 potentially creating overlapping structures detected. Structure sets: [minecraft:ocean_monuments, minecraft:end_cities]
[30Aug2026 18:40:14.880] [Server thread/WARN] [com.structureessentials.StructureEssentials/]: Non-unique structure_set salt:784827271 potentially creating overlapping structures detected. Structure sets: [betterfortresses:fortress, betteroceanmonuments:ocean_monument]
[30Aug2026 18:40:14.880] [Server thread/WARN] [com.structureessentials.StructureEssentials/]: Non-unique structure_set salt:499672 potentially creating overlapping structures detected. Structure sets: [bosses_of_mass_destruction:obsidilith_arena, bosses_of_mass_destruction:gauntlet_arena]
[30Aug2026 18:40:14.880] [Server thread/WARN] [com.structureessentials.StructureEssentials/]: Non-unique structure_set salt:5792349 potentially creating overlapping structures detected. Structure sets: [legendary_monsters:ruined_pyramid, legendary_monsters:ancient_stronghold]
[30Aug2026 18:40:14.880] [Server thread/WARN] [com.structureessentials.StructureEssentials/]: Non-unique structure_set salt:45482856 potentially creating overlapping structures detected. Structure sets: [awesomedungeonocean:frigate_medium, awesomedungeonocean:ocean_warn_temple]
[30Aug2026 18:40:14.882] [Server thread/WARN] [com.structureessentials.StructureEssentials/]: Non-unique structure_set salt:35482856 potentially creating overlapping structures detected. Structure sets: [awesomedungeonocean:ocean_temple_quad, awesomedungeonocean:frigate_large]
[30Aug2026 18:40:14.883] [Server thread/INFO] [Ksyxis/MinecraftServerMixin/MOD_KSYXIS]: Ksyxis: Speeding up the world loading... Delete the mod, if it got stuck after this message. (net.minecraft.server.dedicated.DedicatedServer m_129940_)
[30Aug2026 18:40:14.883] [Server thread/INFO] [net.minecraft.server.MinecraftServer/]: Preparing start region for dimension minecraft:overworld
[30Aug2026 18:40:14.891] [Server thread/WARN] [mixin/]: Method overwrite conflict for removeIf in canary.mixins.json:world.chunk_tickets.SortedArraySetMixin from mod canary, previously written by org.embeddedt.modernfix.common.mixin.bugfix.paper_chunk_patches.SortedArraySetMixin. Skipping method.
[30Aug2026 18:40:22.932] [Server thread/INFO] [net.minecraft.server.level.progress.LoggerChunkProgressListener/]: Time elapsed: 8048 ms
[30Aug2026 18:40:22.933] [Server thread/INFO] [net.minecraft.server.dedicated.DedicatedServer/]: Done (16.154s)! For help, type "help"
[30Aug2026 18:40:23.416] [Server thread/INFO] [net.minecraftforge.server.permission.PermissionAPI/]: Successfully initialized permission handler forge:default_handler
[30Aug2026 18:40:23.431] [Server thread/INFO] [com.seaeater.mod.SeaEaterMod/]: Sea Eater Mod - Server Starting
[30Aug2026 18:40:23.477] [Server thread/INFO] [cz.maxtechnik.ntrials.NTrialsMod/]: NewTrials Server loading...
[30Aug2026 18:40:23.477] [Server thread/INFO] [co.basin.betterbosses.MultiplayerBosses/]: Multiplayer Bosses Initiated
[30Aug2026 18:40:23.478] [Server thread/INFO] [com.rajhab.morevanillashields_mod.morevanillashields/]: morevanillashields: This mod is now running on a server. Please report any error or bugs.
[30Aug2026 18:40:25.298] [Server thread/WARN] [AutoModpack/]: Certificate fingerprint: 8dc4288e6e250298d53fee6b8d5e6ef2e99dab23edd032623d11e5a3f837e8ce
[30Aug2026 18:40:25.299] [Server thread/INFO] [AutoModpack/]: Hosting modpack on Minecraft port
[30Aug2026 18:40:25.339] [Server thread/INFO] [com.chatbetter.ChatBetter/]: Chat Better server ready. Folder: /workspaces/RETRIEVAL-WATERCLIP/servidor_minecraft/Chat Better (attachments on, archive on)
[30Aug2026 18:40:25.341] [Server thread/INFO] [com.finderfeed.fdlib.FDLib/]: Loading FD configs...
[30Aug2026 18:40:25.342] [Server thread/INFO] [com.finderfeed.fdlib.FDLib/]: Loading config fdlib:test
[30Aug2026 18:40:25.343] [Server thread/INFO] [com.finderfeed.fdlib.FDLib/]: Loading config fdlib:fdlib_client
[30Aug2026 18:40:25.343] [Server thread/INFO] [com.finderfeed.fdlib.FDLib/]: Loaded FD configs.
[30Aug2026 18:40:25.392] [Server thread/WARN] [com.cupboard.Cupboard/]: Config smoothchunk.json not found, recreating default
[30Aug2026 18:40:25.395] [Server thread/INFO] [com.cupboard.Cupboard/]: Loaded config for: smoothchunk.json
[30Aug2026 18:40:25.395] [Server thread/WARN] [com.cupboard.Cupboard/]: Config connectivity.json not found, recreating default
[30Aug2026 18:40:25.397] [Server thread/INFO] [com.cupboard.Cupboard/]: Loaded config for: connectivity.json
[30Aug2026 18:40:25.426] [Server thread/INFO] [com.relimer.ironsrestrictions.IronsRestrictions/]: IRONS RESTRICTIONS RECIPE: irons_restrictions:fire_manuscript
[30Aug2026 18:40:25.430] [Server thread/INFO] [com.relimer.ironsrestrictions.IronsRestrictions/]: IRONS RESTRICTIONS RECIPE: irons_restrictions:ice_manuscript
[30Aug2026 18:40:25.433] [Server thread/INFO] [com.relimer.ironsrestrictions.IronsRestrictions/]: IRONS RESTRICTIONS RECIPE: irons_restrictions:lightning_manuscript
[30Aug2026 18:40:25.433] [Server thread/INFO] [com.relimer.ironsrestrictions.IronsRestrictions/]: IRONS RESTRICTIONS RECIPE: irons_restrictions:holy_manuscript
[30Aug2026 18:40:25.433] [Server thread/INFO] [com.relimer.ironsrestrictions.IronsRestrictions/]: IRONS RESTRICTIONS RECIPE: irons_restrictions:ender_manuscript
[30Aug2026 18:40:25.434] [Server thread/INFO] [com.relimer.ironsrestrictions.IronsRestrictions/]: IRONS RESTRICTIONS RECIPE: irons_restrictions:blood_manuscript
[30Aug2026 18:40:25.434] [Server thread/INFO] [com.relimer.ironsrestrictions.IronsRestrictions/]: IRONS RESTRICTIONS RECIPE: irons_restrictions:evocation_manuscript
[30Aug2026 18:40:25.434] [Server thread/INFO] [com.relimer.ironsrestrictions.IronsRestrictions/]: IRONS RESTRICTIONS RECIPE: irons_restrictions:nature_manuscript
[30Aug2026 18:40:25.434] [Server thread/INFO] [com.relimer.ironsrestrictions.IronsRestrictions/]: IRONS RESTRICTIONS RECIPE: irons_restrictions:wind_manuscript
[30Aug2026 18:40:25.435] [Server thread/INFO] [com.relimer.ironsrestrictions.IronsRestrictions/]: IRONS RESTRICTIONS RECIPE: irons_restrictions:annihilation_manuscript
[30Aug2026 18:40:25.453] [Server thread/WARN] [voicechat/]: [voicechat] Running in offline mode - Voice chat encryption is not secure!
[30Aug2026 18:40:25.485] [VoiceChatServerThread/INFO] [voicechat/]: [voicechat] Voice chat server started at port 24454
[30Aug2026 18:40:25.492] [Server thread/WARN] [ModernFix/]: Dedicated server took 181.39 seconds to load
[30Aug2026 18:40:35.454] [Worker-Main-1/INFO] [bettercaves/]: CREATING AND INIT'ING MASTER CONTROLLER...
[30Aug2026 18:40:37.167] [Worker-Main-1/INFO] [STDOUT/]: [earth.terrarium.botarium.common.energy.EnergyApi:finalizeBlockRegistration:39]: Finalizing energy block registration
[30Aug2026 18:40:37.169] [Worker-Main-1/INFO] [STDOUT/]: [earth.terrarium.botarium.common.fluid.FluidApi:finalizeBlockRegistration:42]: Finalizing fluid block registration
[30Aug2026 18:40:41.549] [Server thread/WARN] [net.minecraft.server.MinecraftServer/]: Can't keep up! Is the server overloaded? Running 16002ms or 320 ticks behind
[30Aug2026 18:40:43.456] [Server thread/INFO] [com.github.alexthe666.alexsmobs.AlexsMobs/]: Found Pupfish chunk at 1359 ~ -1088 after 46 tries
[30Aug2026 18:40:53.671] [Server thread/INFO] [net.minecraft.server.MinecraftServer/]: [Chunky] Task started in minecraft:overworld for the square region centered at 0, 0 with radius 500.
[30Aug2026 18:40:53.861] [IO-Worker-3/INFO] [net.minecraft.server.MinecraftServer/]: [Chunky] Task running for minecraft:overworld. Processed: 44 chunks (1.04%), ETA: 0:00:15, Rate: 275.0 cps, Current: 6, 0
[30Aug2026 18:40:55.096] [Server thread/INFO] [net.minecraft.server.MinecraftServer/]: [Chunky] Task running for minecraft:overworld. Processed: 202 chunks (4.78%), ETA: 0:00:27, Rate: 144.7 cps, Current: 2, 2
[30Aug2026 18:40:57.216] [Server thread/INFO] [net.minecraft.server.MinecraftServer/]: [Chunky] Task running for minecraft:overworld. Processed: 203 chunks (4.80%), ETA: 0:01:09, Rate: 57.7 cps, Current: 1, 2
[30Aug2026 18:41:00.363] [Server thread/INFO] [net.minecraft.server.MinecraftServer/]: [Chunky] Task running for minecraft:overworld. Processed: 205 chunks (4.85%), ETA: 0:02:10, Rate: 30.8 cps, Current: 2, 3
[30Aug2026 18:41:01.686] [Server thread/INFO] [net.minecraft.server.MinecraftServer/]: [Chunky] Task running for minecraft:overworld. Processed: 208 chunks (4.92%), ETA: 0:02:34, Rate: 26.0 cps, Current: 2, 6
[30Aug2026 18:41:02.727] [Server thread/INFO] [net.minecraft.server.MinecraftServer/]: [Chunky] Task running for minecraft:overworld. Processed: 212 chunks (5.02%), ETA: 0:02:50, Rate: 23.5 cps, Current: 2, 10
[30Aug2026 18:41:07.331] [Server thread/INFO] [net.minecraft.server.MinecraftServer/]: [Chunky] Task running for minecraft:overworld. Processed: 215 chunks (5.09%), ETA: 0:04:14, Rate: 15.8 cps, Current: 2, 11
[30Aug2026 18:41:10.202] [Server thread/INFO] [net.minecraft.server.MinecraftServer/]: [Chunky] Task running for minecraft:overworld. Processed: 217 chunks (5.14%), ETA: 0:05:04, Rate: 13.1 cps, Current: 3, 15
[30Aug2026 18:41:12.116] [Server thread/INFO] [net.minecraft.server.MinecraftServer/]: [Chunky] Task running for minecraft:overworld. Processed: 221 chunks (5.23%), ETA: 0:05:33, Rate: 12.0 cps, Current: 2, 12
[30Aug2026 18:41:14.143] [Server thread/INFO] [net.minecraft.server.MinecraftServer/]: [Chunky] Task running for minecraft:overworld. Processed: 225 chunks (5.33%), ETA: 0:06:03, Rate: 11.0 cps, Current: 1, 5
[30Aug2026 18:41:15.489] [Server thread/INFO] [net.minecraft.server.MinecraftServer/]: [Chunky] Task running for minecraft:overworld. Processed: 229 chunks (5.42%), ETA: 0:06:20, Rate: 10.5 cps, Current: 1, 9
[30Aug2026 18:41:16.844] [Server thread/INFO] [net.minecraft.server.MinecraftServer/]: [Chunky] Task running for minecraft:overworld. Processed: 232 chunks (5.49%), ETA: 0:06:38, Rate: 10.0 cps, Current: 1, 12
[30Aug2026 18:41:18.011] [Server thread/INFO] [net.minecraft.server.MinecraftServer/]: [Chunky] Task running for minecraft:overworld. Processed: 235 chunks (5.56%), ETA: 0:06:52, Rate: 9.7 cps, Current: 7, 15
[30Aug2026 18:41:19.403] [Server thread/INFO] [net.minecraft.server.MinecraftServer/]: [Chunky] Task running for minecraft:overworld. Processed: 238 chunks (5.63%), ETA: 0:07:10, Rate: 9.3 cps, Current: 10, 15
[30Aug2026 18:41:20.724] [Server thread/INFO] [net.minecraft.server.MinecraftServer/]: [Chunky] Task running for minecraft:overworld. Processed: 241 chunks (5.70%), ETA: 0:07:26, Rate: 8.9 cps, Current: 13, 15
[30Aug2026 18:41:24.453] [Server thread/INFO] [net.minecraft.server.MinecraftServer/]: [Chunky] Task running for minecraft:overworld. Processed: 246 chunks (5.82%), ETA: 0:43:15, Rate: 1.5 cps, Current: 2, 16
[30Aug2026 18:41:26.154] [Server thread/INFO] [net.minecraft.server.MinecraftServer/]: [Chunky] Task running for minecraft:overworld. Processed: 252 chunks (5.96%), ETA: 0:38:19, Rate: 1.7 cps, Current: 5, 16
[30Aug2026 18:41:27.604] [Server thread/INFO] [net.minecraft.server.MinecraftServer/]: [Chunky] Task running for minecraft:overworld. Processed: 254 chunks (6.01%), ETA: 0:36:03, Rate: 1.8 cps, Current: 1, 15
[30Aug2026 18:41:29.286] [Server thread/INFO] [net.minecraft.server.MinecraftServer/]: [Chunky] Task running for minecraft:overworld. Processed: 257 chunks (6.08%), ETA: 0:36:05, Rate: 1.8 cps, Current: 1, 18
[30Aug2026 18:41:30.741] [Server thread/INFO] [net.minecraft.server.MinecraftServer/]: [Chunky] Task running for minecraft:overworld. Processed: 263 chunks (6.22%), ETA: 0:34:15, Rate: 1.9 cps, Current: 7, 16
[30Aug2026 18:41:31.793] [Server thread/INFO] [net.minecraft.server.MinecraftServer/]: [Chunky] Task running for minecraft:overworld. Processed: 267 chunks (6.32%), ETA: 0:34:14, Rate: 1.9 cps, Current: 0, 9
[30Aug2026 18:41:32.874] [Server thread/INFO] [net.minecraft.server.MinecraftServer/]: [Chunky] Task running for minecraft:overworld. Processed: 271 chunks (6.41%), ETA: 0:29:31, Rate: 2.2 cps, Current: 0, 13
[30Aug2026 18:41:35.263] [Server thread/INFO] [net.minecraft.server.MinecraftServer/]: [Chunky] Task running for minecraft:overworld. Processed: 275 chunks (6.51%), ETA: 0:30:08, Rate: 2.2 cps, Current: 3, 19
[30Aug2026 18:41:39.954] [Server thread/INFO] [net.minecraft.server.MinecraftServer/]: [Chunky] Task running for minecraft:overworld. Processed: 278 chunks (6.58%), ETA: 0:31:34, Rate: 2.1 cps, Current: 4, 19
[30Aug2026 18:41:41.671] [Server thread/INFO] [DA.pingy.Pingy/]: [Pingy] Latency data cleared
[30Aug2026 18:41:41.674] [Chunky-minecraft:overworld Thread/INFO] [net.minecraft.server.MinecraftServer/]: [Chunky] Task stopped for minecraft:overworld.
[30Aug2026 18:41:41.714] [Server thread/INFO] [net.minecraft.server.MinecraftServer/]: Stopping server
[30Aug2026 18:41:41.722] [Server thread/INFO] [net.minecraft.server.MinecraftServer/]: Saving players
[30Aug2026 18:41:41.722] [Server thread/INFO] [net.minecraft.server.MinecraftServer/]: Saving worlds
[30Aug2026 18:42:10.721] [Server thread/INFO] [perf_tweaks/]: saving Redstone Optimization config
[30Aug2026 18:42:10.733] [Server thread/INFO] [net.minecraft.server.MinecraftServer/]: Saving chunks for level 'ServerLevel[world]'/minecraft:overworld
[30Aug2026 18:42:10.927] [Server thread/INFO] [net.minecraft.server.MinecraftServer/]: Saving chunks for level 'ServerLevel[world]'/minecraft:the_end
[30Aug2026 18:42:10.930] [Server thread/INFO] [net.minecraft.server.MinecraftServer/]: Saving chunks for level 'ServerLevel[world]'/ad_astra:mars
[30Aug2026 18:42:10.936] [Server thread/INFO] [net.minecraft.server.MinecraftServer/]: Saving chunks for level 'ServerLevel[world]'/ad_astra:mercury_orbit
[30Aug2026 18:42:10.941] [Server thread/INFO] [net.minecraft.server.MinecraftServer/]: Saving chunks for level 'ServerLevel[world]'/iss_ponder:spell_preview
[30Aug2026 18:42:10.942] [Server thread/INFO] [net.minecraft.server.MinecraftServer/]: Saving chunks for level 'ServerLevel[world]'/minecraft:the_nether
[30Aug2026 18:42:10.945] [Server thread/INFO] [net.minecraft.server.MinecraftServer/]: Saving chunks for level 'ServerLevel[world]'/ad_astra:venus_orbit
[30Aug2026 18:42:10.948] [Server thread/INFO] [net.minecraft.server.MinecraftServer/]: Saving chunks for level 'ServerLevel[world]'/ad_astra:earth_orbit
[30Aug2026 18:42:10.950] [Server thread/INFO] [net.minecraft.server.MinecraftServer/]: Saving chunks for level 'ServerLevel[world]'/ad_astra:moon_orbit
[30Aug2026 18:42:10.952] [Server thread/INFO] [net.minecraft.server.MinecraftServer/]: Saving chunks for level 'ServerLevel[world]'/ad_astra:glacio
[30Aug2026 18:42:10.953] [Server thread/INFO] [net.minecraft.server.MinecraftServer/]: Saving chunks for level 'ServerLevel[world]'/ad_astra:mars_orbit
[30Aug2026 18:42:10.954] [Server thread/INFO] [net.minecraft.server.MinecraftServer/]: Saving chunks for level 'ServerLevel[world]'/ad_astra:moon
[30Aug2026 18:42:10.958] [Server thread/INFO] [net.minecraft.server.MinecraftServer/]: Saving chunks for level 'ServerLevel[world]'/ad_astra:glacio_orbit
[30Aug2026 18:42:10.960] [Server thread/INFO] [net.minecraft.server.MinecraftServer/]: Saving chunks for level 'ServerLevel[world]'/epicfight_leonidas:rockwind_ruins
[30Aug2026 18:42:10.965] [Server thread/INFO] [net.minecraft.server.MinecraftServer/]: Saving chunks for level 'ServerLevel[world]'/wraithon:sanctum_of_the_wraithon
[30Aug2026 18:42:10.967] [Server thread/INFO] [net.minecraft.server.MinecraftServer/]: Saving chunks for level 'ServerLevel[world]'/ad_astra:venus
[30Aug2026 18:42:10.968] [Server thread/INFO] [net.minecraft.server.MinecraftServer/]: Saving chunks for level 'ServerLevel[world]'/ad_astra:mercury
[30Aug2026 18:42:10.968] [Server thread/INFO] [net.minecraft.server.MinecraftServer/]: Saving chunks for level 'ServerLevel[world]'/irons_spellbooks:pocket_dimension
[30Aug2026 18:42:10.970] [Server thread/INFO] [net.minecraft.server.MinecraftServer/]: Saving chunks for level 'ServerLevel[world]'/mimic:the_lethean_sea
[30Aug2026 18:42:11.246] [Server thread/INFO] [net.minecraft.server.MinecraftServer/]: ThreadedAnvilChunkStorage (world): All chunks are saved
[30Aug2026 18:42:11.246] [Server thread/INFO] [net.minecraft.server.MinecraftServer/]: ThreadedAnvilChunkStorage (DIM1): All chunks are saved
[30Aug2026 18:42:11.247] [Server thread/INFO] [net.minecraft.server.MinecraftServer/]: ThreadedAnvilChunkStorage (mars): All chunks are saved
[30Aug2026 18:42:11.247] [Server thread/INFO] [net.minecraft.server.MinecraftServer/]: ThreadedAnvilChunkStorage (mercury_orbit): All chunks are saved
[30Aug2026 18:42:11.247] [Server thread/INFO] [net.minecraft.server.MinecraftServer/]: ThreadedAnvilChunkStorage (spell_preview): All chunks are saved
[30Aug2026 18:42:11.247] [Server thread/INFO] [net.minecraft.server.MinecraftServer/]: ThreadedAnvilChunkStorage (DIM-1): All chunks are saved
[30Aug2026 18:42:11.247] [Server thread/INFO] [net.minecraft.server.MinecraftServer/]: ThreadedAnvilChunkStorage (venus_orbit): All chunks are saved
[30Aug2026 18:42:11.247] [Server thread/INFO] [net.minecraft.server.MinecraftServer/]: ThreadedAnvilChunkStorage (earth_orbit): All chunks are saved
[30Aug2026 18:42:11.247] [Server thread/INFO] [net.minecraft.server.MinecraftServer/]: ThreadedAnvilChunkStorage (moon_orbit): All chunks are saved
[30Aug2026 18:42:11.247] [Server thread/INFO] [net.minecraft.server.MinecraftServer/]: ThreadedAnvilChunkStorage (glacio): All chunks are saved
[30Aug2026 18:42:11.247] [Server thread/INFO] [net.minecraft.server.MinecraftServer/]: ThreadedAnvilChunkStorage (mars_orbit): All chunks are saved
[30Aug2026 18:42:11.248] [Server thread/INFO] [net.minecraft.server.MinecraftServer/]: ThreadedAnvilChunkStorage (moon): All chunks are saved
[30Aug2026 18:42:11.248] [Server thread/INFO] [net.minecraft.server.MinecraftServer/]: ThreadedAnvilChunkStorage (glacio_orbit): All chunks are saved
[30Aug2026 18:42:11.248] [Server thread/INFO] [net.minecraft.server.MinecraftServer/]: ThreadedAnvilChunkStorage (rockwind_ruins): All chunks are saved
[30Aug2026 18:42:11.248] [Server thread/INFO] [net.minecraft.server.MinecraftServer/]: ThreadedAnvilChunkStorage (sanctum_of_the_wraithon): All chunks are saved
[30Aug2026 18:42:11.248] [Server thread/INFO] [net.minecraft.server.MinecraftServer/]: ThreadedAnvilChunkStorage (venus): All chunks are saved
[30Aug2026 18:42:11.248] [Server thread/INFO] [net.minecraft.server.MinecraftServer/]: ThreadedAnvilChunkStorage (mercury): All chunks are saved
[30Aug2026 18:42:11.248] [Server thread/INFO] [net.minecraft.server.MinecraftServer/]: ThreadedAnvilChunkStorage (pocket_dimension): All chunks are saved
[30Aug2026 18:42:11.248] [Server thread/INFO] [net.minecraft.server.MinecraftServer/]: ThreadedAnvilChunkStorage (the_lethean_sea): All chunks are saved
[30Aug2026 18:42:11.248] [Server thread/INFO] [net.minecraft.server.MinecraftServer/]: ThreadedAnvilChunkStorage: All dimensions are saved
[30Aug2026 18:42:11.311] [Server thread/INFO] [Calio/]: Removing Dynamic Registries for: net.minecraft.server.dedicated.DedicatedServer@e91a827
